{
	"title": "Crew Of night City ",
	"description": "You must have at least 10 affinity with the gang you want to recruit members from. When you are at a fixer, use your cycle interact key to select the datapack group UI menu. After this, you need to select the datapack name for this in order to use the recruit button. Once selected, use your cycle interact key again to prompt up the recruit button. you can have up to 4 companions but you have to have 40 affinity to do so. You can mix Factions together.",



	"tag": "crews",
	"locked": false,
	"crypted": false,
	"new": true


}