{
    "name": "O",
    "tag": "O",
    "trigger": {
        "action": [{
                "name": "wait_for_trigger",
                "trigger": {
                    "name": "stat",
                    "score": 100,
                    "value": "Health"
                }
            }, {
                "channel": "sound",
                "datapack": "default",
                "name": "play_sound_file",
                "value": "ono.mp3",
                "volume": 100
            }
        ],
        "auto": {
            "name": "auto"
        },
        "requirement": [["auto"]]
    },
    "way": "world"
}
