{
	"name": "GangWar",
	"tag": "GangWar",
	"action": [{
			"name": "random_custom_score",
			"variable": "gangwar_event_score",
			"min": 10,
			"max": 15
		},
		{
			"name": "spawn_npc",
			"tag": "1",
			"spawnlevel": 45,
			"use_police_prevention_system": true,
			"group": "rival",
			"scriptlevel": 0,
			"appearance": "none",
			"create_group_if_not_exist": true,
			"source": "current_district_leader",
			"source_helper": "npc||current_star||faction||current_district_leader||current_subdistrict_leader||district_leader||subdistrict_leader||random||from_list||district_rival||subdistrict_rival||current_district_rival||current_subdistrict_rival",
			"source_gang": "faction_mox",
			"source_tag": "",
			"source_tag_helper": "Character.Judy||faction_mox||district_westbrook||NorthOaks",
			"source_list": ["Character.Judy"],
			"source_use_vip": false,
			"source_use_rival": true,
			"position": "poi",
			"position_helper": "at||relative_to_entity||node||player_look_at||poi||mappin||fasttravel||custom_place||custom_room",
			"position_change_helper": "Write 'current' in position_tag for get current node,mappin, fasttravel, custom_place or custom_room. \n For poi if you write 'current' in position_poi_district you will get the current district, \n if you write 'current in position_poi_subdistrict you will get the current subdistrict. \n also if you write 'random' in position_poi_subdistrict or position_poi_district, you will get an 'random' value",
			"position_range": 50,
			"position_lookatdistance": 0,
			"position_tag": "",
			"position_tag_helper": "judy01||playerhouse01||playerhouse_bed||",
			"position_way": "normal",
			"position_way_helper": "normal||behind||forward",
			"position_poi_district": "",
			"position_poi_subdistrict": "",
			"position_poi_is_for_car": false,
			"position_poi_from_position": true,
			"position_poi_use_location_tag": false,
			"position_poi_type": 77,
			"position_distance": 70,
			"position_house_way": "default",
			"position_house_way_helper": "default||enter||exit",
			"position_house_tag": "playerhouse01",
			"position_node_usegameplay": false,
			"x": 0,
			"y": 0,
			"z": 0,
			"amount": 1,
			"help": "This action will summon a custom npc with several custom parameter ",
			"helper": "This action will summon a custom npc with several custom parameter ",
			"helperTitle": "Entity : Spawn NPC",
			"context": [{
				"trigger": {
					"condition01": {
						"name": "auto"
					}
				},
				"requirement": [
					[
						"condition01"
					]
				],
				"prop": {
					"amount": {
						"type": "number",
						"text": "##amountnumber",
						"values": {
							"amountnumber": {
								"type": "score",
								"variable": "gangwar_event_score",
								"key": "Score"
							}
						}
					},
					"position_poi_type": {
						"type": "number",
						"text": "##numberrandom",
						"values": {
							"numberrandom": {
								"type": "random_number",
								"list": [77, 77]


							}
						}
					}
				}
			}]
		},
		{
			"name": "wait_second",
			"value": 3
		},
		{
			"name": "move_group_at_relative_position",
			"tag": "rival",
			"x": -2,
			"y": 1,
			"z": 0,
			"move": "Walk"
		},
		{
			"name": "wait_second",
			"value": 2
		},
		{
			"name": "spawn_npc",
			"tag": "2",
			"spawnlevel": 45,
			"use_police_prevention_system": true,
			"group": "lead",
			"scriptlevel": 0,
			"appearance": "none",
			"create_group_if_not_exist": true,
			"source": "current_district_leader",
			"source_helper": "npc||current_star||faction||current_district_leader||current_subdistrict_leader||district_leader||subdistrict_leader||random||from_list||district_rival||subdistrict_rival||current_district_rival||current_subdistrict_rival",
			"source_gang": "faction_mox",
			"source_tag": "",
			"source_tag_helper": "Character.Judy||faction_mox||district_westbrook||NorthOaks",
			"source_list": ["Character.Judy"],
			"source_use_vip": false,
			"source_use_rival": false,
			"position": "relative_to_entity",
			"position_helper": "at||relative_to_entity||node||player_look_at||poi||mappin||fasttravel||custom_place||custom_room",
			"position_change_helper": "Write 'current' in position_tag for get current node,mappin, fasttravel, custom_place or custom_room. \n For poi if you write 'current' in position_poi_district you will get the current district, \n if you write 'current in position_poi_subdistrict you will get the current subdistrict. \n also if you write 'random' in position_poi_subdistrict or position_poi_district, you will get an 'random' value",
			"position_range": 90,
			"position_lookatdistance": 0,
			"position_tag": "1_2",
			"position_tag_helper": "judy01||playerhouse01||playerhouse_bed||",
			"position_way": "normal",
			"position_way_helper": "normal||behind||forward",
			"position_poi_district": "",
			"position_poi_subdistrict": "",
			"position_poi_is_for_car": false,
			"position_poi_from_position": false,
			"position_poi_use_location_tag": false,
			"position_poi_type": 2,
			"position_distance": 5,
			"position_house_way": "default",
			"position_house_way_helper": "default||enter||exit",
			"position_house_tag": "playerhouse01",
			"position_node_usegameplay": false,
			"x": 3,
			"y": -3,
			"z": 0,
			"amount": 1,
			"help": "This action will summon a custom npc with several custom parameter ",
			"helper": "This action will summon a custom npc with several custom parameter ",
			"helperTitle": "Entity : Spawn NPC",
			"context": [{
				"trigger": {
					"condition01": {
						"name": "auto"
					}
				},
				"requirement": [
					[
						"condition01"
					]
				],
				"prop": {
					"amount": {
						"type": "number",
						"text": "##amountnumber",
						"values": {
							"amountnumber": {
								"type": "score",
								"variable": "gangwar_event_score",
								"key": "Score"
							}
						}
					}
				}
			}]
		},
		{
			"name": "wait_second",
			"value": 2
		},
		{
			"name": "move_group_at_relative_position",
			"tag": "rival",
			"x": 1,
			"y": -1,
			"z": 0,
			"move": "Sprint"
		},
		{
			"name": "wait_second",
			"value": 1
		},
		{
			"name": "move_group_at_relative_position",
			"tag": "lead",
			"x": -1,
			"y": 1,
			"z": 0,
			"move": "Sprint"
		},
		{
			"name": "wait_second",
			"value": 4
		},
		{
			"name": "look_at_entity_group",
			"tag": "rival",
			"entity": "2_1"
		},
		{
			"name": "look_at_entity_group",
			"tag": "lead",
			"entity": "1_1"
		},
		{
			"name": "wait_second",
			"value": 2
		},
		{
			"name": "attitude_group_against_group",
			"attitude": "hostile",
			"tag": "rival",
			"attitudegroup": "nid_01_Lizzies",
			"attitudegrouptarget": "tygerClaws",
			"target": "lead"
		},
		{
			"name": "attitude_group_against_group",
			"attitude": "hostile",
			"tag": "lead",
			"attitudegroup": "tygerClaws",
			"attitudegrouptarget": "nid_01_Lizzies",
			"target": "rival"
		},
		{
			"name": "wait_second",
			"value": 0.5
		},
		{
			"name": "if",
			"trigger": {
				"name": "entity_in_faction",
				"tag": "1_1",
				"faction": "faction_mox",
				"context": [{
					"trigger": {
						"condition01": {
							"name": "auto"
						}
					},
					"requirement": [
						[
							"condition01"
						]
					],
					"prop": {
						"faction": {
							"text": "##playerfaction",
							"type": "text",
							"values": {
								"factionname": {
									"type": "variable",
									"variable": "player",
									"key": "current_gang"
								},
								"playerfaction": {
									"type": "faction",
									"tag": "faction_mox",
									"prop": "Tag",
									"replace": "tag",
									"context_value": "factionname"
								}
							}
						}
					}
				}]
			},
			"if_action": [{
				"name": "attitude_group_against_entity",
				"attitude": "friendly",
				"tag": "rival",
				"entity": "player"
			}, {
				"name": "attitude_group_against_entity",
				"attitude": "passive",
				"tag": "lead",
				"entity": "player"
			}],
			"else_action": [{
				"name": "if",
				"trigger": {
					"name": "entity_in_faction",
					"tag": "2_1",
					"faction": "faction_mox",
					"context": [{
						"trigger": {
							"condition01": {
								"name": "auto"
							}
						},
						"requirement": [
							[
								"condition01"
							]
						],
						"prop": {
							"faction": {
								"text": "##playerfaction",
								"type": "text",
								"values": {
									"factionname": {
										"type": "variable",
										"variable": "player",
										"key": "current_gang"
									},
									"playerfaction": {
										"type": "faction",
										"tag": "faction_mox",
										"prop": "Tag",
										"replace": "tag",
										"context_value": "factionname"
									}
								}
							}
						}
					}]
				},
				"if_action": [{
					"name": "attitude_group_against_entity",
					"attitude": "friendly",
					"tag": "lead",
					"entity": "player"
				}, {
					"name": "attitude_group_against_entity",
					"attitude": "passive",
					"tag": "rival",
					"entity": "player"
				}],
				"else_action": [{}]
			}]
		}, {
			"name": "wait_for_trigger",
			"trigger": {
				"name": "testFor",
				"triggers": [{
						"name": "killed_group",
						"tag": "rival"
					},
					{
						"name": "killed_group",
						"tag": "lead"
					}
				],
				"logic": "or",
				"helper": "This trigger will be triggered when all of the trigger are triggered by the logic you choose."
			}
		},
		{
			"name": "if",
			"trigger": {
				"name": "killed_group",
				"tag": "rival"
			},
			"if_action": [{
				"name": "add_leader_currentdistrict_score",
				"value": 30
			}],
			"else_action": [{
				"name": "remove_leader_currentdistrict_score",
				"value": 30
			}],
			"helper": "This action will check a trigger and execute IF actions if the trigger is OK or ELSE action if the trigger is not OK",
			"helperTitle": "Logic : If"
		},
		{
			"name": "wait_second",
			"value": 20
		},
		{
			"name": "despawn_group",
			"tag": "lead"
		},
		{
			"name": "wait_second",
			"value": 0.5
		},
		{
			"name": "despawn_group",
			"tag": "rival"
		},
		{
			"name": "wait_second",
			"value": 1
		},
		{
			"name": "remove_group",
			"tag": "lead"
		},
		{
			"name": "wait_second",
			"value": 0.6
		},
		{
			"name": "remove_group",
			"tag": "rival"
		}
	]
}