{
	"name": "kill_JPT_NS_SD_HEY",
	"tag": "kill_JPT_NS_SD_HEY",
	"action": [{
			"name": "random_custom_score",
			"variable": "kill_event_score",
			"min": 2,
			"max": 8
		},
		{
			"name": "set_mappin",
			"tag": "kill_pin",
			"typemap": "CustomPositionVariant",
			"wall": true,
			"active": true,
			"mapgroup": "kill_pin",
			"title": "Gang Activity",
			"desc": "Check it out",
			"position": "poi",
			"position_helper": "at||relative_to_entity||node||player_look_at||poi||mappin||fasttravel||custom_place||custom_room",
			"position_change_helper": "Write 'current' in position_tag for get current node,mappin, fasttravel, custom_place or custom_room. \n For poi if you write 'current' in position_poi_district you will get the current district, \n if you write 'current in position_poi_subdistrict you will get the current subdistrict. \n also if you write 'random' in position_poi_subdistrict or position_poi_district, you will get an 'random' value",
			"position_range": 50,
			"position_lookatdistance": 0,
			"position_tag": "",
			"position_tag_helper": "judy01||playerhouse01||playerhouse_bed||",
			"position_way": "normal",
			"position_way_helper": "normal||behind||forward",
			"position_poi_district": "current",
			"position_poi_subdistrict": "",
			"position_poi_is_for_car": false,
			"position_poi_from_position": false,
			"position_poi_use_location_tag": false,
			"position_poi_type": 77,
			"position_distance": 80,
			"position_house_way": "default",
			"position_house_way_helper": "default||enter||exit",
			"position_house_tag": "playerhouse01",
			"position_node_usegameplay": false,
			"x": 0,
			"y": 0,
			"z": 0,
			"context": [{
				"trigger": {
					"condition01": {
						"name": "auto"
					}
				},
				"requirement": [
					[
						"condition01"
					]
				],
				"prop": {
					"position_poi_type": {
						"type": "number",
						"text": "##numberrandom",
						"values": {
							"numberrandom": {
								"type": "random_number",
								"list": [77, 77]
							}
						}
					}
				}
			}]
		},
		{
			"name": "create_group",
			"tag": "encountergroup"
		},
		{
			"name": "wait_second",
			"value": 2
		},
		{
			"name": "spawn_npc",
			"tag": "1",
			"spawnlevel": 36,
			"use_police_prevention_system": true,
			"group": "encountergroup",
			"scriptlevel": 0,
			"appearance": "",
			"create_group_if_not_exist": false,
			"source": "current_district_leader",
			"source_helper": "npc||current_star||faction||current_district_leader||current_subdistrict_leader||district_leader||subdistrict_leader||random||from_list||district_rival||subdistrict_rival||current_district_rival||current_subdistrict_rival",
			"source_gang": "",
			"source_tag": "",
			"source_tag_helper": "Character.Judy||faction_mox||district_westbrook||NorthOaks",
			"source_list": ["Character.Judy"],
			"source_use_vip": false,
			"source_use_rival": true,
			"position": "mappin",
			"position_helper": "at||relative_to_entity||node||player_look_at||poi||mappin||fasttravel||custom_place||custom_room",
			"position_change_helper": "Write 'current' in position_tag for get current node,mappin, fasttravel, custom_place or custom_room. \n For poi if you write 'current' in position_poi_district you will get the current district, \n if you write 'current in position_poi_subdistrict you will get the current subdistrict. \n also if you write 'random' in position_poi_subdistrict or position_poi_district, you will get an 'random' value",
			"position_range": 50,
			"position_lookatdistance": 0,
			"position_tag": "kill_pin",
			"position_tag_helper": "judy01||playerhouse01||playerhouse_bed||",
			"position_way": "normal",
			"position_way_helper": "normal||behind||forward",
			"position_poi_district": "",
			"position_poi_subdistrict": "",
			"position_poi_is_for_car": false,
			"position_poi_from_position": false,
			"position_poi_use_location_tag": false,
			"position_poi_type": 1,
			"position_distance": 5,
			"position_house_way": "default",
			"position_house_way_helper": "default||enter||exit",
			"position_house_tag": "playerhouse01",
			"position_node_usegameplay": false,
			"x": 0,
			"y": 0,
			"z": 0,
			"amount": 1,
			"context": [{
				"trigger": {
					"condition01": {
						"name": "auto"
					}
				},
				"requirement": [
					[
						"condition01"
					]
				],
					"prop": {
					"amount": {
						"type": "number",
						"text": "##amountnumber",
						"values": {
							"amountnumber": {
								"type": "score",
								"variable": "kill_event_score",
								"key": "Score"
							}
						}
					}
				}
			}]
		},
		{
			"name": "wait_second",
			"value": 1
		},
		{
			"name": "wait_for_trigger",
			"trigger": {
				"name": "testFor",
				"triggers": [{
						"name": "compare",
						"trigger": {
							"name": "datapack_is_enabled",
							"tag": "Gangs of Night City"
						},
						"expected": true
					},
					{
						"name": "compare",
						"trigger": {
							"name": "datapack_is_enabled",
							"tag": "Gangs of Night City"
						},
						"expected": false
					}
				],
				"logic": "or"
			}
		},
		{
			"name": "if",
			"trigger": {
				"name": "testFor",
				"triggers": [{
						"name": "compare",
						"trigger": {
							"name": "datapack_is_enabled",
							"tag": "Gangs of Night City"
						},
						"expected": true
					},
					{
						"name": "compare",
						"trigger": {
							"name": "check_gang_relation",
							"tag": "player",
							"target": "1_1",
							"mode": "gang",
							"operator": "<=",
							"score": 10
						},
						"expected": true
					}
				],
				"logic": "and"
			},
			"if_action": [{
					"name": "attitude_group_against_entity",
					"tag": "encountergroup",
					"entity": "player",
					"attitude": "friendly"
				},
				{
					"name": "wait_for_trigger",
					"trigger": {
						"name": "entity_is_at_mappin_position",
						"tag": "kill_pin",
						"entity": "player",
						"range": 60
					}
				},
				{
					"name": "move",
					"tag": "encountergroup",
					"group": true,
					"move": "Walk",
					"position": "relative_to_entity",
					"position_helper": "at||relative_to_entity||node||player_look_at||poi||mappin||fasttravel||custom_place||custom_room",
					"position_change_helper": "Write 'current' in position_tag for get current node,mappin, fasttravel, custom_place or custom_room. \n For poi if you write 'current' in position_poi_district you will get the current district, \n if you write 'current in position_poi_subdistrict you will get the current subdistrict. \n also if you write 'random' in position_poi_subdistrict or position_poi_district, you will get an 'random' value",
					"position_range": 50,
					"position_lookatdistance": 0,
					"position_tag": "player",
					"position_tag_helper": "judy01||playerhouse01||playerhouse_bed||",
					"position_way": "normal",
					"position_way_helper": "normal||behind||forward",
					"position_poi_district": "",
					"position_poi_subdistrict": "",
					"position_poi_is_for_car": false,
					"position_poi_from_position": false,
					"position_poi_use_location_tag": false,
					"position_poi_type": 1,
					"position_distance": 5,
					"position_house_way": "default",
					"position_house_way_helper": "default||enter||exit",
					"position_house_tag": "playerhouse01",
					"position_node_usegameplay": false,
					"x": -2,
					"y": -2,
					"z": 0,
					"moveV2": true,
					"roll": 0,
					"pitch": 0,
					"yaw": 0,
					"distance": 0,
					"distancetolerance": 0,
					"ignorenavigation": false,
					"stoponobstacle": false,
					"outofway": false
				},
				{
					"name": "wait_for_trigger",
					"trigger": {
						"name": "entity_is_at_mappin_position",
						"tag": "kill_pin",
						"entity": "player",
						"range": 15
					}
				},
				{
					"name": "play_group_voice",
					"tag": "encountergroup",
					"voice": "greeting"
				},
				{
					"name": "wait_for_trigger",
					"trigger": {
						"name": "compare",
						"trigger": {
							"name": "entity_looked_is_gangfriendly"
						},
						"expected": true
					}
				},
				{
					"name": "random_subtitle",
					"title": [
						"You missed the fun",
						"Fun's over",
						"Look who decided to show up late to the party",
						"Hey,Friend!",
						"You're late to the party!"
					],
					"type": 1,
					"target": "player",
					"speaker": "Friendly",
					"duration": 3
				},
				{
					"name": "play_group_voice",
					"tag": "encountergroup",
					"voice": "greeting"
				},
				{
					"name": "move",
					"tag": "encountergroup",
					"group": true,
					"move": "Walk",
					"position": "relative_to_entity",
					"position_helper": "at||relative_to_entity||node||player_look_at||poi||mappin||fasttravel||custom_place||custom_room",
					"position_change_helper": "Write 'current' in position_tag for get current node,mappin, fasttravel, custom_place or custom_room. \n For poi if you write 'current' in position_poi_district you will get the current district, \n if you write 'current in position_poi_subdistrict you will get the current subdistrict. \n also if you write 'random' in position_poi_subdistrict or position_poi_district, you will get an 'random' value",
					"position_range": 50,
					"position_lookatdistance": 0,
					"position_tag": "player",
					"position_tag_helper": "judy01||playerhouse01||playerhouse_bed||",
					"position_way": "normal",
					"position_way_helper": "normal||behind||forward",
					"position_poi_district": "",
					"position_poi_subdistrict": "",
					"position_poi_is_for_car": false,
					"position_poi_from_position": false,
					"position_poi_use_location_tag": false,
					"position_poi_type": 1,
					"position_distance": 5,
					"position_house_way": "default",
					"position_house_way_helper": "default||enter||exit",
					"position_house_tag": "playerhouse01",
					"position_node_usegameplay": false,
					"x": 0,
					"y": 2,
					"z": 0,
					"moveV2": true,
					"roll": 0,
					"pitch": 0,
					"yaw": 0,
					"distance": 0,
					"distancetolerance": 0,
					"ignorenavigation": false,
					"stoponobstacle": false,
					"outofway": false
				},
				{
					"name": "wait_second",
					"value": 20
				},
				{
					"name": "delete_map_group",
					"mapgroup": "encountergroup"
				},
				{
					"name": "delete_map_group",
					"mapgroup": "killpingroup"
				},
				{
					"name": "delete_map_point",
					"tag": "kill_pin"
				},
				{
					"name": "despawn_group",
					"tag": "encountergroup"
				},
				{
					"name": "remove_group",
					"tag": "encountergroup"
				}
			],
			"else_action": [{
					"name": "attitude_group_against_entity",
					"tag": "encountergroup",
					"entity": "player",
					"attitude": "friendly"
				},
				{
					"name": "wait_for_trigger",
					"trigger": {
						"name": "entity_is_at_mappin_position",
						"tag": "kill_pin",
						"entity": "player",
						"range": 60
					}
				},
				{
					"name": "move",
					"tag": "encountergroup",
					"group": true,
					"move": "Walk",
					"position": "relative_to_entity",
					"position_helper": "at||relative_to_entity||node||player_look_at||poi||mappin||fasttravel||custom_place||custom_room",
					"position_change_helper": "Write 'current' in position_tag for get current node,mappin, fasttravel, custom_place or custom_room. \n For poi if you write 'current' in position_poi_district you will get the current district, \n if you write 'current in position_poi_subdistrict you will get the current subdistrict. \n also if you write 'random' in position_poi_subdistrict or position_poi_district, you will get an 'random' value",
					"position_range": 50,
					"position_lookatdistance": 0,
					"position_tag": "player",
					"position_tag_helper": "judy01||playerhouse01||playerhouse_bed||",
					"position_way": "normal",
					"position_way_helper": "normal||behind||forward",
					"position_poi_district": "",
					"position_poi_subdistrict": "",
					"position_poi_is_for_car": false,
					"position_poi_from_position": false,
					"position_poi_use_location_tag": false,
					"position_poi_type": 1,
					"position_distance": 5,
					"position_house_way": "default",
					"position_house_way_helper": "default||enter||exit",
					"position_house_tag": "playerhouse01",
					"position_node_usegameplay": false,
					"x": -2,
					"y": -2,
					"z": 0,
					"moveV2": true,
					"roll": 0,
					"pitch": 0,
					"yaw": 0,
					"distance": 0,
					"distancetolerance": 0,
					"ignorenavigation": false,
					"stoponobstacle": false,
					"outofway": false
				},
				{
					"name": "wait_for_trigger",
					"trigger": {
						"name": "entity_is_at_mappin_position",
						"tag": "kill_pin",
						"entity": "player",
						"range": 15
					}
				},
				{
					"name": "random_subtitle",
					"title": [
						"What's up, Pussy!",
						"Fuckin' Gonk!",
						"Bad time to be here!",
						"Hey, Fucko!",
						"Get Bent!",
						"Get 'em!",
						"Don't let them Find out!",
						"You don't wanna be here",
						"Stay the fuck away!"
					],
					"type": 1,
					"target": "player",
					"speaker": "Gang Member",
					"duration": 2
				},
				{
					"name": "play_group_voice",
					"tag": "encountergroup",
					"voice": "fear_run"
				},
				{
					"name": "move",
					"tag": "encountergroup",
					"group": true,
					"move": "Sprint",
					"position": "relative_to_entity",
					"position_helper": "at||relative_to_entity||node||player_look_at||poi||mappin||fasttravel||custom_place||custom_room",
					"position_change_helper": "Write 'current' in position_tag for get current node,mappin, fasttravel, custom_place or custom_room. \n For poi if you write 'current' in position_poi_district you will get the current district, \n if you write 'current in position_poi_subdistrict you will get the current subdistrict. \n also if you write 'random' in position_poi_subdistrict or position_poi_district, you will get an 'random' value",
					"position_range": 50,
					"position_lookatdistance": 0,
					"position_tag": "player",
					"position_tag_helper": "judy01||playerhouse01||playerhouse_bed||",
					"position_way": "normal",
					"position_way_helper": "normal||behind||forward",
					"position_poi_district": "",
					"position_poi_subdistrict": "",
					"position_poi_is_for_car": false,
					"position_poi_from_position": false,
					"position_poi_use_location_tag": false,
					"position_poi_type": 1,
					"position_distance": 5,
					"position_house_way": "default",
					"position_house_way_helper": "default||enter||exit",
					"position_house_tag": "playerhouse01",
					"position_node_usegameplay": false,
					"x": 0,
					"y": 1,
					"z": 0,
					"moveV2": true,
					"roll": 0,
					"pitch": 0,
					"yaw": 0,
					"distance": 0,
					"distancetolerance": 0,
					"ignorenavigation": false,
					"stoponobstacle": false,
					"outofway": false
				},
				{
					"name": "attitude_group_against_entity",
					"tag": "encountergroup",
					"entity": "player",
					"attitude": "hostile"
				},
				{
					"name": "wait_second",
					"value": 0.5
				},
				{
					"name": "wait_for_trigger",
					"trigger": {
						"name": "killed_group",
						"tag": "encountergroup"
					}
				},
				{
					"name": "wait_second",
					"value": 15
				},
				{
					"name": "delete_map_group",
					"mapgroup": "encountergroup"
				},
				{
					"name": "delete_map_group",
					"mapgroup": "killpingroup"
				},
				{
					"name": "delete_map_point",
					"tag": "kill_pin"
				},
				{
					"name": "despawn_group",
					"tag": "encountergroup"
				},
				{
					"name": "remove_group",
					"tag": "encountergroup"
				}
			]
		}
	]
}