{
	"name": "MaxTac Intervention",
	"tag": "maxtac010",
	"action": [{
		"name": "do_function",
		"value": "maxtac_gangmanager"
	}, {
		"name": "wait_second",
		"value": 2
	}, {
		"name": "create_group",
		"tag": "maxtacsquad"
	}, {
		"name": "spawn_vehicule_v2",
		"tag": "helicoTac",
		"spawnlevel": 36,
		"appearance": "",
		"spawn_system": 1,
		"scriptlevel": 0,
		"group": "",
		"create_group_if_not_exist": false,
		"source": "vehicle",
		"source_helper": "vehicle||faction||current_district_leader||current_subdistrict_leader||district_leader||subdistrict_leader||random||from_list||district_rival||subdistrict_rival||current_district_rival||current_subdistrict_rival",
		"source_tag": "Vehicle.av_militech_manticore",
		"source_gang": "",
		"source_list": ["Vehicle.cs_savable_archer_hella_police_siren"],
		"source_tag_helper": "Vehicle.cs_savable_archer_hella_police_siren||faction_mox||district_westbrook||NorthOaks",
		"source_use_rival": false,
		"position": "relative_to_entity",
		"position_helper": "at||relative_to_entity||node||player_look_at||poi||mappin||fasttravel||custom_place||custom_room",
		"position_change_helper": "Write 'current' in position_tag for get current node,mappin, fasttravel, custom_place or custom_room. \n For poi if you write 'current' in position_poi_district you will get the current district, \n if you write 'current in position_poi_subdistrict you will get the current subdistrict. \n also if you write 'random' in position_poi_subdistrict or position_poi_district, you will get an 'random' value",
		"position_range": 50,
		"position_lookatdistance": 0,
		"position_tag": "blue_1",
		"position_tag_helper": "judy01||playerhouse01||playerhouse_bed||",
		"position_way": "normal",
		"position_way_helper": "normal||behind||forward",
		"position_poi_district": "",
		"position_poi_subdistrict": "",
		"position_poi_is_for_car": false,
		"position_poi_from_position": false,
		"position_poi_use_location_tag": false,
		"position_poi_type": 1,
		"position_distance": 5,
		"position_house_way": "default",
		"position_house_way_helper": "default||enter||exit",
		"position_house_tag": "playerhouse01",
		"position_node_usegameplay": false,
		"x": -10,
		"y": -10,
		"z": 65,
		"amount": 1,
		"isAV": true,
		"appears_from_behind": true,
		"wait_for_vehicle": false

	}, {
		"name": "wait_second",
		"value": 2
	}, {
		"x": 0,
		"tag": "helicoTac",
		"y": 0,
		"rotation": 1,
		"name": "teleport_entity_at_relative_position",
		"z": -0.7
	}, {
		"name": "wait_second",
		"value": 0.5
	}, {
		"name": "for",
		"amount": 220,
		"action": [{
			"x": 0,
			"tag": "helicoTac",
			"y": 0,
			"rotation": 1,
			"name": "teleport_entity_at_relative_position",
			"z": -0.28
		}]
	}, {
		"name": "wait_second",
		"value": 1.5
	}, {
		"tag": "helicoTac",
		"value": "open",
		"helperTitle": "Vehicule : Change Doors State",
		"helper": "This action will change the state of doors (open/close/lock/unlock)",
		"name": "vehicle_change_doors"
	}, {
		"name": "wait_second",
		"value": 1.5
	}, {
		"name": "spawn_npc",
		"tag": "max01",
		"spawnlevel": 36,
		"use_police_prevention_system": true,
		"group": "maxtacsquad",
		"scriptlevel": 0,
		"appearance": "none",
		"create_group_if_not_exist": true,
		"source": "faction",
		"source_helper": "npc||current_star||faction||current_district_leader||current_subdistrict_leader||district_leader||subdistrict_leader||random||from_list||district_rival||subdistrict_rival||current_district_rival||current_subdistrict_rival",
		"source_gang": "faction_maxtac",
		"source_tag": "faction_maxtac",
		"source_tag_helper": "Character.Judy||faction_mox||district_westbrook||NorthOaks",
		"source_list": ["Character.Judy"],
		"source_use_vip": false,
		"source_use_rival": false,
		"position": "relative_to_entity",
		"position_helper": "at||relative_to_entity||node||player_look_at||poi||mappin||fasttravel||custom_place||custom_room",
		"position_change_helper": "Write 'current' in position_tag for get current node,mappin, fasttravel, custom_place or custom_room. \n For poi if you write 'current' in position_poi_district you will get the current district, \n if you write 'current in position_poi_subdistrict you will get the current subdistrict. \n also if you write 'random' in position_poi_subdistrict or position_poi_district, you will get an 'random' value",
		"position_range": 50,
		"position_lookatdistance": 0,
		"position_tag": "blue_1",
		"position_tag_helper": "judy01||playerhouse01||playerhouse_bed||",
		"position_way": "normal",
		"position_way_helper": "normal||behind||forward",
		"position_poi_district": "",
		"position_poi_subdistrict": "",
		"position_poi_is_for_car": false,
		"position_poi_from_position": false,
		"position_poi_use_location_tag": false,
		"position_poi_type": 1,
		"position_distance": 5,
		"position_house_way": "default",
		"position_house_way_helper": "default||enter||exit",
		"position_house_tag": "playerhouse01",
		"position_node_usegameplay": false,
		"amount": 4,
		"x": 5,
		"y": 0,
		"z": 0,
		"context": [{
				"trigger": {
					"condition01": {
						"name": "auto"
					}
				},
				"requirement": [
					[
						"condition01"
					]
				],
				"prop": {
					"amount": {
						"type": "number",
						"text": "##number",
						"values": {
							"number": {
								"type": "random_number",
								"list": [5, 6, 7]

							}
						}
					}
				}
			}, {
				"trigger": {
					"max2": {
						"name": "check_score",
						"value": "Datapack",
						"key": "Difficulty",
						"score": 2,
						"operator": "="
					}
				},
				"requirement": [
					["max2"]
				],
				"prop": {
					"amount": {
						"type": "number",
						"text": "##number",
						"values": {
							"number": {
								"type": "random_number",
								"list": [6, 8]
							}
						}
					}
				}
			},
			{
				"trigger": {
					"max3": {
						"name": "check_score",
						"value": "Datapack",
						"key": "Difficulty",
						"score": 3,
						"operator": "="
					}
				},
				"requirement": [
					["max3"]
				],
				"prop": {
					"amount": {
						"type": "number",
						"text": "##number",
						"values": {
							"number": {
								"type": "random_number",
								"list": [8, 10]
							}
						}
					}
				}
			}, {
				"trigger": {
					"max4": {
						"name": "check_score",
						"value": "Datapack",
						"key": "Difficulty",
						"score": 4,
						"operator": "="
					}
				},
				"requirement": [
					["max4"]
				],
				"prop": {
					"amount": {
						"type": "number",
						"text": "##number",
						"values": {
							"number": {
								"type": "random_number",
								"list": [12, 16]
							}
						}
					}
				}
			}
		]
	}, {
		"name": "wait_second",
		"value": 3
	}, {
		"voice": "danger",
		"name": "play_group_voice",
		"tag": "maxtacsquad"
	}, {
		"name": "wait_second",
		"value": 3
	}, {
		"attitude": "hostile",
		"attitudegroup": "mq030_max_tac",
		"tag": "maxtacsquad",
		"attitudegrouptarget": "6thStreet",
		"name": "attitude_group_against_group",
		"target": "gangteam"
	}, {
		"attitude": "hostile",
		"attitudegroup": "6thStreet",
		"tag": "gangteam",
		"attitudegrouptarget": "mq030_max_tac",
		"name": "attitude_group_against_group",
		"target": "maxtacsquad"
	}, {
		"name": "wait_second",
		"value": 0.5
	}, {
		"name": "wait_for_trigger",
		"trigger": {
			"logic": "or",
			"name": "testFor",
			"triggers": [{
				"name": "killed_group",
				"tag": "maxtacsquad"
			}, {
				"name": "killed_group",
				"tag": "gangteam"
			}]
		}
	}, {
		"if_action": [{
			"score": -5,
			"name": "gang_affinity",
			"value": "faction_maxtac"
		}],
		"trigger": {
			"name": "killed_group",
			"tag": "maxtacsquad"
		},
		"name": "if",
		"else_action": [{
			"score": 5,
			"name": "gang_affinity",
			"value": "faction_maxtac"
		}]
	}, {
		"name": "notify",
		"value": "MaxTac Intervention finished"
	}, {
		"x": -2,
		"entity": "helicoTac",
		"tag": "maxtacsquad",
		"y": 1,
		"rotation": 1,
		"move": "Sprint",
		"name": "move_group_at_entity_relative_position",
		"z": 0
	}, {
		"name": "wait_second",
		"value": 5
	}, {
		"tag": "helicoTac",
		"value": "close",
		"helperTitle": "Vehicule : Change Doors State",
		"helper": "This action will change the state of doors (open/close/lock/unlock)",
		"name": "vehicle_change_doors"
	}, {
		"name": "vehicle_change_engine",
		"value": "on",
		"tag": "helicoTac"
	}, {
		"name": "despawn_group",
		"tag": "gangteam"
	}, {
		"name": "despawn_group",
		"tag": "maxtacsquad"
	}, {
		"name": "wait_second",
		"value": 0.5
	}, {
		"name": "remove_group",
		"tag": "gangteam"
	}, {
		"name": "remove_group",
		"tag": "maxtacsquad"
	}, {
		"name": "play_game_sound",
		"value": "q001_sc_00c_trauma_leaves_av_engines"
	}, {
		"name": "wait_second",
		"value": 11.95
	}, {
		"x": 0,
		"tag": "helicoTac",
		"y": 0,
		"rotation": 1,
		"name": "teleport_entity_at_relative_position",
		"z": 0.2
	}, {
		"amount": 200,
		"action": [{
			"x": 0,
			"tag": "helicoTac",
			"y": 0,
			"rotation": 1,
			"name": "teleport_entity_at_relative_position",
			"z": 0.5
		}],
		"name": "for"
	}, {
		"name": "wait_second",
		"value": 0.3
	}, {
		"amount": 650,
		"action": [{
			"x": 0,
			"tag": "helicoTac",
			"y": 0.5,
			"rotation": 1,
			"name": "teleport_entity_at_relative_position",
			"z": 0
		}],
		"name": "for"
	}, {
		"name": "wait_second",
		"value": 8
	}, {
		"name": "stop_game_sound",
		"value": "q001_sc_00c_trauma_leaves_av_engines"
	}, {
		"name": "despawn_entity",
		"tag": "helicoTac"
	}]
}