{"name":"MercsVsMaelstom","tag":"MercsVsMaelstom","action":[{"name":"spawn_npc","tag":"1","spawnlevel":36,"use_police_prevention_system":true,"group":"mercteam","appeareance":"none","create_group_if_not_exist":true,"source":"faction","source_helper":"npc||current_star||faction||current_district_leader||current_subdistrict_leader||district_leader||subdistrict_leader||random||from_list","source_tag":"faction_afterlife","source_tag_helper":"Character.Judy||faction_maelstrom||district_westbrook||NorthOaks","source_list":["Character.Judy"],"source_use_vip":false,"source_use_rival":false,"position":"poi","position_helper":"at||relative_to_entity||node||current_node||poi||mappin||fasttravel||current_fasttravel||custom_place||custom_room||current_custom_place||current_custom_room","position_tag":"","position_tag_helper":"judy01||playerhouse01||playerhouse_bed||","position_way":"normal","position_way_helper":"normal||behind||forward","position_poi_district":"Watson","position_poi_subdistrict":"LittleChina","position_poi_is_for_car":false,"position_poi_from_position":true,"position_poi_use_location_tag":false,"position_poi_range":50,"position_poi_type":2,"position_distance":5,"position_house_way":"default||enter||exit","position_house_tag":"playerhouse01","position_node_current_detection_range":70,"position_node_usegameplay":false,"x":0,"y":0,"z":0,"amount":5,"help":"This action will summon a custom npc with several custom parameter ","helper":"This action will summon a custom npc with several custom parameter ","helperTitle":"Entity : Spawn NPC","position_range":50},{"name":"wait_second","value":2},{"name":"spawn_npc","tag":"2","spawnlevel":36,"use_police_prevention_system":true,"group":"maelteam","appeareance":"none","create_group_if_not_exist":true,"source":"faction","source_helper":"npc||current_star||faction||current_district_leader||current_subdistrict_leader||district_leader||subdistrict_leader||random||from_list","source_tag":"faction_maelstrom","source_tag_helper":"Character.Judy||faction_maelstrom||district_westbrook||NorthOaks","source_list":["Character.Judy"],"source_use_vip":false,"source_use_rival":false,"position":"relative_to_entity","position_helper":"at||relative_to_entity||node||current_node||poi||mappin||fasttravel||current_fasttravel||custom_place||custom_room||current_custom_place||current_custom_room","position_tag":"1_1","position_tag_helper":"judy01||playerhouse01||playerhouse_bed||","position_way":"normal","position_way_helper":"normal||behind||forward","position_poi_district":"","position_poi_subdistrict":"","position_poi_is_for_car":false,"position_poi_from_position":false,"position_poi_use_location_tag":false,"position_poi_range":50,"position_poi_type":2,"position_distance":2,"position_house_way":"default||enter||exit","position_house_tag":"playerhouse01","position_node_current_detection_range":70,"position_node_usegameplay":false,"x":0,"y":1,"z":0,"amount":5,"help":"This action will summon a custom npc with several custom parameter ","helper":"This action will summon a custom npc with several custom parameter ","helperTitle":"Entity : Spawn NPC"},{"name":"wait_second","value":1},{"name":"move_group_at_relative_position","tag":"mercteam","x":-3,"y":0,"z":0,"rotation":1,"move":"Sprint"},{"name":"move_group_at_relative_position","tag":"maelteam","x":3,"y":0,"z":0,"rotation":1,"move":"Sprint"},{"name":"wait_second","value":1},{"name":"look_at_entity_group","tag":"maelteam","entity":"1_1"},{"name":"look_at_entity_group","tag":"mercteam","entity":"2_1"},{"name":"wait_second","value":1},{"name":"attitude_group_against_group","attitude":"hostile","tag":"maelteam","attitudegroup":"nid_01_Lizzies","attitudegrouptarget":"tygerClaws","target":"mercteam"},{"name":"attitude_group_against_group","attitude":"hostile","tag":"mercteam","attitudegroup":"tygerClaws","attitudegrouptarget":"nid_01_Lizzies","target":"maelteam"},{"name":"wait_for_trigger","trigger":{"name":"testFor","triggers":[{"name":"killed_group","tag":"mercteam"},{"name":"killed_group","tag":"maelteam"}],"logic":"or","helper":"This trigger will be triggered when all of the trigger are triggered by the logic you choose."}},{"name":"if","trigger":{"name":"killed_group","tag":"mercteam"},"if_action":[{"name":"add_gang_currentdistrict_score","faction":"faction_maelstrom","value":2},{"name":"remove_gang_currentdistrict_score","faction":"faction_afterlife","value":-8},{"name":"add_gang_currentsubdistrict_score","faction":"faction_maelstrom","value":8},{"name":"gang_affinity","value":"faction_afterlife","score":-5},{"name":"gang_affinity","value":"faction_maelstrom","score":5},{"name":"remove_gang_currentsubdistrict_score","faction":"faction_afterlife","value":-8}],"else_action":[{"name":"add_gang_currentdistrict_score","faction":"faction_afterlife","value":2},{"name":"remove_gang_currentdistrict_score","faction":"faction_maelstrom","value":-2},{"name":"add_gang_currentsubdistrict_score","faction":"faction_afterlife","value":8},{"name":"remove_gang_currentsubdistrict_score","faction":"faction_maelstrom","value":-8},{"name":"gang_affinity","value":"faction_afterlife","score":5},{"name":"gang_affinity","value":"faction_maelstrom","score":-5}]},{"name":"despawn_group","tag":"maelteam"},{"name":"despawn_group","tag":"mercteam"},{"name":"wait_second","value":1},{"name":"remove_group","tag":"mercteam"},{"name":"remove_group","tag":"maelteam"},{"name":"clean_thread","tag":"dnc_districtmanager"}]}