{"name":"NCPDVSvalentinos","tag":"NCPDVSvalentinos","action":[{"name":"spawn_npc","tag":"1","spawnlevel":36,"use_police_prevention_system":true,"group":"ncpdteam","appeareance":"none","create_group_if_not_exist":true,"source":"faction","source_helper":"npc||current_star||faction||current_district_leader||current_subdistrict_leader||district_leader||subdistrict_leader||random||from_list","source_tag":"faction_ncpd","source_tag_helper":"Character.Judy||faction_valentinos||district_westbrook||NorthOaks","source_list":["Character.Judy"],"source_use_vip":false,"source_use_rival":false,"position":"poi","position_helper":"at||relative_to_entity||node||current_node||poi||mappin||fasttravel||current_fasttravel||custom_place||custom_room||current_custom_place||current_custom_room","position_tag":"","position_tag_helper":"judy01||playerhouse01||playerhouse_bed||","position_way":"normal","position_way_helper":"normal||behind||forward","position_poi_district":"Heywood","position_poi_subdistrict":"","position_poi_is_for_car":false,"position_poi_from_position":true,"position_poi_use_location_tag":false,"position_poi_range":50,"position_poi_type":2,"position_distance":5,"position_house_way":"default||enter||exit","position_house_tag":"playerhouse01","position_node_current_detection_range":70,"position_node_usegameplay":false,"x":0,"y":0,"z":0,"amount":5,"help":"This action will summon a custom npc with several custom parameter ","helper":"This action will summon a custom npc with several custom parameter ","helperTitle":"Entity : Spawn NPC","position_range":50},{"name":"wait_second","value":3},{"name":"move_group_at_relative_position","tag":"ncpdteam","x":-5,"y":3,"z":0,"move":"Walk"},{"name":"wait_second","value":3},{"name":"spawn_npc","tag":"2","spawnlevel":36,"use_police_prevention_system":true,"group":"valteam","appeareance":"none","create_group_if_not_exist":true,"source":"faction","source_helper":"npc||current_star||faction||current_district_leader||current_subdistrict_leader||district_leader||subdistrict_leader||random||from_list","source_tag":"faction_valentinos","source_tag_helper":"Character.Judy||faction_valentinos||district_westbrook||NorthOaks","source_list":["Character.Judy"],"source_use_vip":false,"source_use_rival":false,"position":"relative_to_entity","position_helper":"at||relative_to_entity||node||current_node||poi||mappin||fasttravel||current_fasttravel||custom_place||custom_room||current_custom_place||current_custom_room","position_tag":"player","position_tag_helper":"judy01||playerhouse01||playerhouse_bed||","position_way":"normal","position_way_helper":"normal||behind||forward","position_poi_district":"","position_poi_subdistrict":"","position_poi_is_for_car":false,"position_poi_from_position":false,"position_poi_use_location_tag":false,"position_poi_range":50,"position_poi_type":2,"position_distance":2,"position_house_way":"default||enter||exit","position_house_tag":"playerhouse01","position_node_current_detection_range":70,"position_node_usegameplay":false,"x":0,"y":1,"z":0,"amount":5,"help":"This action will summon a custom npc with several custom parameter ","helper":"This action will summon a custom npc with several custom parameter ","helperTitle":"Entity : Spawn NPC"},{"name":"wait_second","value":1},{"name":"move_group_at_relative_position","tag":"ncpdteam","x":-3,"y":0,"z":0,"rotation":1,"move":"Sprint"},{"name":"move_group_at_relative_position","tag":"valteam","x":3,"y":0,"z":0,"rotation":1,"move":"Sprint"},{"name":"wait_second","value":2},{"name":"look_at_entity_group","tag":"valteam","entity":"1_3"},{"name":"look_at_entity_group","tag":"ncpdteam","entity":"2_2"},{"name":"wait_second","value":1},{"name":"attitude_group_against_group","attitude":"hostile","tag":"valteam","attitudegroup":"nid_01_Lizzies","attitudegrouptarget":"tygerClaws","target":"ncpdteam"},{"name":"attitude_group_against_group","attitude":"hostile","tag":"ncpdteam","attitudegroup":"tygerClaws","attitudegrouptarget":"nid_01_Lizzies","target":"valteam"},{"name":"wait_second","value":0.5},{"name":"wait_for_trigger","trigger":{"name":"testFor","triggers":[{"name":"compare","trigger":{"name":"datapack_is_enabled","tag":"Gangs of Night City"},"expected":true},{"name":"compare","trigger":{"name":"datapack_is_enabled","tag":"Gangs of Night City"},"expected":false}],"logic":"or"}},{"name":"if","trigger":{"name":"datapack_is_enabled","tag":"Gangs of Night City"},"if_action":[{"name":"wait_for_trigger","trigger":{"name":"testFor","triggers":[{"name":"compare","trigger":{"name":"player_current_gang","value":"faction_valentinos"},"expected":true},{"name":"compare","trigger":{"name":"player_current_gang","value":"faction_valentinos"},"expected":false},{"name":"compare","trigger":{"name":"player_current_gang","value":"faction_ncpd"},"expected":false},{"name":"compare","trigger":{"name":"player_current_gang","value":"faction_ncpd"},"expected":true}],"logic":"or"}},{"name":"if","trigger":{"name":"player_current_gang","value":"faction_valentinos"},"if_action":[{"name":"attitude_group_against_entity","attitude":"friendly","tag":"valteam","entity":"player"}],"else_action":[{"name":"attitude_group_against_entity","attitude":"hostile","tag":"valteam","entity":"player"}]}],"else_action":[{"name":"if","trigger":{"name":"player_current_gang","value":"faction_ncpd"},"if_action":[{"name":"attitude_group_against_entity","attitude":"friendly","tag":"ncpdteam","entity":"player"}],"else_action":[{"name":"attitude_group_against_entity","attitude":"hostile","tag":"ncpdteam","entity":"player"}]}]},{"name":"wait_for_trigger","trigger":{"name":"testFor","triggers":[{"name":"killed_group","tag":"ncpdteam"},{"name":"killed_group","tag":"valteam"}],"logic":"or","helper":"This trigger will be triggered when all of the trigger are triggered by the logic you choose."}},{"name":"wait_second","value":15},{"name":"despawn_group","tag":"valteam"},{"name":"despawn_group","tag":"ncpdteam"},{"name":"remove_group","tag":"ncpdteam"},{"name":"remove_group","tag":"valteam"}]}