{
	"name": "Pacifica_dnc",
	"tag": "Pacifica_dnc",
	"action": [{
		"name": "wait_for_trigger",
		"trigger": {
			"name": "testFor",
			"triggers": [{
				"name": "compare",
				"trigger": {
					"name": "time",
					"min": 100,
					"max": 1200
				},
				"expected": true
			}, {
				"name": "compare",
				"trigger": {
					"name": "time",
					"min": 1300,
					"max": 2400
				},
				"expected": true
			}],
			"logic": "or"

		}
	}, {

		"name": "if",
		"trigger": {
			"name": "testFor",
			"triggers": [{
				"name": "time",
				"min": 1500,
				"max": 2400

			}, {

				"name": "player_in_poi",
				"tag": "",
				"district": "Pacifica",
				"subdistrict": "Coastview",
				"iscar": false,
				"type": 2,
				"uselocationtag": false,
				"range": 60
			}],
			"logic": "and"
		},
		"if_action": [{
			"name": "do_random_function",
			"funcs": ["GangWar",  "GangFight", "maxtac010"],
			"parallele": false,
			"applyto": ""
		}],
		"else_action": [{
			"name": "nothing"
		}]

	}, {
		"name": "if",
		"trigger": {
			"name": "testFor",
			"triggers": [{
				"name": "time",
				"min": 1500,
				"max": 2400

			}, {

				"name": "player_in_poi",
				"tag": "",
				"district": "Pacifica",
				"subdistrict": "WestWindEstate",
				"iscar": false,
				"type": 2,
				"uselocationtag": false,
				"range": 60
			}],
			"logic": "and"
		},
		"if_action": [{
			"name": "do_random_function",
			"funcs": ["GangWar",  "GangFight", "maxtac010"],
			"parallele": false,
			"applyto": ""
		}],
		"else_action": [{
			"name": "nothing"
		}]
	}, {
		"name": "clean_thread",
		"tag": "dnc_districtmanager"
	}]
}