{
	"name": "Watson_dnc",
	"tag": "Watson_dnc",
	"action": [{
		"name": "wait_for_trigger",
		"trigger": {
			"name": "testFor",
			"triggers": [{
				"name": "compare",
				"trigger": {
					"name": "time",
					"min": 100,
					"max": 1800
				},
				"expected": true
			}, {
				"name": "compare",
				"trigger": {
					"name": "time",
					"min": 1300,
					"max": 2400
				},
				"expected": true
			}],
			"logic": "or"
		}
	}, {
		"name": "if",
		"trigger": {
			"name": "testFor",
			"triggers": [{
				"name": "time",
				"min": 100,
				"max": 1800
			}, {
				"name": "player_in_poi",
				"tag": "",
				"district": "Watson",
				"subdistrict": "Kabuki",
				"iscar": false,
				"type": 3,
				"uselocationtag": false,
				"range": 50
			}],
			"logic": "and"
		},
		"if_action": [{
			"name": "do_random_function",
			"funcs": ["Roamernpc", "nothing"],
			"parallele": false,
			"applyto": ""
		}],
		"else_action": [{
			"name": "nothing"
		}]
	}, {
		"name": "if",
		"trigger": {
			"name": "testFor",
			"triggers": [{
				"name": "time",
				"min": 100,
				"max": 1800
			}, {
				"name": "player_in_poi",
				"tag": "",
				"district": "Watson",
				"subdistrict": "LittleChina",
				"iscar": false,
				"type": 3,
				"uselocationtag": false,
				"range": 50
			}],
			"logic": "and"
		},
		"if_action": [{
			"name": "do_random_function",
			"funcs": ["Roamernpc", "nothing"],
			"parallele": false,
			"applyto": ""
		}],
		"else_action": [{
			"name": "nothing"
		}]
	}, {
		"name": "if",
		"trigger": {
			"name": "testFor",
			"triggers": [{
				"name": "time",
				"min": 100,
				"max": 2000

			}, {

				"name": "player_in_poi",
				"tag": "",
				"district": "Watson",
				"subdistrict": "Kabuki",
				"iscar": false,
				"type": 2,
				"uselocationtag": false,
				"range": 50
			}],
			"logic": "and"
		},
		"if_action": [{
			"name": "do_random_function",
			"funcs": ["ambush_kabuki_mox", "GangFight"],
			"parallele": false,
			"applyto": ""
		}],
		"else_action": [{
			"name": "nothing"
		}]


	}, {

		"name": "if",
		"trigger": {
			"name": "testFor",
			"triggers": [{
				"name": "time",
				"min": 1100,
				"max": 2400

			}, {

				"name": "player_in_poi",
				"tag": "",
				"district": "Watson",
				"subdistrict": "LittleChina",
				"iscar": false,
				"type": 2,
				"uselocationtag": false,
				"range": 50
			}],
			"logic": "and"
		},
		"if_action": [{
			"name": "do_random_function",
			"funcs": ["GangWar",  "GangFight", "maxtac010"],
			"parallele": false,
			"applyto": ""
		}],
		"else_action": [{
			"name": "nothing"
		}]
	}, {
		"name": "if",
		"trigger": {
			"name": "testFor",
			"triggers": [{
				"name": "time",
				"min": 1400,
				"max": 2400

			}, {

				"name": "player_in_poi",
				"tag": "",
				"district": "Watson",
				"subdistrict": "LittleChina",
				"iscar": false,
				"type": 11,
				"uselocationtag": false,
				"range": 50
			}],
			"logic": "and"
		},
		"if_action": [{
			"name": "do_random_function",
			"funcs": ["GangWar", "kill_JPT_NS_SD_HEY"],
			"parallele": false,
			"applyto": ""
		}],
		"else_action": [{
			"name": "nothing"
		}]
	}, {
		"name": "if",
		"trigger": {
			"name": "testFor",
			"triggers": [{
				"name": "time",
				"min": 1400,
				"max": 2400

			}, {

				"name": "player_in_poi",
				"tag": "",
				"district": "Watson",
				"subdistrict": "Kabuki",
				"iscar": false,
				"type": 11,
				"uselocationtag": false,
				"range": 50
			}],
			"logic": "and"
		},
		"if_action": [{
			"name": "do_random_function",
			"funcs": ["GangWar", "kill_JPT_NS_SD_HEY"],
			"parallele": false,
			"applyto": ""
		}],
		"else_action": [{
			"name": "nothing"
		}]
	}, {
		"name": "if",
		"trigger": {
			"name": "testFor",
			"triggers": [{
				"name": "time",
				"min": 1400,
				"max": 2400

			}, {

				"name": "player_in_poi",
				"tag": "",
				"district": "Watson",
				"subdistrict": "Kabuki",
				"iscar": false,
				"type": 2,
				"uselocationtag": false,
				"range": 50
			}],
			"logic": "and"
		},
		"if_action": [{
			"name": "do_random_function",
			"funcs": ["GangWar",  "GangFight", "maxtac010"],
			"parallele": false,
			"applyto": ""
		}],
		"else_action": [{
			"name": "nothing"
		}]
	}, {
		"name": "if",
		"trigger": {
			"name": "testFor",
			"triggers": [{
				"name": "time",
				"min": 1300,
				"max": 2400

			}, {

				"name": "player_in_poi",
				"tag": "Ambush_NS_8",
				"district": "Watson",
				"subdistrict": "Northside",
				"iscar": false,
				"type": 2,
				"uselocationtag": true,
				"range": 60
			}],
			"logic": "and"
		},
		"if_action": [{
			"name": "do_random_function",
			"funcs": ["Patroller_northside", "nothing"],
			"parallele": false,
			"applyto": ""
		}],
		"else_action": [{
			"name": "nothing"
		}]

	}, {
		"name": "if",
		"trigger": {
			"name": "testFor",
			"triggers": [{
				"name": "time",
				"min": 1300,
				"max": 2400

			}, {

				"name": "player_in_poi",
				"tag": "Ambush_NS_7",
				"district": "Watson",
				"subdistrict": "Northside",
				"iscar": false,
				"type": 2,
				"uselocationtag": true,
				"range": 50
			}],
			"logic": "and"
		},
		"if_action": [{
			"name": "do_random_function",
			"funcs": ["Blockade_northside_1", "nothing", "nothing"],
			"parallele": false,
			"applyto": ""
		}],
		"else_action": [{
			"name": "nothing"
		}]
	}, {
		"name": "if",
		"trigger": {
			"name": "testFor",
			"triggers": [{
				"name": "time",
				"min": 1300,
				"max": 2400

			}, {

				"name": "player_in_poi",
				"tag": "Ambush_NS_6",
				"district": "Watson",
				"subdistrict": "Northside",
				"iscar": false,
				"type": 2,
				"uselocationtag": true,
				"range": 50
			}],
			"logic": "and"
		},
		"if_action": [{
			"name": "do_random_function",
			"funcs": ["Blockade_northside_1", "nothing", "nothing"],
			"parallele": false,
			"applyto": ""
		}],
		"else_action": [{
			"name": "nothing"
		}]
	}, {
		"name": "if",
		"trigger": {
			"name": "testFor",
			"triggers": [{
				"name": "time",
				"min": 1300,
				"max": 2400

			}, {

				"name": "player_in_poi",
				"tag": "Ambush_NS_5",
				"district": "Watson",
				"subdistrict": "Northside",
				"iscar": false,
				"type": 2,
				"uselocationtag": true,
				"range": 50
			}],
			"logic": "and"
		},
		"if_action": [{
			"name": "do_random_function",
			"funcs": ["Blockade_northside_1", "nothing", "Patroller_northside", "nothing"],
			"parallele": false,
			"applyto": ""
		}],
		"else_action": [{
			"name": "nothing"
		}]
	}, {
		"name": "if",
		"trigger": {
			"name": "testFor",
			"triggers": [{
				"name": "time",
				"min": 1300,
				"max": 2400

			}, {

				"name": "player_in_poi",
				"tag": "Ambush_NS_2",
				"district": "Watson",
				"subdistrict": "Northside",
				"iscar": false,
				"type": 2,
				"uselocationtag": true,
				"range": 50
			}],
			"logic": "and"
		},
		"if_action": [{
			"name": "do_random_function",
			"funcs": ["Blockade_northside_1", "nothing", "nothing"],
			"parallele": false,
			"applyto": ""
		}],
		"else_action": [{
			"name": "nothing"
		}]
	}, {
		"name": "if",
		"trigger": {
			"name": "testFor",
			"triggers": [{
				"name": "time",
				"min": 1300,
				"max": 2400

			}, {

				"name": "player_in_poi",
				"tag": "",
				"district": "Watson",
				"subdistrict": "Northside",
				"iscar": false,
				"type": 2,
				"uselocationtag": false,
				"range": 50
			}],
			"logic": "and"
		},
		"if_action": [{
			"name": "do_random_function",
			"funcs": ["nothing",  "ambush_northside_scavs", "ambush_northside_maelstrom", "MercsVsMaelstom", "GangFight", "GangWar", "maxtac010", "NCPDVSmalestrom"],
			"parallele": false,
			"applyto": ""
		}],
		"else_action": [{
			"name": "nothing"
		}]


	}]
}