[ {
  "HouseTag": "av_shop",
  "Tag": "industrial_desk_medium_c",
  "Yaw": 14.049908638,
  "Title": "industrial_desk_medium_c",
  "X": -139.27096557617,
  "Z": 39.011611938477,
  "ItemPath": "base\\gameplay\\loot\\decorative_containers\\desks\\appearances\\industrial_desk_medium_c.ent",
  "Y": 401.95166015625,
  "Pitch": 0,
  "Id": "av_shop_industrial_desk_medium_c_3523",
  "Roll": 0
}, {
  "HouseTag": "av_shop",
  "Tag": "q005_saburo_av_pda",
  "Yaw": 11.6499376297,
  "Title": "q005_saburo_av_pda",
  "X": -139.57453918457,
  "Z": 39.907913208008,
  "ItemPath": "base\\quest\\main_quests\\prologue\\q005\\entities\\q005_saburo_av_pda.ent",
  "Y": 400.42541503906,
  "Pitch": 0,
  "Id": "av_shop_q005_saburo_av_pda_18131",
  "Roll": 0
}, {
  "HouseTag": "av_shop",
  "Tag": "int_misc_001__newspaper_i_pile_part",
  "Yaw": 41.399898529053,
  "Title": "int_misc_001__newspaper_i_pile_part",
  "X": -140.95960998535,
  "Z": 39.811668395996,
  "ItemPath": "base\\items\\interactive\\misc\\int_misc_001__newspaper_i_pile\\int_misc_001__newspaper_i_pile_part.ent",
  "Y": 400.34649658203,
  "Pitch": 0,
  "Id": "av_shop_int_misc_001__newspaper_i_pile_part_18383",
  "Roll": 0
}, {
  "HouseTag": "av_shop",
  "Tag": "v_sport1_quadra_turbo_ext01_door_r_light_01",
  "Yaw": 103.99979400635,
  "Title": "v_sport1_quadra_turbo_ext01_door_r_light_01",
  "X": -140.93392944336,
  "Z": 40.111701965332,
  "ItemPath": "base\\vehicles\\sport\\v_sport1_quadra_turbo\\entities\\v_sport1_quadra_turbo_ext01_door_r_light_01.ent",
  "Y": 400.12991333008,
  "Pitch": -2.3905660782475e-05,
  "Id": "av_shop_v_sport1_quadra_turbo_ext01_door_r_light_01_2040",
  "Roll": -139.99998474121
}, {
  "HouseTag": "av_shop",
  "Tag": "laptop_appearance_neo_kitsch",
  "Yaw": -79.121299743652,
  "Title": "Laptop Neo Kitsch 2",
  "X": -140.43782043457,
  "Z": 39.811656951904,
  "ItemPath": "base\\gameplay\\devices\\masters\\computers\\appearances\\laptop_appearance_neo_kitsch.ent",
  "Y": 400.71401977539,
  "Pitch": 0,
  "Id": "av_shop_laptop_appearance_neo_kitsch_27625",
  "Roll": 0
}, {
  "HouseTag": "av_shop",
  "Tag": "q113_wall_marble_down",
  "Yaw": -172.44996643066,
  "Title": "q113_wall_marble_down",
  "X": -139.73986816406,
  "Z": 39.011611938477,
  "ItemPath": "base\\gameplay\\devices\\doors\\custom\\quest\\appearances\\q113_wall_marble_down.ent",
  "Y": 402.47583007813,
  "Pitch": 0,
  "Id": "av_shop_q113_wall_marble_down_75296",
  "Roll": 0
}, {
  "HouseTag": "av_shop",
  "Tag": "q113_wall_marble_down",
  "Yaw": 12.15003490448,
  "Title": "q113_wall_marble_down",
  "X": -139.75198364258,
  "Z": 41.861804962158,
  "ItemPath": "base\\gameplay\\devices\\doors\\custom\\quest\\appearances\\q113_wall_marble_down.ent",
  "Y": 402.16989135742,
  "Pitch": 90,
  "Id": "av_shop_q113_wall_marble_down_21119",
  "Roll": 0
}, {
  "HouseTag": "av_shop",
  "Tag": "q113_wall_marble_down",
  "Yaw": 100.10015106201,
  "Title": "q113_wall_marble_down",
  "X": -135.75048828125,
  "Z": 38.051704406738,
  "ItemPath": "base\\gameplay\\devices\\doors\\custom\\quest\\appearances\\q113_wall_marble_down.ent",
  "Y": 403.00317382813,
  "Pitch": 0,
  "Id": "av_shop_q113_wall_marble_down_17104",
  "Roll": -90.000007629395
}, {
  "HouseTag": "av_shop",
  "Tag": "q113_wall_marble_down",
  "Yaw": 8.4501085281372,
  "Title": "q113_wall_marble_down",
  "X": -135.19671630859,
  "Z": 38.061695098877,
  "ItemPath": "base\\gameplay\\devices\\doors\\custom\\quest\\appearances\\q113_wall_marble_down.ent",
  "Y": 399.94827270508,
  "Pitch": -4.2688674284364e-07,
  "Id": "av_shop_q113_wall_marble_down_34096",
  "Roll": -89.999984741211
}, {
  "HouseTag": "av_shop",
  "Tag": "int_nkt_jp_apartment_a_wall_glass_l200_a_dst",
  "Yaw": 10.000150680542,
  "Title": "int_nkt_jp_apartment_a_wall_glass_l200_a_dst",
  "X": -137.44841003418,
  "Z": 38.211715698242,
  "ItemPath": "base\\environment\\architecture\\common\\int\\int_nkt_jp_apartment_a\\int_nkt_jp_apartment_a_wall_glass_l200_a_dst.ent",
  "Y": 399.72552490234,
  "Pitch": -1.0013580322266e-05,
  "Id": "av_shop_int_nkt_jp_apartment_a_wall_glass_l200_a_dst_28444",
  "Roll": 1.901546170302e-06
}, {
  "HouseTag": "av_shop",
  "Tag": "int_nkt_jp_apartment_a_wall_glass_l200_a_dst",
  "Yaw": 10.70020198822,
  "Title": "int_nkt_jp_apartment_a_wall_glass_l200_a_dst",
  "X": -140.84991455078,
  "Z": 38.161693572998,
  "ItemPath": "base\\environment\\architecture\\common\\int\\int_nkt_jp_apartment_a\\int_nkt_jp_apartment_a_wall_glass_l200_a_dst.ent",
  "Y": 398.95233154297,
  "Pitch": -1.907348291752e-06,
  "Id": "av_shop_int_nkt_jp_apartment_a_wall_glass_l200_a_dst_35906",
  "Roll": 1.9283290839667e-06
}, {
  "HouseTag": "av_shop",
  "Tag": "int_furniture_002__corpo_office_chair_b",
  "Yaw": -36.799827575684,
  "Title": "int_furniture_002__corpo_office_chair_b",
  "X": -141.60015869141,
  "Z": 38.961624145508,
  "ItemPath": "base\\items\\interactive\\furniture\\int_furniture_002__corpo_office_chair_b.ent",
  "Y": 399.56860351563,
  "Pitch": -8.5377348568727e-07,
  "Id": "av_shop_int_furniture_002__corpo_office_chair_b_616",
  "Roll": 1.9073486328125e-05
}, {
  "HouseTag": "av_shop",
  "Tag": "int_furniture_002__corpo_office_chair_b",
  "Yaw": 58.200244903564,
  "Title": "int_furniture_002__corpo_office_chair_b",
  "X": -138.88041687012,
  "Z": 38.951637268066,
  "ItemPath": "base\\items\\interactive\\furniture\\int_furniture_002__corpo_office_chair_b.ent",
  "Y": 400.30780029297,
  "Pitch": 0,
  "Id": "av_shop_int_furniture_002__corpo_office_chair_b_73986",
  "Roll": 0
}, {
  "HouseTag": "av_shop",
  "Tag": "conference_holo_table",
  "Yaw": 97.200134277344,
  "Title": "Holo Table",
  "X": -140.65463256836,
  "Z": 41.3017578125,
  "ItemPath": "base\\gameplay\\devices\\home_appliances\\holo_table\\conference_holo_table.ent",
  "Y": 400.88186645508,
  "Pitch": 0,
  "Id": "av_shop_conference_holo_table_68557",
  "Roll": 0
}, {
  "HouseTag": "av_shop",
  "Tag": "hologram_light_beam",
  "Yaw": -52.799861907959,
  "Title": "hologram_light_beam",
  "X": -137.50444030762,
  "Z": 39.001617431641,
  "ItemPath": "base\\environment\\decoration\\advertising\\holograms\\hologram_light_beam.ent",
  "Y": 401.03182983398,
  "Pitch": 0,
  "Id": "av_shop_hologram_light_beam_98733",
  "Roll": 0
}, {
  "HouseTag": "av_shop",
  "Tag": "industrial_ceiling_light_01_e_lamp02",
  "Yaw": 29.290561676025,
  "Title": "Industrial Light",
  "X": -137.44004821777,
  "Z": 39.011604309082,
  "ItemPath": " base\\gameplay\\devices\\lights\\destructible\\industrial_ceiling_light_01_e_lamp.ent",
  "Y": 396.54763793945,
  "Pitch": -0,
  "Id": "av_shop_industrial_ceiling_light_01_e_lamp02_32869",
  "Roll": 0
}, {
  "HouseTag": "av_shop",
  "Tag": "industrial_ceiling_light_01_e_lamp02",
  "Yaw": 29.290561676025,
  "Title": "Industrial Light",
  "X": -137.44004821777,
  "Z": 39.011604309082,
  "ItemPath": " base\\gameplay\\devices\\lights\\destructible\\industrial_ceiling_light_01_e_lamp.ent",
  "Y": 396.54763793945,
  "Pitch": -0,
  "Id": "av_shop_industrial_ceiling_light_01_e_lamp02_32869",
  "Roll": 0
}, {
  "HouseTag": "av_shop",
  "Tag": "industrial_ceiling_light_01_e_lamp02",
  "Yaw": 11.94061756134,
  "Title": "Industrial Light",
  "X": -137.6611328125,
  "Z": 39.011611938477,
  "ItemPath": " base\\gameplay\\devices\\lights\\destructible\\industrial_ceiling_light_01_e_lamp.ent",
  "Y": 390.54647827148,
  "Pitch": -0,
  "Id": "av_shop_industrial_ceiling_light_01_e_lamp02_11936",
  "Roll": 0
}, {
  "HouseTag": "av_shop",
  "Tag": "industrial_ceiling_light_01_e_lamp02",
  "Yaw": 11.94061756134,
  "Title": "Industrial Light",
  "X": -137.6611328125,
  "Z": 39.011611938477,
  "ItemPath": " base\\gameplay\\devices\\lights\\destructible\\industrial_ceiling_light_01_e_lamp.ent",
  "Y": 390.54647827148,
  "Pitch": -0,
  "Id": "av_shop_industrial_ceiling_light_01_e_lamp02_11936",
  "Roll": 0
}, {
  "HouseTag": "av_shop",
  "Tag": "industrial_ceiling_light_01_e_lamp02",
  "Yaw": 11.94061756134,
  "Title": "Industrial Light",
  "X": -137.6611328125,
  "Z": 39.011611938477,
  "ItemPath": " base\\gameplay\\devices\\lights\\destructible\\industrial_ceiling_light_01_e_lamp.ent",
  "Y": 390.54647827148,
  "Pitch": -0,
  "Id": "av_shop_industrial_ceiling_light_01_e_lamp02_11936",
  "Roll": 0
}, {
  "HouseTag": "av_shop",
  "Tag": "industrial_ceiling_light_01_e_lamp02",
  "Yaw": 11.94061756134,
  "Title": "Industrial Light",
  "X": -137.6611328125,
  "Z": 39.011611938477,
  "ItemPath": " base\\gameplay\\devices\\lights\\destructible\\industrial_ceiling_light_01_e_lamp.ent",
  "Y": 390.54647827148,
  "Pitch": -0,
  "Id": "av_shop_industrial_ceiling_light_01_e_lamp02_11936",
  "Roll": 0
}, {
  "HouseTag": "av_shop",
  "Tag": "industrial_ceiling_light_01_e_lamp02",
  "Yaw": 11.94061756134,
  "Title": "Industrial Light",
  "X": -137.6611328125,
  "Z": 39.011611938477,
  "ItemPath": " base\\gameplay\\devices\\lights\\destructible\\industrial_ceiling_light_01_e_lamp.ent",
  "Y": 390.54647827148,
  "Pitch": -0,
  "Id": "av_shop_industrial_ceiling_light_01_e_lamp02_11936",
  "Roll": 0
}, {
  "HouseTag": "av_shop",
  "Tag": "industrial_ceiling_light_01_e_lamp",
  "Yaw": -169.05902099609,
  "Title": "Industrial Ceiling Light Red",
  "X": -140.41702270508,
  "Z": 41.651779174805,
  "ItemPath": "base\\gameplay\\devices\\lighting\\industrial\\industrial_ceiling_light_01\\industrial_ceiling_light_01_e_lamp.ent",
  "Y": 402.05667114258,
  "Pitch": 90,
  "Id": "av_shop_industrial_ceiling_light_01_e_lamp_14475",
  "Roll": 0
} ]