	{
		"name": "bttf_stop",
		"tag": "bttf_stop",
		"way": "world",
		"trigger": {
			"trigger01": 
			{
				"name": "compare",
				"trigger":
				{
				"name": "in_car",
				
				"helper": "This trigger will be triggered when you are in an specific car that name contains the value",
				"helperTitle": "Player : In a specific car"
				},
		
		
			"expected": false,
			"helper": "This trigger will be triggered when the trigger that you set have the same statut that you put in (expected)",
			"helperTitle": "Logic : Compare"
			},
			
		
			"trigger02":
			{
				"name": "custom_condition",
				"value": "bttf_music",
				"score": 1,
				"helper": "This trigger will be triggered when the custom score (value) have reach the score",
				"helperTitle": "Score : Custom Score"
			},
			
			"trigger03": {
					"name": "soundmanager_isplaying",
					"channel": "music",
					"help": "test if the sound manager mod play currently channel",
					"helper": "This trigger will be triggered when SoundManager Mod specified channel is currently playing",
					"helperTitle": "Sound : Sound manager is playing "
			}
		},
		
		"requirement": [
			[
				"trigger01","trigger02","trigger03"
			]
		],
		"action": [
			
			 {
				"name": "stop_sound_channel",
				"channel": "music",
				"help": "Use Sound Manager Mod to stop a channel (sound, music or env)",
				"helper": "This action will Use Sound Manager Mod to stop a channel (sound, music or env) ",
				"helperTitle": "Sound : Stop Channel"
			},
			{
				"name": "setGameVolume",
				"value": "MusicVolume",
				"score": 5,
				"help": "edit the game setting volume (MasterVolume/SfxVolume/DialogueVolume/MusicVolume/CarRadioVolume)",
				"helper": "This action will edit the game setting volume (MasterVolume/SfxVolume/DialogueVolume/MusicVolume/CarRadioVolume)",
				"helperTitle": "Sound : Set Game Volume"
			},
			{
				"name": "setGameVolume",
				"value": "CarRadioVolume",
				"score": 5,
				"help": "edit the game setting volume (MasterVolume/SfxVolume/DialogueVolume/MusicVolume/CarRadioVolume)",
				"helper": "This action will edit the game setting volume (MasterVolume/SfxVolume/DialogueVolume/MusicVolume/CarRadioVolume)",
				"helperTitle": "Sound : Set Game Volume"
			},
			{
				"name": "change_custom_condition",
				"value": "bttf_music",
				"score": 0,
				"helper": "This action will change the value of an custom score",
				"helperTitle": "Score :  change the value of an custom score"
			}
		]
	}