{
    "name": "bttf_launch",
    "tag": "bttf_launch",
	"way": "world",
    "trigger": {
        "trigger01": 	
		{
			"name": "in_car_specific",
			"value": "caliburn",
			"helper": "This trigger will be triggered when you are in an specific car that name contains the value",
			"helperTitle": "Player : In a specific car"
		},
		"trigger02":
		{
			"name": "custom_condition",
			"value": "bttf_music",
			"score": 0,
			"helper": "This trigger will be triggered when the custom score (value) have reach the score",
			"helperTitle": "Score : Custom Score"
		}
	},
    
    "requirement": [
        [
            "trigger01","trigger02"
        ]
    ],
    "action": [
		
		{
			"name": "change_custom_condition",
			"value": "bttf_music",
			"score": 1,
			"helper": "This action will change the value of an custom score",
			"helperTitle": "Score :  change the value of an custom score"
		}
    ]
}