{
    "name": "bttf_play",
    "tag": "bttf_play",
	"way": "world",
    "trigger":
	{
        "trigger01": 	
		{
			"name": "in_car_specific",
			"value": "caliburn",
			"helper": "This trigger will be triggered when you are in an specific car that name contains the value",
			"helperTitle": "Player : In a specific car"
		},
		"trigger02":
		{
			"name": "custom_condition",
			"value": "bttf_music",
			"score": 1,
			"helper": "This trigger will be triggered when the custom score (value) have reach the score",
			"helperTitle": "Score : Custom Score"
		},
		"trigger03": 
		{
			"name": "compare",
			"trigger": {
				"name": "soundmanager_isplaying",
				"channel": "music",
				"help": "test if the sound manager mod play currently channel",
				"helper": "This trigger will be triggered when SoundManager Mod specified channel is currently playing",
				"helperTitle": "Sound : Sound manager is playing "
			},
		
		"expected": false,
		"helper": "This trigger will be triggered when the trigger that you set have the same statut that you put in (expected)",
		"helperTitle": "Logic : Compare"
		}
		
	},

	
    
    "requirement": [
        [
            "trigger01","trigger02","trigger03"
        ]
    ],
    "action": [
		
		 {
			"name": "play_sound_file",
			"value": "bttf.mp3",
			"channel": "music",
			"datapack": "bttf",
			"volume": 100,
			"help": "Use Sound Manager Mod to play a sound file in the channel (sound, music or env)",
			"helper": "This action will Use Sound Manager Mod to play a sound file in the channel (sound, music or env) ",
			"helperTitle": "Sound : Play file"
		},
		{
			"name": "setGameVolume",
			"value": "MusicVolume",
			"score": 0,
			"help": "edit the game setting volume (MasterVolume/SfxVolume/DialogueVolume/MusicVolume/CarRadioVolume)",
			"helper": "This action will edit the game setting volume (MasterVolume/SfxVolume/DialogueVolume/MusicVolume/CarRadioVolume)",
			"helperTitle": "Sound : Set Game Volume"
		},
		{
			"name": "setGameVolume",
			"value": "CarRadioVolume",
			"score": 0,
			"help": "edit the game setting volume (MasterVolume/SfxVolume/DialogueVolume/MusicVolume/CarRadioVolume)",
			"helper": "This action will edit the game setting volume (MasterVolume/SfxVolume/DialogueVolume/MusicVolume/CarRadioVolume)",
			"helperTitle": "Sound : Set Game Volume"
		}	
    ]
}