{
    "EnterX": 0,
    "EnterY": 0,
    "EnterZ": 0,
    "ExitX": 0,
    "ExitY": 0,
    "ExitZ": 0,
    "Zrange": 10,
    "action": [],
    "coef": 0,
    "isbuyable": false,
    "isrentable": false,
    "name": "Japantown Street",
    "posX": -657,
    "posY": 842,
    "posZ": 19,
    "price": 0,
    "range": 10,
    "rent": 0,
    "requirement": [["auto"]],
    "rooms": [{
            "action": [],
            "name": "Main",
            "posX": -657,
            "posY": 842,
            "posZ": 19,
            "range": 20,
            "requirement": [["always_enable"]],
            "tag": "sexplace01_main",
            "trigger": {
                "always_enable": {
                    "name": "auto"
                }
            },
            "type": [0, 1, 2]
        }
    ],
    "tag": "sexplace01",
    "trigger": {
        "auto": {
            "helper": "This trigger will be triggered without need anything (default)",
            "name": "auto"
        }
    },
    "type": 0
}
