{
	"action": [{
		"name": "destroy_entity_you_look_at"
	}, {
		"helper": "This action will make remove an amount of money",
		"helperTitle": "Money : Remove Money",
		"name": "remove_money",
		"value": 50
	}, {
		"help": "Wait that trigger condition is valid",
		"helper": "This action will wait that the trigger is valid before do the next action ",
		"helperTitle": "Logic : Wait For Trigger",
		"name": "wait_for_trigger",
		"trigger": {
			"atgameplayposition": true,
			"name": "entity_is_in_node",
			"range": 15,
			"tag": "player"
		}
	}, {
		"helper": "This action will set custom remaning time for metro TV display",
		"helperTitle": "UI : Set Metro TV display custom remaning time",
		"name": "set_metro_time",
		"value": 15
	}, {
		"helper": "This action will trigger custom remaning time for metro TV display",
		"helperTitle": "UI : Trigger Metro TV display custom remaning time",
		"name": "trigger_metro_time",
		"value": true
	}, {
		"help": "Wait that trigger condition is valid",
		"helper": "This action will wait that the trigger is valid before do the next action ",
		"helperTitle": "Logic : Wait For Trigger",
		"name": "wait_for_trigger",
		"trigger": {
			"helper": "This trigger will be triggered when Metro Remaning Time Screen is at 0",
			"helperTitle": "UI : Metro Remaning Time is at 0",
			"name": "metro_time_is_finished"
		}
	}, {
		"name": "create_group",
		"tag": "train"
	}, {
		"name": "wait_second",
		"value": 1.00
	}, {
		"channel": "sound",
		"datapack": "Metro of Night City",
		"name": "play_sound_file",
		"value": "glensouth-alexander.mp3",
		"volume": 100
	}, {
		"name": "wait_second",
		"value": 1.00
	}, {
		"message": "Later...",
		"name": "fade_in",
		"value": 2
	}, {
		"atgameplayposition": false,
		"name": "teleport_entity_at_current_node",
		"offset": 1.50,
		"range": 100,
		"tag": "player"
	}, {
		"name": "wait_second",
		"value": 7
	}, {
		"amount": 1,
		"atgameplayposition": false,
		"isAV": false,
		"name": "summon_entity_at_current_node",
		"npc": "Vehicle.v_mahir_mt28_coach",
		"range": 100,
		"spawnlevel": 98,
		"tag": "metroInside"
	}, {
		"name": "wait_second",
		"value": 1
	}, {
		"name": "entity_set_seat",
		"seat": "seat_back_left",
		"tag": "player",
		"vehicle": "metroInside",
		"waitforsit": false
	}, {
		"entities": ["metroInside"],
		"helper": "This action will set entity of an group of entity ",
		"helperTitle": "Group : Set entities",
		"name": "set_entity_to_group",
		"tag": "train"
	}, {
		"immortal": true,
		"name": "toggle_immortal_entity",
		"tag": "metroInside"
	}, {
		"helper": "This action will make the vehiucle invincible",
		"helperTitle": "Vehicule : Invincible",
		"name": "vehicle_set_invincible",
		"tag": "metroInside"
	}, {
		"name": "wait_second",
		"value": 1
	}, {
		"else_action": [{
			"circuit": "alexander-glensouth",
			"name": "set_group_circuit",
			"reverse": false,
			"tag": "train"
		}],
		"helper": "This action will check an trigger and execute IF actions if the trigger is OK or ELSE action if the trigger is not OK",
		"helperTitle": "Logic : If",
		"if_action": [{
			"circuit": "alexander-glensouth",
			"name": "set_group_circuit",
			"reverse": true,
			"tag": "train"
		}],
		"name": "if",
		"trigger": {
			"atgameplayposition": false,
			"name": "entity_is_in_specific_node",
			"node": "metro_alexander",
			"range": 60,
			"tag": "player"
		}
	}, {
		"name": "wait_second",
		"value": 1
	}, {
		"name": "set_group_node_current_auto",
		"range": 50,
		"tag": "train"
	}, {
		"name": "wait_second",
		"value": 1
	}, {
		"name": "set_group_node_next_auto",
		"tag": "train"
	}, {
		"name": "wait_second",
		"value": 0.5
	}, {
		"name": "set_group_node_path_auto",
		"tag": "train"
	}, {
		"name": "wait_second",
		"value": 0.5
	}, {
		"name": "fade_out",
		"value": 4
	}, {
		"entity": "metroInside",
		"name": "simple_message_metro"
	}, {
		"name": "run_group_path_cached",
		"tag": "train",
		"zoffset": 0.09
	}, {
		"name": "wait_second",
		"value": 0.50
	}, {
		"name": "wait_for_trigger",
		"trigger": {
			"name": "entity_path_is_finish",
			"tag": "metroInside"
		}
	}, {
		"message": "Later...",
		"name": "fade_in",
		"value": 4
	}, {
		"name": "entity_unset_seat",
		"seat": "seat_back_left",
		"tag": "player",
		"vehicle": "metroInside",
		"waitforsit": false
	}, {
		"name": "wait_second",
		"value": 2
	}, {
		"name": "clean_group_circuit",
		"tag": "train"
	}, {
		"name": "despawn_group",
		"tag": "train"
	}, {
		"name": "remove_group",
		"tag": "train"
	}, {
		"name": "wait_second",
		"value": 2
	}, {
		"atgameplayposition": true,
		"name": "teleport_entity_at_current_node",
		"offset": 1.50,
		"range": 100,
		"tag": "player"
	}, {
		"message": "Later...",
		"name": "fade_out",
		"value": 4
	}],
	"display": "event_interact",
	"name": "Metro : Alexander - Glen South",
	"requirement": [
		["auto", "door"],
		["auto2", "door"]
	],
	"sorttag": "newmetro",
	"tag": "metro-alexander-glennsouth",
	"timer": 0,
	"trigger": {
		"actionnottaken": {
			"expected": false,
			"name": "compare",
			"trigger": {
				"name": "interact_is_inprogress"
			}
		},
		"auto": {
			"atgameplayposition": true,
			"name": "entity_is_in_specific_node",
			"node": "metro_alexander",
			"range": 60,
			"tag": "player"
		},
		"auto2": {
			"atgameplayposition": true,
			"name": "entity_is_in_specific_node",
			"node": "metro_glensouth",
			"range": 60,
			"tag": "player"
		},
		"door": {
			"helper": "This trigger will be triggered when you look an entity who have the (value) word in her name",
			"helperTitle": "Player : Look at ",
			"name": "look_at_object",
			"value": "fast_travel"
		},
		"menu": {
			"menu": "FastTravel",
			"name": "is_in_specific_menu"
		}
	}
}