{
    "display": "event_interact",
	
	
	
	
	
	
	
    "name": "Metro : Charter Hill - H7",








    "requirement": [
        ["auto", "door"], ["auto2", "door"]
    ],
    "sorttag": "newmetro",








    "tag": "metro-charterhill-h7",










    "timer": 0,
    "trigger": {
        "actionnottaken": {
            "expected": false,
            "name": "compare",
            "trigger": {
                "name": "interact_is_inprogress"
            }
        },
        "door": {
            "name": "look_at_object",
            "value": "fast_travel",
            "helper": "This trigger will be triggered when you look an entity who have the (value) word in her name",
            "helperTitle": "Player : Look at "
        },











        "auto": {

            "atgameplayposition": true,
            "name": "entity_is_in_specific_node",
            "node": "metro_charterhill_start",
            "tag": "player",
            "range": 60

        },

        "auto2": {

            "atgameplayposition": true,
            "name": "entity_is_in_specific_node",
            "node": "metro_H7_start",
            "tag": "player",
            "range": 60

        },












        "menu": {
            "menu": "FastTravel",
            "name": "is_in_specific_menu"
        }
    },
    "action": [{
            "name": "destroy_entity_you_look_at"

        }, {
            "name": "remove_money",
            "value": 50,
            "helper": "This action will make remove an amount of money",
            "helperTitle": "Money : Remove Money"
        }, {
            "name": "wait_for_trigger",
            "trigger": {
                "name": "entity_is_in_node",
                "tag": "player",
                "range": 40,
                "atgameplayposition": true
            },
            "help": "Wait that trigger condition is valid",
            "helper": "This action will wait that the trigger is valid before do the next action ",
            "helperTitle": "Logic : Wait For Trigger"
        }, {
            "name": "set_metro_time",
            "value": 15,
            "helper": "This action will set custom remaning time for metro TV display",
            "helperTitle": "UI : Set Metro TV display custom remaning time"
        }, {
            "name": "trigger_metro_time",
            "value": true,
            "helper": "This action will trigger custom remaning time for metro TV display",
            "helperTitle": "UI : Trigger Metro TV display custom remaning time"
        }, {
            "name": "wait_for_trigger",
            "trigger": {
                "name": "metro_time_is_finished",

                "helper": "This trigger will be triggered when Metro Remaning Time Screen is at 0",
                "helperTitle": "UI : Metro Remaning Time is at 0"
            },
            "help": "Wait that trigger condition is valid",
            "helper": "This action will wait that the trigger is valid before do the next action ",
            "helperTitle": "Logic : Wait For Trigger"
        },
        {

            "name": "create_group",
            "tag": "train"

        }, {
            "name": "wait_second",
            "value": 1.00
        },
		{
			"channel": "sound",
			"datapack": "Metro of Night City",
			"name": "play_sound_file",
			"value": "h7-charterhill.mp3",
			"volume": 100
		},			
        {

            "name": "wait_second",
            "value": 1.00

        }, {
            "name": "fade_in",
            "value": 2,
            "message": "Later..."

        }, {
            "name": "teleport_entity_at_current_node",
			"range":100,

            "tag": "player",
            "atgameplayposition": false,
            "offset": 1.50
        }, {
            "name": "wait_second",
            "value": 7
        }, {

            "name": "summon_entity_at_current_node",
			"range":100,
			"atgameplayposition": false,
            "isAV": false,
            "npc": "Vehicle.v_mahir_mt28_coach",
            "amount": 1,
            "tag": "metroInside",
            "spawnlevel": 98

        }, {
            "name": "wait_second",
            "value": 1
        }, {

            "name": "entity_set_seat",
            "tag": "player",
            "vehicle": "metroInside",
            "waitforsit": false,
            "seat": "seat_back_left"
        }, {
            "name": "set_entity_to_group",
            "tag": "train",
            "entities": [
                "metroInside"

            ],
            "helper": "This action will set entity of an group of entity ",
            "helperTitle": "Group : Set entities"
        }, {

            "name": "toggle_immortal_entity",
            "tag": "metroInside",
            "immortal": true
        }, {
            "name": "vehicle_set_invincible",
            "tag": "metroInside",
            "helper": "This action will make the vehiucle invincible",
            "helperTitle": "Vehicule : Invincible"
        }, {
            "name": "wait_second",
            "value": 0.50
        },











        {
            "name": "if",
            "trigger": {

                "atgameplayposition": false,
                "name": "entity_is_in_specific_node",
                "node": "metro_charterhill_start",
                "tag": "player",
                "range": 60

            },
            "if_action": [{
                    "name": "set_group_circuit",
                    "circuit": "H7-CharterhillCirc",
                    "reverse": true,
                    "tag": "train"
                }
            ],
            "else_action": [{
                    "name": "set_group_circuit",
                    "circuit": "H7-CharterhillCirc",
                    "reverse": false,
                    "tag": "train"
                }
            ],
            "helper": "This action will check an trigger and execute IF actions if the trigger is OK or ELSE action if the trigger is not OK",
            "helperTitle": "Logic : If"
        },













        {
            "name": "wait_second",
            "value": 1
        }, {
            "name": "set_group_node_current_auto",
            "range": 50,
            "tag": "train"
        }, {
            "name": "wait_second",
            "value": 1
        }, {
            "name": "set_group_node_next_auto",

            "tag": "train"
        }, {
            "name": "wait_second",
            "value": 0.5
        }, {
            "name": "set_group_node_path_auto",

            "tag": "train"
        }, {
            "name": "wait_second",
            "value": 0.5
        },
        {
            "name": "fade_out",
            "value": 4

        }, {

            "name": "simple_message_metro",
            "entity": "metroInside"
        }, {
            "name": "run_group_path_cached",
            "tag": "train",
            "zoffset": 0.09
        }, {

            "name": "wait_second",
            "value": 0.50
        }, {
            "name": "wait_for_trigger",

            "trigger": {
                "name": "entity_path_is_finish",
                "tag": "metroInside"
            }

        }, {
            "name": "fade_in",
            "value": 4,
            "message": "Later..."

        }, {
            "name": "entity_unset_seat",
            "tag": "player",
            "vehicle": "metroInside",
            "waitforsit": false,
            "seat": "seat_back_left"
        }, {
            "name": "wait_second",
            "value": 2
        }, {
            "name": "clean_group_circuit",
            "tag": "train"

        }, {
            "name": "despawn_group",
            "tag": "train"

        }, {
            "name": "remove_group",
            "tag": "train"

        }, {
            "name": "wait_second",
            "value": 2
        }, {
            "name": "teleport_entity_at_current_node",
			"range":100,
            "tag": "player",
            "atgameplayposition": true,
            "offset": 1.50
        }, {
            "name": "fade_out",
            "value": 4,
            "message": "Later..."

        }
    ]

}
