{
	"title":"Subscribe TraumaTeam Membership",
	"tag":"trauma_membership_ui",
	"width":500,
	"heigh":500,
	"x":200,
	"y":200,
	
	"controls":
	[	
		
		
		
		
		
		
		
		
		
		
		
		
		
		
		{	
			"type":"label",
			"tag":"myscoreNo_label",
			"margin":{
				"left":450
			},
			"style":{
				"fontsize":50
			},
			"trigger":
			{
				"nomember":
					{
						"name": "check_score",
						"value":"trauma_membership",
						"key":"subscribe",
						"score":0,
						"operator":"empty",
						"helper": "This action will check the targeted score key value \n Available Operator : < || <= || > || >= || != || = ",
						"helperTitle": "Score : Check Score"
					},
				"member0":
					{
						"name": "check_score",
						"value":"trauma_membership",
						"key":"subscribe",
						"score":0,
						"operator":"=",
						"helper": "This action will check the targeted score key value \n Available Operator : < || <= || > || >= || != || = ",
						"helperTitle": "Score : Check Score"
					},
				
			},
			"requirement":[["nomember"],["member0"]],
			"value":
			{
				"type":"text",
				"value":"Your current plan : No Membership"
			}
		},
		
		
		
		{	
			"type":"label",
			"tag":"myscore1_label",
			"margin":{
				"left":450
			},
			"style":{
				"fontsize":50
			},
			"trigger":
			{
				"nomember":
					{
						"name": "check_score",
						"value":"trauma_membership",
						"key":"subscribe",
						"score":1,
						"operator":"=",
						"helper": "This action will check the targeted score key value \n Available Operator : < || <= || > || >= || != || = ",
						"helperTitle": "Score : Check Score"
					},
				
			},
			"requirement":[["nomember"]],
			"value":
			{
				"type":"text",
				"value":"Your current plan : Plan 01"
			}
		},
	
		{	
			"type":"label",
			"tag":"myscore2_label",
			"margin":{
					"left":450
			},
			"style":{
				"fontsize":50
			},
			"trigger":
			{
				"nomember":
					{
						"name": "check_score",
						"value":"trauma_membership",
						"key":"subscribe",
						"score":2,
						"operator":"=",
						"helper": "This action will check the targeted score key value \n Available Operator : < || <= || > || >= || != || = ",
						"helperTitle": "Score : Check Score"
					},
				
			},
			"requirement":[["nomember"]],
			"value":
			{
				"type":"text",
				"value":"Your current plan : Plan 02"
			}
		},
	
		{	
			"type":"label",
			"tag":"myscore3_label",
			"margin":{
				"left":450
			},
			"style":{
				"fontsize":50
			},
			"trigger":
			{
				"nomember":
					{
						"name": "check_score",
						"value":"trauma_membership",
						"key":"subscribe",
						"score":3,
						"operator":"=",
						"helper": "This action will check the targeted score key value \n Available Operator : < || <= || > || >= || != || = ",
						"helperTitle": "Score : Check Score"
					},
				
			},
			"requirement":[["nomember"]],
			"value":
			{
				"type":"text",
				"value":"Your current plan : Plan 03"
			}
		},
		
		
		
		
		
	
		
		
		
		
		
		
		
		
		
		
		
		
		
		
		{	
			"type":"label",
			"tag":"membership01_label00",
			"margin":{
				"left":600,
				"top":100
			},
			"style":{
				"fontsize":40
			},
			"trigger":
			{
				"auto":
				{
					"name":"auto"
				}
				
			},
			"requirement":[["auto"]],
			"value":
			{
				"type":"text",
				"value":"Plan 1 (25000$)"
			}
		},
		{	
			"type":"label",
			"tag":"membership01_label01",
			"margin":{
				"left":600,
				"top":150
			},
			"style":{
				"fontsize":30
			},
			"trigger":
			{
				"auto":
				{
					"name":"auto"
				}
				
			},
			"requirement":[["auto"]],
			"value":
			{
				"type":"text",
				"value":"Trauma Team comes help to you when your health is under 120."
			}
		},
		{	
			"type":"label",
			"tag":"membership01_label02",
			"margin":{
				"left":600,
				"top":190
			},
			"style":{
				"fontsize":30
			},
			"trigger":
			{
				"auto":
				{
					"name":"auto"
				}
				
			},
			"requirement":[["auto"]],
			"value":
			{
				"type":"text",
				"value":" If you are outside, our team comes to take you to med center in 20 second."
			}
		},
		
		{	
			"type":"label",
			"tag":"membership01_label2",
			"margin":{
				"left":600,
				"top":220
			},
			"style":{
				"fontsize":30
			},
			"trigger":
			{
				"auto":
				{
					"name":"auto"
				}
				
			},
			"requirement":[["auto"]],
			"value":
			{
				"type":"text",
				"value":"If you are inside, our team (1 soldier) comes to help you in 20 second."
			}
		},
		
	
		
	
		
		
		
		
		
		
		
		
		
		{	
			"type":"label",
			"tag":"membership02_label00",
			"margin":{
				"left":600,
				"top":300
			},
			"style":{
				"fontsize":40
			},
			"trigger":
			{
				"auto":
				{
					"name":"auto"
				}
				
			},
			"requirement":[["auto"]],
			"value":
			{
				"type":"text",
				"value":"Plan 2 (50000$)"
			}
		},
		{	
			"type":"label",
			"tag":"membership02_label01",
			"margin":{
				"left":600,
				"top":350
			},
			"style":{
				"fontsize":30
			},
			"trigger":
			{
				"auto":
				{
					"name":"auto"
				}
				
			},
			"requirement":[["auto"]],
			"value":
			{
				"type":"text",
				"value":"Trauma Team comes help to you when your health is under 120. "
			}
		},
		{	
			"type":"label",
			"tag":"membership02_label02",
			"margin":{
				"left":600,
				"top":390
			},
			"style":{
				"fontsize":30
			},
			"trigger":
			{
				"auto":
				{
					"name":"auto"
				}
				
			},
			"requirement":[["auto"]],
			"value":
			{
				"type":"text",
				"value":"If you are outside, our team comes to take you to med center in 7 second."
			}
		},
	
		
		
		
		{	
			"type":"label",
			"tag":"membership02_label2",
			"margin":{
				"left":600,
				"top":420
			},
			"style":{
				"fontsize":30
			},
			"trigger":
			{
				"auto":
				{
					"name":"auto"
				}
				
			},
			"requirement":[["auto"]],
			"value":
			{
				"type":"text",
				"value":"If you are inside, our team (2 soldier) comes to help you in 7 second."
			}
		},
		
	
	
		
	
		
		
		
		
		
		
		
		
		
		
		
		{	
			"type":"label",
			"tag":"membership03_label00",
			"margin":{
			"left":600,
				"top":500
			},
			"style":{
				"fontsize":40
			},
			"trigger":
			{
				"auto":
				{
					"name":"auto"
				}
				
			},
			"requirement":[["auto"]],
			"value":
			{
				"type":"text",
				"value":"Plan 3 (100000$)"
			}
		},
		{	
			"type":"label",
			"tag":"membership03_label01",
			"margin":{
				"left":600,
				"top":550
			},
			"style":{
				"fontsize":30
			},
			"trigger":
			{
				"auto":
				{
					"name":"auto"
				}
				
			},
			"requirement":[["auto"]],
			"value":
			{
				"type":"text",
				"value":"Trauma Team comes to help you when your health is under 120."
			}
		},
		{	
			"type":"label",
			"tag":"membership03_label02",
			"margin":{
				"left":600,
				"top":590
			},
			"style":{
				"fontsize":30
			},
			"trigger":
			{
				"auto":
				{
					"name":"auto"
				}
				
			},
			"requirement":[["auto"]],
			"value":
			{
				"type":"text",
				"value":"If you are outside, our team comes to take you to med center in 3 second."
			}
		},
		
		
		
		
		{	
			"type":"label",
			"tag":"membership03_label2",
			"margin":{
				"left":600,
				"top":620
			},
			"style":{
				"fontsize":30
			},
			"trigger":
			{
				"auto":
				{
					"name":"auto"
				}
				
			},
			"requirement":[["auto"]],
			"value":
			{
				"type":"text",
				"value":"If you are inside, our team (4 soldier) comes to help you in 3 second."
			}
		},
		
		
		
		
		
		
		
		
		
		
		
		
		
		
		
		
		
		
		
		
		
		
		
		
		
		
		
		
		
		
		
		
		
		
		
		
		
		
		{	
			"type":"button",
			"title":"Subscribe Plan 01",
			"tag":"membership01_btn",
		
			"style":{
				"fontsize":35,
				"width":400,
				"height":100
			},
			
			"margin":{
				"left":300,
				"top":150
			},
			
			"trigger":
			{
				
				"money":
				{
					"name": "money",
					"value": 25000,
					"helper": "This trigger will be triggered when you have enough money",
					"helperTitle": "Money : Have enough"
				}
				
			},
			"requirement":[["money"]],
			"action":
			[	
				{
					"name": "remove_money",
					"value": 25000,
					"helper": "This action will make remove an amount of money",
					"helperTitle": "Money : Remove Money"
				},
				{
					"name":"set_score",
					"score":"trauma_membership",
					"key":"subscribe",
					"value": 1,
					"helper": "This action will set a value for a key of a score ",
					"helperTitle": "Score : Set Score"
				},
				{
						"name":"close_interface"
				},
				{
					"name": "phone_notification",
					"title": "TraumaTeam Service",
					"desc": "Plan 01 subscribed",
					"duration": 5,
					"helper": "This action will make display an phone message notification",
					"helperTitle": "UI : Phone Notification"
				}	
			]
		},
		
		{	
			"type":"button",
			"title":"Subscribe Plan 02",
			"tag":"membership02_btn",
			"margin":{
				"left":300,
				"top":350
			},
			"style":{
				"fontsize":35,
				"width":400,
				"height":100
			},
			"trigger":
			{
				
				"money":
				{
					"name": "money",
					"value": 50000,
					"helper": "This trigger will be triggered when you have enough money",
					"helperTitle": "Money : Have enough"
				}
				
			},
			"requirement":[["money"]],
			"action":
			[
				{
					"name": "remove_money",
					"value": 50000,
					"helper": "This action will make remove an amount of money",
					"helperTitle": "Money : Remove Money"
				},
				{
					"name":"set_score",
					"score":"trauma_membership",
					"key":"subscribe",
					"value": 2,
					"helper": "This action will set a value for a key of a score ",
					"helperTitle": "Score : Set Score"
				},
				{
						"name":"close_interface"
				},
				{
					"name": "phone_notification",
					"title": "TraumaTeam Service",
					"desc": "Plan 02 subscribed",
					"duration": 5,
					"helper": "This action will make display an phone message notification",
					"helperTitle": "UI : Phone Notification"
				}	
			]
		},
		
		{	
			"type":"button",
			"title":"Subscribe Plan 03",
			"tag":"membership03_btn",
			"margin":{
				"left":300,
				"top":550
			},
			"style":{
				"fontsize":35,
				"width":400,
				"height":100
			},
			"trigger":
			{
				
				"money":
				{
					"name": "money",
					"value": 100000,
					"helper": "This trigger will be triggered when you have enough money",
					"helperTitle": "Money : Have enough"
				}
				
			},
			"requirement":[["money"]],
			"action":
			[
				{
					"name": "remove_money",
					"value": 100000,
					"helper": "This action will make remove an amount of money",
					"helperTitle": "Money : Remove Money"
				},
				{
					"name":"set_score",
					"score":"trauma_membership",
					"key":"subscribe",
					"value": 3,
					"helper": "This action will set a value for a key of a score ",
					"helperTitle": "Score : Set Score"
				},
				{
						"name":"close_interface"
				},
				{
					"name": "phone_notification",
					"title": "TraumaTeam Service",
					"desc": "Plan 03 subscribed",
					"duration": 5,
					"helper": "This action will make display an phone message notification",
					"helperTitle": "UI : Phone Notification"
				}
			]
		},
	
		{	
			"type":"button",
			"title":"Refund (half of the price)",
			"tag":"membership_reset_btn",
			"margin":{
				"left":500,
				"top":800
			},
			"style":{
				"fontsize":35,
				"width":800,
				"height":100
			},
			"trigger":
			{
				
				"auto":
				{
					"name": "auto"
				}
				
			},
			"requirement":[["auto"]],
			"action":
			[		
			
				{
					"name": "give_money",
					"value": 12500,
					"helper": "This action will make remove an amount of money",
					"helperTitle": "Money : Remove Money",
					"context": [
						{
							
							"trigger": {
								"score": {
									"name": "check_score",
									"value":"trauma_membership",
									"key":"subscribe",
									"score":2,
									"operator":"=",
									"helper": "This action will check the targeted score key value \n Available Operator : < || <= || > || >= || != || = ",
									"helperTitle": "Score : Check Score"
								},
							},
							"requirement": [["score"]],
							"prop": 
							{
							
								"value": {
									"text": "##money",
									"type":"number",
									"values":{
										"money": {
											"type": "number",
											"value": 25000
										}

									}
								
								}
							}
						},
						{
							
							"trigger": {
								"score": {
									"name": "check_score",
									"value":"trauma_membership",
									"key":"subscribe",
									"score":3,
									"operator":"=",
									"helper": "This action will check the targeted score key value \n Available Operator : < || <= || > || >= || != || = ",
									"helperTitle": "Score : Check Score"
								},
							},
							"requirement": [["score"]],
							"prop": 
							{
							
								"value": {
									"text": "##money",
									"type":"number",
									"values":{
										"money": {
											"type": "number",
											"value": 50000
										}

									}
								
								}
							}
						}
						
					]
				},
				
				{
					"name":"set_score",
					"score":"trauma_membership",
					"key":"subscribe",
					"value": 0,
					"helper": "This action will set a value for a key of a score ",
					"helperTitle": "Score : Set Score"
				},
				{
						"name":"close_interface"
				},
				{
					"name": "phone_notification",
					"title": "TraumaTeam Service",
					"desc": "You are refunded.",
					"duration": 5,
					"helper": "This action will make display an phone message notification",
					"helperTitle": "UI : Phone Notification"
				}
			]
		}
		
		
		
	]
	
}