{
	"name": "Life of Night City",
	"desc": "Interact and open up Night City to make it feel more alive. This Datapack will allow you to open up Locked Doors that you couldnt normally access, thus allowing you to explore various unexplored bulidings.",
	"author": "RedRockStudio (Donk7413)",
	"file": "Life of Night City.zip",
	"tag": "Life of Night City",
	"version": "2.3.0",
	"isessential": false,
	"isdebug": false,
	"branch": "beta",
	"requirement": null,
	"explicits": false,
	"flags": [
	],
	"Faction": null
}