{
    "name": "judylove_play",
    "tag": "judylove_play",
    "way": "world",
    "trigger": {
        "trigger01": {
            "name": "look_at_object",
            "value": "judy",
            "helper": "This trigger will be triggered when you look a entity who has the (value) word in her name",
            "helperTitle": "Player : Look at "
        },
        "trigger02": {
            "name": "custom_condition",
            "value": "judy_lover",
            "score": 0,
            "helper": "This trigger will be triggered when the custom score (value) have reach the score",
            "helperTitle": "Score : Custom Score"
        },
		"trigger03": {
		"name": "custom_place",
		"value": "judyhouse",
		"helper": "This trigger will be triggered when you are at a specific custom place",
		"helperTitle": "House : in specific Custom Place"
		}

    },

    "requirement": [
        [
            "trigger01", "trigger02","trigger03"
        ]
    ],
    "action": [{
            "name": "change_custom_condition",
            "value": "judy_lover",
            "score": 1,
            "helper": "This action will change the value of an custom score",
            "helperTitle": "Score :  change the value of an custom score"
        }, {
            "name": "setGameVolume",
            "value": "DialogueVolume",
            "score": 0,
            "help": "edit the game setting volume (MasterVolume/SfxVolume/DialogueVolume/MusicVolume/CarRadioVolume)",
            "helper": "This action will edit the game setting volume (MasterVolume/SfxVolume/DialogueVolume/MusicVolume/CarRadioVolume)",
            "helperTitle": "Sound : Set Game Volume"
        },
        {
            "name": "if",
            "trigger": {
                "name": "player_gender",
                "value": "male",
                "helper": "This trigger will be triggered when player has expected gender (male||female)",
                "helperTitle": "Player : Gender"
            },
            "if_action": [{
                    "name": "play_sound_file",
                    "value": "manofsteel.wav",
                    "channel": "sound",
                    "datapack": "Judy's Lover",
                    "volume": 100,
                    "help": "Use Sound Manager Mod to play a sound file in the channel (sound, music or env)",
                    "helper": "This action will Use Sound Manager Mod to play a sound file in the channel (sound, music or env) ",
                    "helperTitle": "Sound : Play file"
                }, {
                    "name": "subtitle",
                    "title": "You are my man of steel !",
                    "type": 1,
                    "target": "player",
                    "speaker": "Judy",
                    "duration": 2,
                    "helper": "This action will fire a subtitle on your bottom portion of the screen, The duration must complete in order for the next action to call. Type value just keep at 1 for now.",
                    "helperTitle": "Dialog : run a subtitle"
                }

            ],
            "else_action": [
                {
                    "name": "play_sound_file",
                    "value": "wonderwoman.wav",
                    "channel": "sound",
                    "datapack": "Judy's Lover",
                    "volume": 100,
                    "help": "Use Sound Manager Mod to play a sound file in the channel (sound, music or env)",
                    "helper": "This action will Use Sound Manager Mod to play a sound file in the channel (sound, music or env) ",
                    "helperTitle": "Sound : Play file"
                }, {
                    "name": "subtitle",
                    "title": "You are my Wonder Woman !",
                    "type": 1,
                    "target": "player",
                    "speaker": "Judy",
                    "duration": 2,
                    "helper": "This action will fire a subtitle on your bottom portion of the screen, The duration must complete in order for the next action to call. Type value just keep at 1 for now.",
                    "helperTitle": "Dialog : run a subtitle"
                }

            ],
            "helper": "This action will check a trigger and execute IF actions if the trigger is OK or ELSE action if the trigger is not OK",
            "helperTitle": "Logic : If"
        }, {
            "name": "setGameVolume",
            "value": "DialogueVolume",
            "score": 100,
            "help": "edit the game setting volume (MasterVolume/SfxVolume/DialogueVolume/MusicVolume/CarRadioVolume)",
            "helper": "This action will edit the game setting volume (MasterVolume/SfxVolume/DialogueVolume/MusicVolume/CarRadioVolume)",
            "helperTitle": "Sound : Set Game Volume"
        },
        {
            "name": "wait_second",
            "value": 10,
            "help": "Wait x second",
            "helper": "This action will wait x second before perform the next action",
            "helperTitle": "Logic : Wait X seconds"
        }, {
            "name": "change_custom_condition",
            "value": "judy_lover",
            "score": 0,
            "helper": "This action will change the value of an custom score",
            "helperTitle": "Score :  change the value of an custom score"
        }

    ]
}
