{
	"name": "Front Flip",
	"tag": "Front Flip",
	"display": "event_interact",
	"timer": 0,
	"sorttag": "0",
	"trigger": {
		"condition01": {
			"name": "auto"
		}
	},
	"requirement": [
		[
			"condition01"
		]
	],
	"action": [{
		"name":" player_toggle_v_component_visibility",
		"value":false
	}, {
		"name": "teleport",
		"tag": "player",
		"group": false,
		"position": "relative_to_entity",
		"position_helper": "relative_to_entity||relative_to_entity||node||player_look_at||poi||mappin||fasttravel||custom_place||custom_room",
		"position_change_helper": "Write 'current' in position_tag for get current node,mappin, fasttravel, custom_place or custom_room. \n For poi if you write 'current' in position_poi_district you will get the current district, \n if you write 'current in position_poi_subdistrict you will get the current subdistrict. \n also if you write 'random' in position_poi_subdistrict or position_poi_district, you will get an 'random' value",
		"position_range": 50,
		"position_lookatdistance": 0,
		"position_tag": "player",
		"position_tag_helper": "judy01||playerhouse01||playerhouse_bed||",
		"position_way": "normal",
		"position_way_helper": "normal||behind||forward",
		"position_poi_district": "",
		"position_poi_subdistrict": "",
		"position_poi_is_for_car": false,
		"position_poi_from_position": false,
		"position_poi_use_location_tag": false,
		"position_poi_type": 1,
		"position_distance": 5,
		"position_house_way": "default",
		"position_house_way_helper": "default||enter||exit",
		"position_house_tag": "playerhouse01",
		"position_node_usegameplay": false,
		"x": 0,
		"y": 2.5,
		"z": 6
	}, {
		"name": "for",
		"amount": 10,
		"action": [{
			"name": "add_camera_rotation",
			"roll": 0,
			"pitch": -10,
			"yaw": 0
		}]
	}, {
		"name": "for",
		"amount": 10,
		"action": [{
			"name": "add_camera_rotation",
			"roll": 0,
			"pitch": 10,
			"yaw": 0
		}]
	}, {
		"name": "reset_camera"
	}, {
			"name":" player_toggle_v_component_visibility",
		"value":true
	}]
}