{
	"tag": "NC_news",
	"unlock": true,
	"speaker": "NewsBot",
	"conversation": [{
		"unlock": true,
		"tag": "milk",
		"tagprefix": "dad_",
		"message": [{
			"tagprefix": "milk_",
			"parent": "message",
			"tag": "message1",
			"text": "More News Uploading...",
			"unlock": true,
			"sender": 1,
			"choices": [{
				"tag": "answer1",
				"requirement": [
					["a"]
				],
				"parent": "choices",
				"text": "...",
				"action_bypassmenu_execution": false,
				"trigger": {
					"a": {
						"helperTitle": "Auto",
						"name": "auto",
						"helper": "This trigger will be triggered without need anything (default)"
					}
				},
				"action": [],
				"tagprefix": "message1_",
				"unlocknext": "message2"
			}],
			"readed": true,
			"unlocknext": "message2"
		}],
		"name": "NC NEWS",
		"parent": "conversation"
	}]

}