{
	"content": "Escort the VIP.",
	"district": 114,
	"end_action": [{
		"helper": "This action will add affinity to a specific npc (can be a negative value)",
		"helperTitle": "NPC : add affinity",
		"name": "entity_affinity",
		"score": 5,
		"tag": "vip_entity"
	}, {
		"help": "Wait x second",
		"helper": "This action will wait x seconds before the next action",
		"helperTitle": "Logic : Wait X seconds",
		"name": "wait_second",
		"value": 5
	}, {
		"name": "despawn_group",
		"tag": "vip_G"
	}, {
		"name": "remove_group",
		"tag": "vip_G"
	}, {
		"desc": "Escort the VIP.",
		"duration": 5,
		"helper": "This action will make display a quest notification (type : new | update | success | fail)",
		"helperTitle": "UI : Quest Notification",
		"name": "quest_notification",
		"title": "Escort Mission (Mox)",
		"type": "success"
	}, {
		"name": "gang_affinity",
		"score": 1,
		"value": "faction_mox"
	}, {
		"helper": "This action will give X amount of money",
		"helperTitle": "Money : Give money",
		"max": 5000,
		"min": 1000,
		"name": "give_random_money"
	}, {
		"helper": "This action will delete a specific mappin",
		"helperTitle": "Map : Delete Point",
		"name": "delete_map_point",
		"tag": "Escort_mission_3063419_end"
	}, {
		"desc": "Appreciate it, V! I sent your Pay for the Job done.",
		"duration": 5,
		"helper": "This action will make display a phone message notification",
		"helperTitle": "UI : Phone Notification",
		"name": "phone_notification",
		"title": "Rita Wheeler"
	}],
	"isNPCD": false,
	"mssiontype": 1,
	"objectives": [{
		"action": [{
			"name": "unlock_objective",
			"value": "Escort_mission_3063419_01"
		}, {
			"name": "track_objective",
			"value": "Escort_mission_3063419_01"
		}, {
			"name": "win_objective",
			"value": "Escort_mission_3063419_00"
		}],
		"failaction": [],
		"isoptionnal": false,
		"requirement": [
			["trigger"]
		],
		"resume_action": [],
		"state": 2,
		"tag": "Escort_mission_3063419_00",
		"title": "Go to The VIPs Pick up.",
		"trigger": {
			"trigger": {
				"name": "auto"
			}
		}
	}, {
		"action": [{
			"amount": 1,
			"appeareance": "",
			"create_group_if_not_exist": true,
			"group": "vip_G",
			"name": "spawn_npc",
			"position": "mappin",
			"position_distance": 15,
			"position_helper": "at||relative_to_entity||node||current_node||poi||mappin||fasttravel||current_fasttravel||custom_place||custom_room||current_custom_place||current_custom_room",
			"position_house_tag": "playerhouse01",
			"position_house_way": "default||enter||exit",
			"position_node_current_detection_range": 70,
			"position_node_usegameplay": false,
			"position_poi_range": 50,
			"position_poi_type": 3,
			"position_tag": "Escort_mission_3063419_start",
			"position_tag_helper": "judy01||playerhouse01||playerhouse_bed||",
			"position_way": "normal",
			"position_way_helper": "normal||behind||forward",
			"source": "faction",
			"source_helper": "npc||current_star||faction||current_district_leader||current_subdistrict_leader||district_leader||subdistrict_leader||random||from_list",
			"source_list": ["Character.Judy"],
			"source_tag": "faction_mox",
			"source_tag_helper": "Character.Judy||faction_mox||district_westbrook||NorthOaks",
			"source_use_rival": false,
			"source_use_vip": true,
			"spawnlevel": 36,
			"tag": "vip_entity",
			"use_police_prevention_system": true,
			"x": 0,
			"y": 0,
			"z": 0
		}, {
			"name": "wait_for_trigger",
			"trigger": {
				"entity": "player",
				"name": "entity_is_at_mappin_position",
				"range": 30,
				"tag": "Escort_mission_3063419_start"
			}
		}, {
			"name": "notify",
			"value": "Your VIP is nearby"
		}, {
			"name": "wait_second",
			"value": 2
		}, {
			"entity": "player",
			"name": "look_at_entity_entity",
			"tag": "vip_entity"
		}, {
			"helperTitle": "Entity : Play game voice",
			"name": "play_entity_voice",
			"tag": "vip_entity",
			"voice": "greeting"
		}, {
			"attitude": "companion",
			"entity": "player",
			"name": "attitude_entity_against_entity",
			"tag": "vip_entity"
		}, {
			"duration": 8,
			"name": "random_subtitle",
			"speaker": "VIP",
			"speakertag": "vip_entity",
			"target": "player",
			"title": ["Hello V, How are you ? I need to go to this spot on the map . Can you take me there ?", "Hi V, Are you ok ? I have  business in in this area on your map. Can you drive fast as possible ?", "Hey V, I was waiting for you. I have to go shopping. Can you take me  ?", "Oh V, Are you ready ? I must meet someone at this spot on your map.  Can you go with me ?", "So V, How are you ? I need to close do some work at A spot. Can you drive fast as possible ?"],
			"type": 1
		}, {
			"else_action": [{
				"duration": 3,
				"helper": "This action will fire an random subtitle, it act live wait for second",
				"helperTitle": "Dialog : run random subtitle",
				"name": "random_subtitle",
				"speaker": "V",
				"target": "player",
				"title": ["It's not like I have the choice...", " Oh good lord! Your wishe is my command.", "I do it just because Rita Wheeler ask me. Don't think I care about you."],
				"type": 1
			}, {
				"duration": 3,
				"helper": "This action will fire an random subtitle, it act live wait for second",
				"helperTitle": "Dialog : run random subtitle",
				"name": "random_subtitle",
				"speaker": "VIP",
				"speakertag": "vip_entity",
				"target": "player",
				"title": ["Well, that's clear. ", "Fine. I don't give a shit about what you think. ", "You are a dumbass, you know ? ", "Next time, don't ask Rita Wheeler, dickhead ! ", "I was thinking you are my choom, but I made a mistake. "],
				"type": 1
			}, {
				"duration": 3,
				"helper": "This action will fire an random subtitle, it act live wait for second",
				"helperTitle": "Dialog : run random subtitle",
				"name": "random_subtitle",
				"speaker": "VIP",
				"speakertag": "vip_entity",
				"target": "player",
				"title": ["Now go ! I don't want to talk anymore.", "Drive quickly ! More I stay near from you, more it smell.", "Hurry up !", "I don't want to talk anymore."],
				"type": 1
			}],
			"helper": "This action will check an trigger and execute IF actions if the trigger is OK or ELSE action if the trigger is not OK",
			"helperTitle": "Logic : If",
			"if_action": [{
				"duration": 3,
				"helper": "This action will fire an random subtitle, it act live wait for second",
				"helperTitle": "Dialog : run random subtitle",
				"name": "random_subtitle",
				"speaker": "V",
				"target": "player",
				"title": ["Sure, I will do it !", "You know you can count on me.", "I will not disappoint your expectations."],
				"type": 1
			}, {
				"duration": 3,
				"helper": "This action will fire an random subtitle, it act live wait for second",
				"helperTitle": "Dialog : run random subtitle",
				"name": "random_subtitle",
				"speaker": "entity",
				"speakertag": "vip_entity",
				"target": "player",
				"title": ["Thank you ! ", "Fine ! ", "Great ! ", "Cool ! ", "Nova ! "],
				"type": 1
			}, {
				"duration": 3,
				"helper": "This action will fire an random subtitle, it act live wait for second",
				"helperTitle": "Dialog : run random subtitle",
				"name": "random_subtitle",
				"speaker": "VIP",
				"speakertag": "vip_entity",
				"target": "player",
				"title": ["Drive carefully !", "Drive quickly ! ", "Hurry up ! ", "Take your time, I'm not late. ", "I know what you got, V !"],
				"type": 1
			}],
			"name": "if",
			"trigger": {
				"name": "entity_affinity",
				"score": 0,
				"tag": "vip_entity"
			}
		}, {
			"helper": "This action will make display an in game notification",
			"helperTitle": "UI : Notification",
			"name": "notify",
			"value": "Get in your Vehicle"
		}, {
			"helper": "This action will unlock objective",
			"helperTitle": "Quest : Unlock objective",
			"name": "unlock_objective",
			"value": "Escort_mission_3063419_02"
		}, {
			"helper": "This action will track objective",
			"helperTitle": "Quest : Track Objective",
			"name": "track_objective",
			"value": "Escort_mission_3063419_02"
		}, {
			"helper": "This action will win objective",
			"helperTitle": "Quest : Win Objective",
			"name": "win_objective",
			"value": "Escort_mission_3063419_01"
		}, {
			"helper": "This action will delete a specific mappin",
			"helperTitle": "Map : Delete Point",
			"name": "delete_map_point",
			"tag": "Escort_mission_3063419_start"
		}],
		"failaction": [],
		"index": 1,
		"isoptionnal": false,
		"parent": "objectives",
		"requirement": [
			["atpoint"]
		],
		"resume_action": [],
		"state": 1,
		"tag": "Escort_mission_3063419_01",
		"tagprefix": "escort_template_",
		"title": "Pick up the VIP",
		"trigger": {
			"atpoint": {
				"entity": "player",
				"name": "entity_is_at_mappin_position",
				"range": 50,
				"tag": "Escort_mission_3063419_start"
			}
		}
	}, {
		"action": [{
			"helper": "This action will make display an in game message",
			"helperTitle": "UI : Message",
			"name": "simple_message",
			"value": "VIP is in Vehicle. Proceed to Destination, Marked on your Map."
		}, {
			"active": true,
			"desc": "ESCORT VIP's DESTINATION.",
			"mapgroup": "",
			"name": "set_mappin",
			"position": "poi_district",
			"position_distance": 50,
			"position_helper": "at||poi_district|| poi_subdistrict|| poi_current_district|| poi_current_subdistrict|| relative_to_entity||on_entity||on_group|| node|| current_node|| poi_tag|| fasttravel|| custom_place||custom_room",
			"position_house_tag": "playerhouse01",
			"position_house_way": "default||enter||exit",
			"position_node_current_detection_range": 70,
			"position_node_usegameplay": false,
			"position_poi_district": "",
			"position_poi_from_position": false,
			"position_poi_is_for_car": false,
			"position_poi_range": 3000,
			"position_poi_subdistrict": "",
			"position_poi_type": 3,
			"position_poi_use_location_tag": false,
			"position_random": false,
			"position_tag": "",
			"position_tag_helper": "judy01||playerhouse01||playerhouse_bed||",
			"position_way": "normal",
			"position_way_helper": "normal||behind||forward",
			"tag": "Escort_mission_3063419_end",
			"title": "VIP's Destination",
			"typemap": "ExclamationMarkVariant",
			"wall": true,
			"x": 0,
			"y": 0,
			"z": 0
		}, {
			"helper": "This action will unlock objective",
			"helperTitle": "Quest : Unlock objective",
			"name": "unlock_objective",
			"value": "Escort_mission_3063419_03"
		}, {
			"helper": "This action will track objective",
			"helperTitle": "Quest : Track Objective",
			"name": "track_objective",
			"value": "Escort_mission_3063419_03"
		}, {
			"helper": "This action will win objective",
			"helperTitle": "Quest : Win Objective",
			"name": "win_objective",
			"value": "Escort_mission_3063419_02"
		}],
		"failaction": [],
		"index": 3,
		"isoptionnal": false,
		"parent": "objectives",
		"requirement": [
			["incar?"]
		],
		"resume_action": [],
		"state": 1,
		"tag": "Escort_mission_3063419_02",
		"tagprefix": "escort_template_",
		"title": "Get in your car",
		"trigger": {
			"incar?": {
				"helper": "This trigger will be triggered when you are in a car",
				"helperTitle": "Player : In car",
				"name": "in_car"
			}
		}
	}, {
		"action": [{
			"name": "win_objective",
			"value": "Escort_mission_3063419_03"
		}],
		"failaction": [],
		"isoptionnal": false,
		"requirement": [
			["atpoint", "atpointvip"]
		],
		"resume_action": [],
		"state": 1,
		"tag": "Escort_mission_3063419_03",
		"title": "Go to  The Destination, Marked on the Map, with the VIP",
		"trigger": {
			"atpoint": {
				"entity": "player",
				"name": "entity_is_at_mappin_position",
				"range": 10,
				"tag": "Escort_mission_3063419_end"
			},
			"atpointvip": {
				"entity": "vip_entity",
				"name": "entity_is_at_mappin_position",
				"range": 10,
				"tag": "Escort_mission_3063419_end"
			}
		}
	}],
	"questtype": 4,
	"recommandedlevel": 5,
	"recurrent": true,
	"tag": "Escort_mission_3063419",
	"title": "Escort VIP (Mox)",
	"trigger_action": [{
		"duration": 3,
		"helper": "This action will fire an random subtitle, it act live wait for second",
		"helperTitle": "Dialog : run random subtitle",
		"name": "random_subtitle",
		"speaker": "Rita Wheeler",
		"target": "player",
		"title": ["V, Meet the vip and escort them to their Destination. I'll send you their location to your Map. ", "V, Join the vip and get them to their Desired location. I'll send you their Pickup point to your Map. ", "V, Go to the vip and drive them to their Desired location. I'll send you their pick up to your Map. ", "V, Get to the vip and go with them to their Desired location. I'll send you their pick up spot to your Map."],
		"type": 1
	}, {
		"active": true,
		"desc": "Escort's Location.",
		"mapgroup": "",
		"name": "set_mappin",
		"position": "poi_district",
		"position_distance": 50,
		"position_helper": "at||poi_district|| poi_subdistrict|| poi_current_district|| poi_current_subdistrict|| relative_to_entity||on_entity||on_group|| node|| current_node|| poi_tag|| fasttravel|| custom_place||custom_room",
		"position_house_tag": "playerhouse01",
		"position_house_way": "default||enter||exit",
		"position_node_current_detection_range": 70,
		"position_node_usegameplay": false,
		"position_poi_district": "",
		"position_poi_from_position": false,
		"position_poi_is_for_car": false,
		"position_poi_range": 3000,
		"position_poi_subdistrict": "",
		"position_poi_type": 3,
		"position_poi_use_location_tag": false,
		"position_random": false,
		"position_tag": "",
		"position_tag_helper": "judy01||playerhouse01||playerhouse_bed||",
		"position_way": "normal",
		"position_way_helper": "normal||behind||forward",
		"tag": "Escort_mission_3063419_start",
		"title": "Escort Mission (Mox)",
		"typemap": "ExclamationMarkVariant",
		"wall": true,
		"x": 0,
		"y": 0,
		"z": 0
	}, {
		"duration": 6,
		"name": "random_subtitle",
		"speaker": "V",
		"target": "player",
		"title": ["Alright, I got some time to do this.", "Gladly be of assistance for them.", "I shall be on my way then", "Should be a good time then.", " Alrightie then.", "Okie Dokie.", " *nods* "],
		"type": 1
	}, {
		"desc": "Go to the VIP's Pickup spot, Marked on the map.",
		"duration": 5,
		"name": "quest_notification",
		"title": "Escort Mission (Mox)",
		"type": "new"
	}],
	"trigger_condition": {
		"trigger": {
			"name": "npc",
			"value": "fixer_rita",
			"way": "fixer"
		}
	},
	"trigger_condition_requirement": [
		["trigger"]
	]
}