{
	"title": "Kill mission (TygerClaws)",
	"content": "Help TygerClaws Gain some Control in Night City.",
	"tag": "Kill_6_mission_9518207",
	"mssiontype": 1,
	"recommandedlevel": 3,
	"questtype": 4,
	"district": 111,

	"isNPCD": false,
	"recurrent": true,
	"trigger_condition": {
		"trigger": {
			"name": "npc",
			"value": "fixer_wakako",
			"way": "fixer"
		}
	},
	"trigger_condition_requirement": [
		[
			"trigger"
		]
	],
	"trigger_action": [

		{
			"name": "random_subtitle",
			"title": [
				"Some assholes took some of our friends out.You need to send them a little message.",
				"Gonks are causing a lot of trouble with our Business.You have to show them who they are fucking with.",
				"A few Gonks thought they could get the jump on our members, Go show them their plan is blown.",
				"Some assholes attacked us during a job. You need to go gift them a bullet to the head."
			],
			"type": 1,
			"target": "player",
			"speaker": "Wakako Okada",
			"duration": 5,
			"helper": "This action will fire an random subtitle, it act live wait for second",
			"helperTitle": "Dialog : run random subtitle"
		},

		{
			"name": "set_mappin",
			"x": 0,
			"y": 0,
			"z": 0,
			"tag": "Kill_6_mission_9518207_start",
			"typemap": "ExclamationMarkVariant",
			"wall": true,
			"active": true,
			"mapgroup": "",
			"title": "Kill mission (TygerClaws)",
			"desc": "CM MISSION PIN.",

			"position": "poi_district",
			"position_random": false,
			"position_helper": "at||poi_district|| poi_subdistrict|| poi_current_district|| poi_current_subdistrict|| relative_to_entity||on_entity||on_group|| node|| current_node|| poi_tag|| fasttravel|| custom_place||custom_room",

			"position_tag": "",
			"position_tag_helper": "judy01||playerhouse01||playerhouse_bed||",

			"position_way": "normal",
			"position_way_helper": "normal||behind||forward",

			"position_poi_district": "",
			"position_poi_subdistrict": "",
			"position_poi_is_for_car": false,
			"position_poi_from_position": false,
			"position_poi_use_location_tag": false,
			"position_poi_range": 3000,
			"position_poi_type": 2,


			"position_distance": 50,

			"position_house_way": "default||enter||exit",

			"position_house_tag": "playerhouse01",

			"position_node_current_detection_range": 70,
			"position_node_usegameplay": false


		},

		{


			"name": "random_subtitle",
			"title": [
				"On it. ",
				"Consider it done.",
				"On my way",
				"Gotcha.",
				"They will know what pain is, Today.",
				"I will not let them survive",
				"It will be  carnage for them",
				" I AM THE LA-..... oh shit wrong Universe..",
				" *nods* ",
				"This will be fun",
				"Let's make the bodies hit the floor",
				" A Bullet a day keeps the Gonks away"

			],
			"type": 1,
			"target": "player",
			"speaker": "V",
			"duration": 5,
			"helper": "This action will fire an random subtitle, it act live wait for second",
			"helperTitle": "Dialog : run random subtitle"
		}, {
			"name": "quest_notification",
			"title": "Kill mission (TygerClaws)",
			"desc": "Help TygerClaws Gain some Control in Night City.",
			"duration": 4,
			"type": "new",
			"helper": "This action will make display a quest notification (type : new | update | success | fail)",
			"helperTitle": "UI : Quest Notification"

		}

	],
	"objectives": [{
			"title": "Go to The Location, Marked on your map",
			"tag": "Kill_6_mission_9518207_00",
			"state": 2,
			"isoptionnal": false,
			"trigger": {
				"trigger": {
					"name": "auto"
				}
			},
			"requirement": [
				[
					"trigger"
				]
			],
			"action": [{
					"name": "unlock_objective",
					"value": "Kill_6_mission_9518207_01"
				},
				{
					"name": "track_objective",
					"value": "Kill_6_mission_9518207_01"
				},
				{
					"name": "win_objective",
					"value": "Kill_6_mission_9518207_00"
				}
			],
			"failaction": [],
			"resume_action": []
		},
		{
			"title": "Eliminate your Gang's Targets (6 enemies) .",
			"tag": "Kill_6_mission_9518207_01",
			"state": 1,
			"isoptionnal": false,
			"trigger": {
				"trigger": {
					"name": "entity_is_at_mappin_position",
					"tag": "Kill_6_mission_9518207_start",
					"entity": "player",
					"range": 100
				}
			},
			"requirement": [
				[
					"trigger"
				]
			],
			"action": [{

					"name": "create_group",
					"tag": "Kill_6_mission_9518207"
				}, {
					"name": "simple_message",
					"value": "Targets nearby!"
				}, {
					"name": "wait_second",
					"value": 3
		
				}, {

					"name": "spawn_npc",
					"tag": "1",
					"spawnlevel": 36,
					"use_police_prevention_system": true,
					"group": "Kill_6_mission_9518207",
					"appeareance": "",
					"create_group_if_not_exist": false,
					"source": "current_subdistrict_leader",
					"source_helper": "npc||current_star||faction||current_district_leader||current_subdistrict_leader||district_leader||subdistrict_leader||random||from_list",

					"source_tag": "",
					"source_tag_helper": "Character.Judy||faction_mox||district_westbrook||NorthOaks",
					"source_list": ["Character.Judy"],
					"source_use_vip": false,
					"source_use_rival": true,

					"position": "mappin",
					"position_helper": "at||relative_to_entity||node||current_node||poi||mappin||fasttravel||current_fasttravel||custom_place||custom_room||current_custom_place||current_custom_room",

					"position_tag": "Kill_6_mission_9518207_start",
					"position_tag_helper": "judy01||playerhouse01||playerhouse_bed||",

					"position_way": "normal",
					"position_way_helper": "normal||behind||forward",
					"position_poi_range": 50,
					"position_poi_type": 2,
					"position_distance": 5,

					"position_house_way": "default||enter||exit",

					"position_house_tag": "playerhouse01",

					"position_node_current_detection_range": 70,
					"position_node_usegameplay": false,
					"x": 0,
					"y": 0,
					"z": 0,
					"amount": 6,
					"help": "This action will summon a custom npc with several custom parameter ",
					"helper": "This action will summon a custom npc with several custom parameter ",
					"helperTitle": "Entity : Spawn NPC"
				}, {
					"name": "wait_second",
					"value": 2
				},
				{

					"name": "new_map_point_to_group",
					"group": "Kill_6_mission_9518207",
					"typemap": "HuntForPsychoVariant",
					"wall": false,
					"active": false,
					"mapgroup": "Kill_6_mission_9518207"
				},
				{


					"name": "wait_for_trigger",
					"trigger": {
						"name": "entity_is_at_mappin_position",
						"tag": "Kill_6_mission_9518207_start",
						"entity": "player",
						"range": 80
					}
				}, {
					"name": "if",
					"trigger": {
						"name": "entity_is_spawn",
						"tag": "1_5"
					},
					"if_action": [{
							"name": "move_entity_at_relative_position",
							"tag": "1_1",
							"x": -2,
							"y": -3,
							"z": 0,
							"move": "Walk"
						},
						{
							"name": "move_entity_at_relative_position",
							"tag": "1_2",
							"x": 3,
							"y": 1,
							"z": 0,
							"move": "Walk"
						},
						{
							"name": "move_entity_at_relative_position",
							"tag": "1_3",
							"x": -5,
							"y": -5,
							"z": 0,
							"move": "Walk"
						},
						{
							"name": "move_entity_at_relative_position",
							"tag": "1_4",
							"x": -2,
							"y": -1,
							"z": 0,
							"move": "Walk"
						},
						{
							"name": "move_entity_at_relative_position",
							"tag": "1_6",
							"x": 4,
							"y": 2,
							"z": 0,
							"move": "Walk"
						},
						{
							"name": "move_entity_at_relative_position",
							"tag": "1_5",
							"x": -6,
							"y": 3,
							"z": 0,
							"move": "Walk"
						},
						{
							"name": "wait_second",
							"value": 2
						}, {
							"name": "move_entity_at_relative_position",
							"tag": "1_1",
							"x": 1,
							"y": 4,
							"z": 0,
							"move": "Walk"
						}, {
							"name": "wait_second",
							"value": 1
						}, {
							"name": "move_entity_at_relative_position",
							"tag": "1_1",
							"x": 4,
							"y": -3,
							"z": 0,
							"move": "Walk"
						}, {
							"name": "move_entity_at_relative_position",
							"tag": "1_3",
							"x": 2,
							"y": -7,
							"z": 0,
							"move": "Walk"
						}, {
							"name": "move_entity_at_relative_position",
							"tag": "1_4",
							"x": 5,
							"y": 6,
							"z": 0,
							"move": "Walk"
						}, {
							"name": "move_entity_at_relative_position",
							"tag": "1_5",
							"x": 9,
							"y": 2,
							"z": 0,
							"move": "Walk"


						}, {
							"name": "move_entity_at_relative_position",
							"tag": "1_6",
							"x": -9,
							"y": -5,
							"z": 0,
							"move": "Walk"


						}, {
							"name": "move_entity_at_relative_position",
							"tag": "1_2",
							"x": -3,
							"y": 9,
							"z": 0,
							"move": "Walk"

						}
					],
					"else_action": [{

					}]
				}, {
					"name": "quest_notification",
					"title": "Kill mission (TygerClaws)",
					"desc": "Eliminate your Gang's Targets (6 enemies) .",
					"duration": 3,
					"type": "update",
					"helper": "This action will make display a quest notification (type : new | update | success | fail)",
					"helperTitle": "UI : Quest Notification"
				}, {

					"name": "move_group_at_relative_position",
					"x": 1,
					"y": 1,
					"z": 0,
					"move": "Walk",
					"tag": "Kill_6_mission_9518207"

				},
				{


					"name": "wait_second",
					"value": 2




				},
				{
					"name": "attitude_group_against_entity",
					"tag": "Kill_6_mission_9518207",
					"entity": "player",
					"attitude": "hostile"

				},
				{
					"name": "wait_second",
					"value": 2
				},
				{

					"name": "play_group_voice",
					"tag": "Kill_6_mission_9518207",
					"voice": "battlecry_curse"

				}, {

					"name": "unlock_objective",
					"value": "Kill_6_mission_9518207_02"
				},
				{
					"name": "track_objective",
					"value": "Kill_6_mission_9518207_02"
				},
				{
					"name": "win_objective",
					"value": "Kill_6_mission_9518207_01"
				}
			],
			"failaction": [],
			"resume_action": []
		},
		{
			"title": "Finish the mission",
			"tag": "Kill_6_mission_9518207_02",
			"state": 1,
			"isoptionnal": false,
			"trigger": {
				"trigger": {

					"name": "killed_group",
					"tag": "Kill_6_mission_9518207"

				}

			},
			"requirement": [
				[
					"trigger"
				]
			],
			"action": [{

				"name": "win_objective",
				"value": "Kill_6_mission_9518207_02"


			}],
			"failaction": [],
			"resume_action": []
		}
	],


	"end_action": [{

			"name": "quest_notification",
			"title": "Kill mission (TygerClaws)",
			"desc": "Eliminate your Gang's Targets (6 enemies).",
			"duration": 5,
			"type": "success",
			"helper": "This action will make display a quest notification (type : new | update | success | fail)",
			"helperTitle": "UI : Quest Notification"
		}, {




			"name": "delete_map_group",
			"mapgroup": "Kill_6_mission_9518207"
		},
		{
			"name": "delete_map_point",
			"tag": "Kill_6_mission_9518207_start"
		},
		{
			"name": "gang_affinity",
			"score": 5,
			"value": "faction_tygerclaws"
		},
		{
			"name": "add_gang_currentdistrict_score",
			"faction": "faction_tygerclaws",
			"value": 5,
			"helper": "This action will add an value to the Gang District Score (can be negative)",
			"helperTitle": "Gang : Add District Score"
		},
		{


			"name": "add_gang_currentsubdistrict_score",
			"faction": "faction_tygerclaws",
			"value": 5,
			"helper": "This action will add an value to the Gang District Score (can be negative)",
			"helperTitle": "Gang : Add District Score"
		}, {
			"name": "remove_leader_currentdistrict_score",
			"value": 5,
			"helper": "This action will add an value to the Gang District Score ",
			"helperTitle": "Gang : Remove Current District Current Leader Score"
		}, {
			"name": "remove_leader_currentsubdistrict_score",
			"value": 5,
			"helper": "This action will add an value to the Gang District Score ",
			"helperTitle": "Gang : Remove Current Sub District Current Leader  Score"
		}, {
			"name": "phone_notification",
			"title": "Wakako Okada",
			"desc": "Thx V, Will send out some members to make sure the area is clear.Those Gonks better not fuck with us again.",
			"duration": 10

		}, {
			"name": "wait_second",
			"value": 30
		}, {
			"name": "despawn_group",
			"tag": "Kill_6_mission_9518207"

		},
		{

			"name": "remove_group",
			"tag": "Kill_6_mission_9518207"
		},
		{

			"name": "give_random_money",
			"min": 6000,
			"max": 65000
		},
		{

			"name": "wait_second",
			"value": 2





		}
	],

	"failure_action": [{
			"name": "notify",
			"value": "You failed !"
		},
		{
			"name": "delete_map_point",
			"tag": "Kill_6_mission_9518207_start"



		}
	]


}