{
	"title": "Parkour Mission",
	"content": "Reach  the Area at given location",
	"tag": "Parkour_mission_1061794",
	"mssiontype": 1,
	"recommandedlevel": 1,
	"questtype": 4,
	"district": 12,
	"isNPCD": false,
	"recurrent": true,
	"trigger_condition": {
		"trigger": {
			"name": "npc",
			"value": "fixer_dakota",
			"way": "fixer"
		}
	},
	"trigger_condition_requirement": [
		[
			"trigger"
		]
	],
	"trigger_action": [{
		
		"name": "subtitle",
		"title": "Hey, Got some of my people daring you to climb to this spot.",
		"type": 1,
		"target": "player",
		"speaker": "Dakota",
		"persistent": false,
		"duration": 3
	}, 
	 {
		"name": "set_mappin",
			"x": 0,
			"y": 0,
			"z": 0,
			"tag": "Parkour_mission_1061794_start",
			"typemap": "ExclamationMarkVariant",
			"wall": true,
			"active": true,
			"mapgroup": "",
			"title": "Explore mission",
			"desc": "CM MISSION PIN.",

			"position": "poi_district",
			"position_random": false,
			"position_helper": "at||poi_district|| poi_subdistrict|| poi_current_district|| poi_current_subdistrict|| relative_to_entity||on_entity||on_group|| node|| current_node|| poi_tag|| fasttravel|| custom_place||custom_room",

			"position_tag": "",
			"position_tag_helper": "judy01||playerhouse01||playerhouse_bed||",

			"position_way": "normal",
			"position_way_helper": "normal||behind||forward",

			"position_poi_district": "",
			"position_poi_subdistrict": "",
			"position_poi_is_for_car": false,
			"position_poi_from_position": false,
			"position_poi_use_location_tag": false,
			"position_poi_range": 3000,
			"position_poi_type": 4,


			"position_distance": 50,

			"position_house_way": "default||enter||exit",

			"position_house_tag": "playerhouse01",

			"position_node_current_detection_range": 70,
			"position_node_usegameplay": false

	},
	
	
	{
		"name": "random_subtitle",
		"title": [
			"Ah easy!",
			"This will be easy!",
			"Not even a challenge, I got this.",
			"Conisder it done."
		],
		"type": 1,
		"target": "player",
		"speaker": "V",
		"duration": 3,
		"helper": "This action will fire an random subtitle, it act live wait for second",
		"helperTitle": "Dialog : run random subtitle"
	}, {
		"name": "quest_notification",
	"title": "Parkour Mission",
	"desc": "Reach the Area at given location",
	"duration": 4,
	"type":"new",
	"helper": "This action will make display a quest notification (type : new | update | success | fail)",
		"helperTitle": "UI : Quest Notification"

	}
	],
	"objectives": [{
			"title": "Parkour to the spot, Marked on the map",
			"tag": "Parkour_mission_1061794_00",
			"state": 2,
			"isoptionnal": false,
			"trigger": {
				"trigger": {
					"name": "entity_is_at_mappin_position",
					"tag": "Parkour_mission_1061794_start",
					"entity": "player",
					"range": 5
				}
			},
			"requirement": [
				[
					"trigger"
				]
			],
			"action": [{
				"name": "quest_notification",
	"title": "Parkour Mission",
	"desc": "Reach the Area at given location",
	"duration": 8,
	"type":"success",
	"helper": "This action will make display a quest notification (type : new | update | success | fail)",
		"helperTitle": "UI : Quest Notification"
	},
	{

					"name": "phone_notification",
					"title": "Civilian",
					"desc": "Really Impressive! I just won my bet, And you get half of it. Team effort lol See ya next time, V!",
					"duration": 15
				},
				{
					"name": "give_money",
					"value": 5000
				}
			],
			"failaction": [],
			"resume_action": []
		}









	],

	"end_action": [{
		"name": "delete_map_point",
		"tag": "Parkour_mission_1061794_start",
		"helper": "This action will delete a specific mappin",
		"helperTitle": "Map : Delete Point"


		


	}]
}