{
	"title": "Rescue Mission (Mox)",
	"content": "Save a Friend of the Faction, from their Rivals",
	"tag": "Rescue_mission_4090893",
	"mssiontype": 1,
	"recommandedlevel": 1,
	"questtype": 4,
	"district": 59,
	"isNPCD": false,
	"recurrent": true,
	"trigger_condition": {
		"trigger": {
			"name": "npc",
			"value": "fixer_rita",
			"way": "fixer"
		}
	},
	"trigger_condition_requirement": [
		[
			"trigger"
		]
	],
	"trigger_action": [

		{
			"name": "random_subtitle",
			"title": [
				"Our rivals are taking control of our friend. You need to go fuck these guys up. Find them, kill them, and drive our friend to the safe spot  that I will send on your map when your VIP is in a car.",
				"Our rivals have kidnapped our friend. You have teach them not to fuck with our Friends.. Find them, zero the gonks, and drive our friend to a safe place that I will send on your map when your VIP is in a car.",
				"Our rivals want to kill our friend. You must go and fuck these guys up. Find them, kill them, and drive our friend to a safe place that I will send on your map when it's safe",
				"Our rivals want to torture our friend. You have to go fuck these guys up. Find them, kill them, and drive our friend to an safe place that I will send on your map when it's safe",
				"Our rivals are trying to steal cyber implants, and body parts, from our friend. You must fix this shit. Find them, kill them and drive our friend to an safe place that I will send on your map when it's safe"
			],
			"type": 1,
			"target": "player",
			"speaker": "Rita Wheeler",
			"duration": 8,
			"helper": "This action will fire an random subtitle, it act live wait for second",
			"helperTitle": "Dialog : run random subtitle"
		},

		{
			"name": "set_mappin",
			"x": 0,
			"y": 0,
			"z": 0,
			"tag": "Rescue_mission_4090893_start",
			"typemap": "ExclamationMarkVariant",
			"wall": true,
			"active": true,
			"mapgroup": "",
			"title": "Rescue mission (Mox)",
			"desc": "CM MISSION PIN.",

			"position": "poi_district",
			"position_random": false,
			"position_helper": "at||poi_district|| poi_subdistrict|| poi_current_district|| poi_current_subdistrict|| relative_to_entity||on_entity||on_group|| node|| current_node|| poi_tag|| fasttravel|| custom_place||custom_room",

			"position_tag": "",
			"position_tag_helper": "judy01||playerhouse01||playerhouse_bed||",

			"position_way": "normal",
			"position_way_helper": "normal||behind||forward",

			"position_poi_district": "",
			"position_poi_subdistrict": "",
			"position_poi_is_for_car": false,
			"position_poi_from_position": false,
			"position_poi_use_location_tag": false,
			"position_poi_range": 3000,
			"position_poi_type": 2,


			"position_distance": 50,

			"position_house_way": "default||enter||exit",

			"position_house_tag": "playerhouse01",

			"position_node_current_detection_range": 70,
			"position_node_usegameplay": false

		},
		{
			"name": "random_subtitle",
			"title": [
				"On it. ",
				"Consider it done.",
				"On my way",
				"Gotcha.",
				"They will pay for it",
				"I will protect Them, don't worry.",
				"I'm on already on it, They  will be safe."

			],
			"type": 1,
			"target": "player",
			"speaker": "V",
			"duration": 3,
			"helper": "This action will fire an random subtitle, it act live wait for second",
			"helperTitle": "Dialog : run random subtitle"

		}, {
			"name": "quest_notification",
			"title": "Rescue Mission (Mox)",
			"desc": "Save a Friend",
			"duration": 5,
			"type": "new",
			"helper": "This action will make display a quest notification (type : new | update | success | fail)",
			"helperTitle": "UI : Quest Notification"
		}

	],
	"objectives": [{
			"title": "Go to the Marked location and save our friend from The Rivals",
			"tag": "Rescue_mission_4090893_00",
			"state": 2,
			"isoptionnal": false,
			"trigger": {
				"trigger": {
					"name": "auto"
				}
			},
			"requirement": [
				[
					"trigger"
				]
			],
			"action": [{
				"name": "unlock_objective",
				"value": "Rescue_mission_4090893_01"
			}, {
				"name": "track_objective",
				"value": "Rescue_mission_4090893_01"
			}, {
				"name": "win_objective",
				"value": "Rescue_mission_4090893_00"
			}],
			"failaction": [],
			"resume_action": []
		},
		{
			"title": "Protect the vip from The Rivals. Zero them.",
			"trigger": {
				"atpoint": {

					"name": "entity_is_at_mappin_position",
					"tag": "Rescue_mission_4090893_start",
					"entity": "player",
					"range": 50
				}
			},
			"failaction": [],
			"index": 2,
			"isoptionnal": false,
			"parent": "objectives",
			"requirement": [
				["atpoint"]
			],
			"resume_action": [],
			"state": 1,
			"tag": "Rescue_mission_4090893_01",
			"tagprefix": "escort_template_",
			"action": [{


					"name": "quest_notification",
					"title": "Rescue Mission (Mox)",
					"desc": "Protect the vip from The Rivals. Zero them.",
					"duration": 5,
					"type": "update",
					"helper": "This action will make display a quest notification (type : new | update | success | fail)",
					"helperTitle": "UI : Quest Notification"
				}, {


					"name": "simple_message",
					"value": "VIP nearby!"
				}, {
					"name": "wait_second",
					"value": 3
				}, {


					"name": "spawn_npc",
					"tag": "rescue_mission_vip",
					"spawnlevel": 36,
					"use_police_prevention_system": true,
					"group": "VIP",
					"appeareance": "",
					"create_group_if_not_exist": true,
					"source": "faction",
					"source_helper": "npc||current_star||faction||current_district_leader||current_subdistrict_leader||district_leader||subdistrict_leader||random||from_list",

					"source_tag": "faction_mox",
					"source_tag_helper": "Character.Judy||faction_mox||district_westbrook||NorthOaks",
					"source_list": ["Character.Judy"],
					"source_use_vip": true,
					"source_use_rival": false,

					"position": "mappin",
					"position_helper": "at||relative_to_entity||node||current_node||poi||mappin||fasttravel||current_fasttravel||custom_place||custom_room||current_custom_place||current_custom_room",

					"position_tag": "Rescue_mission_4090893_start",
					"position_tag_helper": "judy01||playerhouse01||playerhouse_bed||",

					"position_way": "normal",
					"position_way_helper": "normal||behind||forward",
					"position_poi_range": 50,
					"position_poi_type": 2,
					"position_distance": 15,

					"position_house_way": "default||enter||exit",

					"position_house_tag": "playerhouse01",

					"position_node_current_detection_range": 70,
					"position_node_usegameplay": false,
					"x": 0,
					"y": 0,
					"z": 0,
					"amount": 1
				}, {
					"help": "Wait x second",
					"helper": "This action will wait x seconds before the next action",
					"helperTitle": "Logic : Wait X seconds",
					"name": "wait_second",
					"value": 3
				}, {
					"name": "spawn_npc",
					"tag": "Rescue_mission_4090893A",
					"spawnlevel": 36,
					"use_police_prevention_system": true,
					"group": "Rescue_mission_4090893",
					"appeareance": "",
					"create_group_if_not_exist": true,
					"source": "faction",
					"source_helper": "npc||current_star||faction||current_district_leader||current_subdistrict_leader||district_leader||subdistrict_leader||random||from_list",

					"source_tag": "faction_mox",
					"source_tag_helper": "Character.Judy||faction_mox||district_westbrook||NorthOaks",
					"source_list": ["Character.Judy"],
					"source_use_vip": false,
					"source_use_rival": true,

					"position": "relative_to_entity",
					"position_helper": "at||relative_to_entity||node||current_node||poi||mappin||fasttravel||current_fasttravel||custom_place||custom_room||current_custom_place||current_custom_room",

					"position_tag": "rescue_mission_vip",
					"position_tag_helper": "judy01||playerhouse01||playerhouse_bed||",

					"position_way": "behind",
					"position_way_helper": "normal||behind||forward",
					"position_poi_range": 50,
					"position_poi_type": 2,
					"position_distance": 5,

					"position_house_way": "default||enter||exit",

					"position_house_tag": "playerhouse01",

					"position_node_current_detection_range": 70,
					"position_node_usegameplay": false,
					"x": 2,
					"y": 2,
					"z": 0,
					"amount": 1,
					"help": "This action will summon a custom npc with several custom parameter ",
					"helper": "This action will summon a custom npc with several custom parameter ",
					"helperTitle": "Entity : Spawn NPC"
				}, {
					"help": "Wait x second",
					"helper": "This action will wait x seconds before the next action",
					"helperTitle": "Logic : Wait X seconds",
					"name": "wait_second",
					"value": 2
				},
				{
					"name": "move_entity_at_entity_relative",
					"entity": "player",
					"x": -1,
					"y": -1,
					"z": 0,
					"move": "Sprint",
					"tag": "blue01",
					"help": "Walk||Run||Sprint"
				}, {
					"attitude": "friendly",
					"entity": "player",
					"help": "hostile/companion/passive/psycho",
					"name": "attitude_entity_against_entity",
					"tag": "rescue_mission_vip"



				}, {
					"name": "look_at_entity_group",
					"tag": "Rescue_mission_4090893",
					"entity": "player"
				},
				{
					"name": "wait_second",
					"value": 1
				},
				{
					"name": "attitude_group_against_entity",
					"entity": "player",
					"tag": "Rescue_mission_4090893",
					"attitude": "hostile"
				}, {
					"name": "move_group_at_entity_relative_position",
					"entity": "player",
					"x": 0,
					"y": -1,
					"z": 0,
					"move": "Sprint",
					"tag": "Rescue_mission_4090893"

				},
				{

					"name": "new_map_point_to_group",
					"group": "Rescue_mission_4090893",
					"typemap": "HuntForPsychoVariant",
					"wall": true,
					"active": false,
					"mapgroup": "Rescue_mission_4090893"
				},
				{

					"name": "play_group_voice",
					"tag": "Rescue_mission_4090893",
					"voice": "battlecry_curse"
				},
				{
					"helper": "This action will make display an in game notification",
					"helperTitle": "UI : Notification",
					"name": "notify",
					"value": "Help The VIP"
				}, {
					"help": "Wait x second",
					"helper": "This action will wait x seconds before the next action",
					"helperTitle": "Logic : Wait X seconds",
					"name": "wait_second",
					"value": 1
				}, {
					"helperTitle": "Entity : Play game voice",
					"name": "play_entity_voice",
					"tag": "rescue_mission_vip",
					"voice": "fear_toll"
				}, {
					"name": "npc_chat",
					"title": "Help me!",
					"type": 1,
					"target": "rescue_mission_vip",
					"speaker": "entity",
					"speakertag": "rescue_mission_vip",
					"duration": 7,
					"helper": "This action will fire an npc chat, it act live wait for second",
					"helperTitle": "Dialog : run an npc chat"
				},
				{
					"helper": "This action will unlock objective",
					"helperTitle": "Quest : Unlock objective",
					"name": "unlock_objective",
					"value": "Rescue_mission_4090893_02"
				}, {
					"helper": "This action will track objective",
					"helperTitle": "Quest : Track Objective",
					"name": "track_objective",
					"value": "Rescue_mission_4090893_02"
				}, {
					"helper": "This action will win objective",
					"helperTitle": "Quest : Win Objective",
					"name": "win_objective",
					"value": "Rescue_mission_4090893_01"
				}, {
					"name": "delete_map_point",
					"tag": "Rescue_mission_4090893_start",
					"helper": "This action will delete a specific mappin",
					"helperTitle": "Map : Delete Point"
				}
			]

		},
		{
			"title": "Escort your friend to the location on your Map",
			"tag": "Rescue_mission_4090893_02",
			"state": 1,
			"isoptionnal": false,
			"trigger": {
				"kill": {
					"name": "killed_group",
					"tag": "Rescue_mission_4090893"
				}
			},
			"requirement": [
				[
					"kill"
				]
			],
			"action": [

				{
					"name": "quest_notification",
					"title": "Rescue Mission (Mox)",
					"desc": "Escort your friend to the location on your Map",
					"duration": 5,
					"type": "update",
					"helper": "This action will make display a quest notification (type : new | update | success | fail)",
					"helperTitle": "UI : Quest Notification"
				}, {
					"attitude": "companion",
					"entity": "player",
					"help": "hostile/companion/passive/psycho",
					"name": "attitude_entity_against_entity",
					"tag": "rescue_mission_vip"
				},
				{
					"name": "delete_map_group",
					"mapgroup": "Rescue_mission_4090893"
				},
				{
					"name": "despawn_group",
					"tag": "Rescue_mission_4090893"
				},
				{
					"name": "remove_group",
					"tag": "Rescue_mission_4090893"
				},

				{
					"name": "delete_map_point",
					"tag": "Rescue_mission_4090893_start",
					"helper": "This action will delete a specific mappin",
					"helperTitle": "Map : Delete Point"
				}, {
					"name": "gang_affinity",
					"score": 1,
					"value": "faction_tygerclaws"
				},
				{

					"name": "add_gang_currentdistrict_score",
					"faction": "faction_mox",
					"value": 1,
					"helper": "This action will add an value to the Gang District Score (can be negative)",
					"helperTitle": "Gang : Add District Score"
				},
				{
					"name": "remove_gang_currentdistrict_score",
					"faction": "faction_tygerclaws",
					"value": 1,
					"helper": "This action will add an value to the Gang District Score (can be negative)",
					"helperTitle": "Gang : Add District Score"
				},
				{
					"name": "add_gang_currentsubdistrict_score",
					"faction": "faction_mox",
					"value": 1,
					"helper": "This action will add an value to the Gang District Score (can be negative)",
					"helperTitle": "Gang : Add District Score"
				},
				{
					"name": "remove_gang_currentsubdistrict_score",
					"faction": "faction_tygerclaws",
					"value": 1,
					"helper": "This action will add an value to the Gang District Score (can be negative)",
					"helperTitle": "Gang : Add District Score"
				},
				{
					"name": "subtitle",
					"value": "All right, let's get away from here!",
					"type": 1,
					"target": "player",
					"speaker": "entity",
					"speakertag": "rescue_mission_vip",
					"persistent": false,
					"duration": 5
				}, {
					"name": "subtitle",
					"value": "Yes, it's best to get out of here.",
					"type": 1,
					"target": "player",
					"speaker": "V",
					"persistent": false,
					"duration": 5
				}, {
					"helper": "This action will unlock objective",
					"helperTitle": "Quest : Unlock objective",
					"name": "unlock_objective",
					"value": "Rescue_mission_4090893_03"
				}, {
					"helper": "This action will track objective",
					"helperTitle": "Quest : Track Objective",
					"name": "track_objective",
					"value": "Rescue_mission_4090893_03"
				}, {
					"helper": "This action will win objective",
					"helperTitle": "Quest : Win Objective",
					"name": "win_objective",
					"value": "Rescue_mission_4090893_02"
				}

			],
			"failaction": [],
			"resume_action": []
		},
		{
			"failaction": [],
			"index": 3,
			"isoptionnal": false,
			"parent": "objectives",
			"requirement": [
				["incar?"]
			],
			"resume_action": [],
			"state": 1,
			"tag": "Rescue_mission_4090893_03",
			"tagprefix": "escort_template_",
			"title": "Get in your car",
			"trigger": {
				"incar?": {
					"name": "in_car",
					"helper": "This trigger will be triggered when you are in a car",
					"helperTitle": "Player : In car"
				}
			},
			"action": [{
					"name": "phone_notification",
					"title": "Rita Wheeler",
					"desc": "Sending you the spot for you guys to go to.",
					"duration": 5

				}, {
					"name": "set_mappin",
					"x": 0,
					"y": 0,
					"z": 0,
					"tag": "Rescue_mission_4090893_end",
					"typemap": "ExclamationMarkVariant",
					"wall": true,
					"active": true,
					"mapgroup": "",
					"title": "Rescue Mission SAFEPOINT",
					"desc": "CM MISSION PIN.",

					"position": "poi_district",
					"position_random": false,
					"position_helper": "at||poi_district|| poi_subdistrict|| poi_current_district|| poi_current_subdistrict|| relative_to_entity||on_entity||on_group|| node|| current_node|| poi_tag|| fasttravel|| custom_place||custom_room",

					"position_tag": "",
					"position_tag_helper": "judy01||playerhouse01||playerhouse_bed||",

					"position_way": "normal",
					"position_way_helper": "normal||behind||forward",

					"position_poi_district": "",
					"position_poi_subdistrict": "",
					"position_poi_is_for_car": false,
					"position_poi_from_position": false,
					"position_poi_use_location_tag": false,
					"position_poi_range": 3000,
					"position_poi_type": 3,


					"position_distance": 50,

					"position_house_way": "default||enter||exit",

					"position_house_tag": "playerhouse01",

					"position_node_current_detection_range": 70,
					"position_node_usegameplay": false
				},
				{
					"helper": "This action will unlock objective",
					"helperTitle": "Quest : Unlock objective",
					"name": "unlock_objective",
					"value": "Rescue_mission_4090893_04"
				}, {
					"helper": "This action will track objective",
					"helperTitle": "Quest : Track Objective",
					"name": "track_objective",
					"value": "Rescue_mission_4090893_04"
				}, {
					"helper": "This action will win objective",
					"helperTitle": "Quest : Win Objective",
					"name": "win_objective",
					"value": "Rescue_mission_4090893_03"
				}

			]

		},
		{
			"title": "Go to the Safe point with the VIP",
			"tag": "Rescue_mission_4090893_04",
			"state": 4,
			"isoptionnal": false,
			"trigger": {
				"atpoint": {

					"name": "entity_is_at_mappin_position",
					"tag": "Rescue_mission_4090893_end",
					"entity": "player",
					"range": 15
				},
				"atpointvip": {

					"name": "entity_is_at_mappin_position",
					"tag": "Rescue_mission_4090893_end",
					"entity": "rescue_mission_vip",
					"range": 15
				}
			},
			"requirement": [
				[
					"atpoint", "atpointvip"
				]
			],
			"action": [

				{
					"name": "delete_map_point",
					"tag": "Rescue_mission_4090893_end",
					"helper": "This action will delete a specific mappin",
					"helperTitle": "Map : Delete Point"
				}, {
					"name": "win_objective",
					"value": "Rescue_mission_4090893_04"
				}

			],
			"failaction": [],
			"resume_action": []
		}

	],

	"end_action": [{


			"name": "quest_notification",
			"title": "Rescue Mission (Mox)",
			"desc": "Escort your friend to the location on your Map",
			"duration": 5,
			"type": "success",
			"helper": "This action will make display a quest notification (type : new | update | success | fail)",
			"helperTitle": "UI : Quest Notification"
		}, {

			"duration": 6,
			"helper": "This action will shpw a subtitle entry, it will stay on screen for the specified duration",
			"helperTitle": "Dialog : run a subtitle",
			"name": "subtitle",
			"speaker": "entity",
			"speakertag": "rescue_mission_vip",
			"target": "player",
			"title": "Thanks for the save. I'll Let someone know about what went down today.",
			"type": 1
		}, {

			"duration": 3,
			"helper": "This action will shpw a subtitle entry, it will stay on screen for the specified duration",
			"helperTitle": "Dialog : run a subtitle",
			"name": "subtitle",
			"speaker": "V",
			"target": "player",
			"title": "Don't worry, You're safe now. Let's meet later.",
			"type": 1
		}, {

			"name": "wait_second",
			"value": 2,
			"help": "Wait x second",
			"helper": "This action will wait x seconds before the next action",
			"helperTitle": "Logic : Wait X seconds"
		}, {
			"name": "entity_affinity",
			"tag": "rescue_mission_vip",
			"score": 1,
			"helper": "This action will add affinity to a specific npc (can be a negative value)",
			"helperTitle": "NPC : add affinity"
		}, {
			"name": "despawn_entity",
			"tag": "rescue_mission_vip",
			"helper": "This action will despawn a custom entity",
			"helperTitle": "Entity : Despawn an entity"
		}, {
			"name": "despawn_group",
			"tag": "VIP"
		},
		{
			"name": "remove_group",
			"tag": "VIP"
		}, {

			"desc": "Our friend is safe, thx V.",
			"duration": 5,
			"helper": "This action will make display a phone message notification",
			"helperTitle": "UI : Phone Notification",
			"name": "phone_notification",
			"title": "Rita Wheeler"
		},
		{
			"name": "give_random_money",
			"min": 10000,
			"max": 45000,
			"helper": "This action will give X amount of money",
			"helperTitle": "Money : Give money"

		}
	]
}