{
	"title": "Delamain's Taxi Mission",
	"content": "Customers need to get to Their Destination safely, but Delamain's AI  has been M.I.A. recently. Help  pick them up and take them to their Destination. You will be paid for the job.",
	"tag": "Taxi_mission_3559227",
	"mssiontype": 1,
	"recommandedlevel": 4,
	"questtype": 4,
	"district": 111,

	"isNPCD": false,
	"recurrent": true,
	"trigger_condition": {
		"trigger": {
			"name": "auto"




		}
	},
	"trigger_condition_requirement": [
		[
			"trigger"
		]
	],
	"trigger_action": [{

			"name": "random_subtitle",
			"title": [
				"So I'm a taxi driver now...I might regret this later.",
				"Alright, hope they aren't a gonk.",
				"I got nothin' better to do, I guess.",
				"Shouldn't be a big task to handle",
				"I got Time",
				"Go, Go, Gadge- ah wait Wrong Universe",
				" *sigh*... Another Day, Another Eddie"


			],
			"type": 1,
			"target": "player",
			"speaker": "V",
			"duration": 4,
			"helper": "This action will fire an random subtitle, it act live wait for second",
			"helperTitle": "Dialog : run random subtitle"
		},
		{
			"name": "new_map_point",
			"x": -939.908,
			"y": -76.189,
			"z": 7.510,
			"tag": "Taxi_mission_3559227_start",
			"typemap": "ExclamationMarkVariant",
			"wall": true,
			"active": true,
			"title": "Delamain's Taxi Mission",
			"desc": "Go to Delamain HQ Get in the Delamain Taxi"
		}
	],
	"objectives": [{
			"title": "Go to Delamain HQ To pick up the Taxi Car",
			"tag": "Taxi_mission_3559227_00",
			"state": 2,
			"isoptionnal": false,
			"trigger": {
				"trigger": {
					"name": "auto"
				}
			},
			"requirement": [
				[
					"trigger"
				]
			],
			"action": [{

					"name": "notify",
					"value": "Go to Delamain HQ Get in the Delamain Taxi"
				}, {


					"name": "wait_for_trigger",
					"trigger": {
						"name": "testFor",
						"triggers": [{
							"name": "entity_is_at_mappin_position",
							"tag": "Taxi_mission_3559227_start",
							"entity": "player",
							"range": 70
						}, {
							"name": "compare",
							"trigger": {
								"name": "in_car"

							},
							"expected": false

						}],
						"logic": "and"

					}
				}, {
					"name": "summon_vehicule_from_faction",
					"x": -960.762,
					"y": -70.786,
					"z": 7.510,
					"amount": 1,
					"tag": "taxi",
					"spawnlevel": 36,
					"ambush": false,
					"faction": "faction_delamain",
					"group": ""
				}, {
					"name": "wait_second",
					"value": 2
				},
				{

					"name": "vehicle_change_doors",
					"value": "unlock",
					"tag": "taxi"
				}, {
					"name": "vehicle_change_engine",
					"value": "on",
					"tag": "taxi"
				}, {
					"name": "wait_for_trigger",
					"trigger": {
						"name": "in_car_specific",
						"value": "delamain"
					}
				},
				{
					"name": "notify",
					"value": "Drive to the customer at their pick up spot, Marked on your NC Maps"
				}, {
					"name": "unlock_objective",
					"value": "Taxi_mission_3559227_01"
				},
				{
					"name": "track_objective",
					"value": "Taxi_mission_3559227_01"
				},
				{
					"name": "delete_map_point",
					"tag": "Taxi_mission_3559227_start"
				},
				{
					"name": "win_objective",
					"value": "Taxi_mission_3559227_00"
				}
			],
			"failaction": [],
			"resume_action": []
		},
		{
			"title": "Pick up the customer at their location",
			"tag": "Taxi_mission_3559227_01",
			"state": 1,
			"isoptionnal": false,
			"trigger": {
				"trigger": {
					"name": "in_car_specific",
					"value": "delamain"



				}
			},
			"requirement": [
				[
					"trigger"
				]
			],
			"action": [{

					"name": "new_map_point_from_random_district",


					"tag": "Taxi_mission_3559227_pickup",
					"typemap": "ExclamationMarkVariant",
					"wall": true,
					"active": true,
					"mapgroup": "",
					"title": "Taxi Mission",
					"desc": "TAXI CUSTOMER LOCATION"
				}, {
					"name": "wait_for_trigger",
					"trigger": {
						"name": "entity_is_at_mappin_position",
						"tag": "Taxi_mission_3559227_pickup",
						"entity": "player",
						"range": 20

					}
				},
				{
					"name": "notify",
					"value": "Customer walking to your location"
				},
				{
					"name": "wait_second",
					"value": 1
				},
				{

					"name": "spawn_npc",
		"tag": "customer",
		"spawnlevel": 36,
		"use_police_prevention_system": true,
		"group": "",
		"scriptlevel":0,
		"appearance": "none",
		"create_group_if_not_exist": false,
		"source": "from_list",
		"source_helper": "npc||current_star||faction||current_district_leader||current_subdistrict_leader||district_leader||subdistrict_leader||random||from_list||district_rival||subdistrict_rival||current_district_rival||current_subdistrict_rival",
		"source_gang": "faction_mox",
		"source_tag": "Character.Judy",
		"source_tag_helper": "Character.Judy||faction_mox||district_westbrook||NorthOaks",
		"source_list": ["Character.CitizenBikerFemale",
		"Character.CitizenBikerMale",
		"Character.CitizenRichFemale",
		"Character.CitizenRichMale",
		"Character.CorpoMan",
		"Character.CorpoManBig",
		"Character.CorpoWomanAfterWork",
		"Character.CorpoWomanCorporat",
		"Character.Grilled_Food_Woman",
		"Character.CreoleMan",
		"Character.CitizenRichMaleDriver",
		"Character.CreoleVendorFemale",
		"Character.CitizenAldecaldosFemale",
		"Character.DefaultNCResidentMale",
		"Character.DefaultNCResidentFemale",
		"Character.HobotownSlackerFemale",
		"Character.HobotownSlackerMale",
		"Character.LowlifeWoman",
		"Character.JunkieMale",
		"Character.JunkieFemale",
		"Character.NightlifeMale",
		"Character.NightlifeMaleBig",
		"Character.NightlifeWoman",
		"Character.ReligiousFemale",
		"Character.ServiceDiningWoman",
		"Character.ServiceDancerFemale",
		"Character.SexworkerFemaleDE",
		"Character.SexworkerFemale"],
		"source_use_vip": false,
		"source_use_rival": false,

		"position": "relative_to_entity",
		"position_helper": "at||relative_to_entity||node||current_node||poi||mappin||fasttravel||current_fasttravel||custom_place||custom_room||current_custom_place||current_custom_room",

		"position_tag": "player",
		"position_tag_helper": "judy01||playerhouse01||playerhouse_bed||",

		"position_way": "behind",
		"position_way_helper": "normal||behind||forward",



		"position_poi_district": "",
		"position_poi_subdistrict": "",
		"position_poi_is_for_car": false,
		"position_poi_from_position": false,
		"position_poi_use_location_tag": false,
		"position_poi_range": 50,
		"position_poi_type": 1,


		"position_distance": 7,

		"position_house_way": "default||enter||exit",

		"position_house_tag": "playerhouse01",

		"position_node_current_detection_range": 70,
		"position_node_usegameplay": false,
		"x": -2,
		"y": 0,
		"z": -0.2,
		"amount": 1,
		"help": "This action will summon a custom npc with several custom parameter ",
		"helper": "This action will summon a custom npc with several custom parameter ",
		"helperTitle": "Entity : Spawn NPC"

				},
				{
					"name": "wait_second",
					"value": 1
				},
				{
					"name": "attitude_entity_against_entity",
					"tag": "customer",
					"entity": "player",
					"attitude": "companion"
				}, {

					"name": "entity_set_seat",
					"tag": "customer",
					"vehicle": "taxi",
					"waitforsit": true,
					"seat": "seat_back_right"
				
					

				}, {
					"name": "set_mappin",
		"x": 0,
		"y": 0,
		"z": 0,
		"tag": "Taxi_mission_3559227_dropoff",
		"typemap": "ExclamationMarkVariant",
		"wall": true,
		"active": true,
		"mapgroup": "",
		"title": "Taxi Mission (TygerClaws)",
		"desc": "CUSTOMER's DESTINATION",

		"position": "poi",
		"position_random": false,
		"position_helper": "at||poi_district|| poi_subdistrict|| poi_current_district|| poi_current_subdistrict|| relative_to_entity||on_entity||on_group|| node|| current_node|| poi_tag|| fasttravel|| custom_place||custom_room",

		"position_tag": "judy01",
		"position_tag_helper": "judy01||playerhouse01||playerhouse_bed||",

		"position_way": "normal",
		"position_way_helper": "normal||behind||forward",

		"position_poi_district": "",
		"position_poi_subdistrict": "",
		"position_poi_is_for_car": false,
		"position_poi_from_position": false,
		"position_poi_use_location_tag": false,
		"position_poi_range": 3000,
		"position_poi_type": 3,


		"position_distance": 5,

		"position_house_way": "default||enter||exit",

		"position_house_tag": "playerhouse01",

		"position_node_current_detection_range": 70,
		"position_node_usegameplay": false,

		"help": "This action will summon a custom npc with several custom parameter ",
		"helper": "This action will summon a custom npc with several custom parameter ",
		"helperTitle": "Map : Set Mappin"
				}, {
					"name": "wait_for_trigger",
					"trigger": {
						"name": "entity_at_relative_player_position",
						"x": 0,
						"y": -0.5,
						"z": 0,
						"range": 5,
						"tag": "customer"
					}



				}, {
					"name": "random_subtitle",
					"title": [
						"Where to?.... Ha!, Just kidding I already know...",
						"Hello and Welcome to  the Night City Taxi Service...",
						" * Awkard silence *....alrightie then.. ",
						" Hi, I'm V, I'll be your driver today.",
						" Hey there, There's snacks in the back and a charger for your Cybernetics."


					],
					"type": 1,
					"target": "player",
					"speaker": "V",
					"duration": 4


				}, {
					"name": "random_subtitle",
					"title": [
						"Ya. Hi,  Uh, just Drive please... thanks. ",
						" * Awkard silence * ",
						"I'm not in the mood for conversation",
						"Working hard or hardly working? ha ha",
						" Thanks for this, I appreciate it.",
						" * pulls out phone, ignoring driver * ",
						" I'm Running late, can we hurry this up?",
						" Took ya long enough to get here"
						


					],
					"type": 1,
					"target": "player",
					"speaker": "customer",
					"duration": 5


				}, {
					"name": "wait_second",
					"value": 0.5
				},
				{
					"name": "simple_message",
					"value": "Customer in Vehicle, Proceed to your Destination Marked on the NC Map"

				},
				{
					"name": "delete_map_point",
					"tag": "Taxi_mission_3559227_pickup"
				},
				{



					"name": "unlock_objective",
					"value": "Taxi_mission_3559227_02"
				},
				{
					"name": "track_objective",
					"value": "Taxi_mission_3559227_02"
				},
				{
					"name": "win_objective",
					"value": "Taxi_mission_3559227_01"
				}
			],
			"failaction": [],
			"resume_action": []
		},
		{
			"title": "Drop the customer off at their destination.",
			"tag": "Taxi_mission_3559227_02",
			"state": 1,
			"isoptionnal": false,
			"trigger": {
				"trigger": {
					"name": "entity_is_at_mappin_position",
					"tag": "Taxi_mission_3559227_dropoff",
					"entity": "player",
					"range": 25
				}
			},
			"requirement": [
				[
					"trigger"
				]
			],
			"action": [{
					"name": "wait_second",
					"value": 1


				},
				{
					"name": "simple_message",
					"value": "Destination Reached."
				},
				{
					"name": "wait_second",
					"value": 3
				},
				{
					"name": "entity_unset_seat",
					"tag": "customer",
					"vehicle": "taxi",
					"waitforsit": false,
					"seat": "seat_back_right"



				},
				{


					"name": "wait_second",
					"value": 2






				},
				{







					"name": "give_random_money",
					"min": 2500,
					"max": 75000
				},
				{


					



					"name": "win_objective",
					"value": "Taxi_mission_3559227_02"
				}
			],
			"failaction": [],
			"resume_action": []
		}
	],
	"end_action": [{

			"name": "delete_map_point",
			"tag": "Taxi_mission_3559227_dropoff"
		},
		{
			"name": "despawn_entity",
			"tag": "customer"




		}
	],
	"failure_action": [{
			"name": "notify",
			"value": "You failed !"
		},
		{

			"name": "delete_map_point",
			"tag": "Taxi_mission_3559227_dropoff"
		},
		{
			"name": "despawn_entity",
			"tag": "customer"


		}
	]
}