{
	"title": "Trafficking (Maelstrom)",
	"content": "Maelstrom need New members to join their gang, Find unsuspecting rivals to grow their faction",
	"tag": "Trafficking_mission_9561811",
	"mssiontype": 1,
	"recommandedlevel": 5,
	"questtype": 4,
	"district": 31,

	"isNPCD": false,
	"recurrent": true,
	"trigger_condition": {
		"trigger": {
			"name": "npc",
			"value": "fixer_patricia",
			"way": "fixer"
		},
		"trigger2": {
			"trigger": {
				"name": "gang_affinity",
				"value": "faction_maelstrom",
				"score": 40
			}
		}
	},
	"trigger_condition_requirement": [
		[
			"trigger"
		]
	],
	"trigger_action": [

		{
			"name": "random_subtitle",
			"title": [
				"blah blah",
				"Here's the Contract, Take them out Quick.",
				"We need to send a stronger message to our Rivals. Take this Contract, and help us put fear into their Eyes.",
				"When Our rivals want to act out of line, We must show them there's Consequences. Go show them what those Consequences look like.",
				"It's time to stir the pot, Take this contract and go send a message to our 'Friends'."

			],
			"type": 1,
			"target": "player",
			"speaker": "Patricia",
			"duration": 5,
			"helper": "This action will fire an random subtitle, it act live wait for second",
			"helperTitle": "Dialog : run random subtitle"
		},
		{
			"name": "set_mappin",
			"x": 0,
			"y": 0,
			"z": 0,
			"tag": "Trafficking_mission_9561811_start",
			"typemap": "ExclamationMarkVariant",
			"wall": true,
			"active": true,
			"mapgroup": "",
			"title": "Trafficking Mission (Maelstrom)",
			"desc": "CM MISSION PIN.",

			"position": "poi_district",
			"position_random": false,
			"position_helper": "at||poi_district|| poi_subdistrict|| poi_current_district|| poi_current_subdistrict|| relative_to_entity||on_entity||on_group|| node|| current_node|| poi_tag|| fasttravel|| custom_place||custom_room",

			"position_tag": "",
			"position_tag_helper": "judy01||playerhouse01||playerhouse_bed||",

			"position_way": "normal",
			"position_way_helper": "normal||behind||forward",

			"position_poi_district": "",
			"position_poi_subdistrict": "",
			"position_poi_is_for_car": false,
			"position_poi_from_position": false,
			"position_poi_use_location_tag": false,
			"position_poi_range": 3000,
			"position_poi_type": 3,


			"position_distance": 50,

			"position_house_way": "default||enter||exit",

			"position_house_tag": "playerhouse01",

			"position_node_current_detection_range": 70,
			"position_node_usegameplay": false


		},
		{


			"name": "random_subtitle",
			"title": [
				"On it. ",
				"Consider it done.",
				"On my way",
				"Gotcha.",
				" *nods* ",
				"This will be fun"

			],
			"type": 1,
			"target": "player",
			"speaker": "V",
			"duration": 5,
			"helper": "This action will fire an random subtitle, it act live wait for second",
			"helperTitle": "Dialog : run random subtitle"
		}, {
			"name": "quest_notification",
			"title": "Trafficking mission (Maelstrom)",
			"desc": "blah.",
			"duration": 4,
			"type": "new",
			"helper": "This action will make display a quest notification (type : new | update | success | fail)",
			"helperTitle": "UI : Quest Notification"

		}

	],
	"objectives": [{
			"title": "Go to The Location, Marked on your map",
			"tag": "Trafficking_mission_9561811_00",
			"state": 2,
			"isoptionnal": false,
			"trigger": {
				"trigger": {
					"name": "auto"
				}
			},
			"requirement": [
				[
					"trigger"
				]
			],
			"action": [{
					"name": "unlock_objective",
					"value": "Trafficking_mission_9561811_01"
				},
				{
					"name": "track_objective",
					"value": "Trafficking_mission_9561811_01"
				},
				{
					"name": "win_objective",
					"value": "Trafficking_mission_9561811_00"
				}
			],
			"failaction": [],
			"resume_action": []
		},
		{
			"title": "Incapacitate the Target",
			"tag": "Trafficking_mission_9561811_01",
			"state": 1,
			"isoptionnal": false,
			"trigger": {
				"trigger": {
					"name": "entity_is_at_mappin_position",
					"tag": "Trafficking_mission_9561811_start",
					"entity": "player",
					"range": 100
				}
			},
			"requirement": [
				[
					"trigger"
				]
			],
			"action": [{



					"name": "spawn_npc",
					"tag": "1",
					"spawnlevel": 36,
					"use_police_prevention_system": true,
					"group": "victim",
					"appeareance": "",
					"create_group_if_not_exist": true,
					"source": "faction",
					"source_helper": "npc||current_star||faction||current_district_leader||current_subdistrict_leader||district_leader||subdistrict_leader||random||from_list",

					"source_tag": "faction_maelstrom",
					"source_tag_helper": "Character.Judy||faction_mox||district_westbrook||NorthOaks",
					"source_list": ["Character.CitizenRichFemale", "Character.CitizenRichMale", "Character.CorpoMan", "Character.CorpoManBig", "Character.CorpoWomanCorporat", "Character.CitizenRichMaleDriver"],
					"source_use_victim": false,
					"source_use_rival": true,

					"position": "mappin",
					"position_helper": "at||relative_to_entity||node||current_node||poi||mappin||fasttravel||current_fasttravel||custom_place||custom_room||current_custom_place||current_custom_room",

					"position_tag": "Trafficking_mission_9561811_start",
					"position_tag_helper": "judy01||playerhouse01||playerhouse_bed||",

					"position_way": "normal",
					"position_way_helper": "normal||behind||forward",
					"position_poi_range": 50,
					"position_poi_type": 3,
					"position_distance": 7,

					"position_house_way": "default||enter||exit",

					"position_house_tag": "playerhouse01",

					"position_node_current_detection_range": 70,
					"position_node_usegameplay": false,
					"x": 0,
					"y": 0,
					"z": 0,
					"amount": 1,
					"help": "This action will summon a custom npc with several custom parameter ",
					"helper": "This action will summon a custom npc with several custom parameter ",
					"helperTitle": "Entity : Spawn NPC"
				}, {
					"name": "wait_second",
					"value": 2
				},
				{

					"name": "new_map_point_to_group",
					"group": "victim",
					"typemap": "TakeDownVariant",
					"wall": false,
					"active": false,
					"mapgroup": "Trafficking_mission_9561811"
				},
				{
					"name": "quest_notification",
					"title": "Trafficking Mission",
					"desc": "Incapacitate the Target",
					"duration": 3,
					"type": "update",
					"helper": "This action will make display a quest notification (type : new | update | success | fail)",
					"helperTitle": "UI : Quest Notification"
				}, {


					"name": "wait_for_trigger",
					"trigger": {
						"name": "entity_is_at_mappin_position",
						"tag": "Trafficking_mission_9561811_start",
						"entity": "player",
						"range": 40
					}
				}, {

					"name": "if",
					"trigger": {
						"name": "entity_is_spawn",
						"tag": "1"
					},
					"if_action": [{
							"name": "move_entity_at_relative_position",
							"tag": "1",
							"x": -1,
							"y": -1,
							"z": 0,
							"move": "Walk"
						},
						{
							"name": "wait_second",
							"value": 1
						}, {
							"name": "move_entity_at_relative_position",
							"tag": "1",
							"x": 3,
							"y": 4,
							"z": 0,
							"move": "Walk"
						}, {
							"name": "wait_second",
							"value": 1
						}, {

							"name": "move_entity_at_relative_position",
							"tag": "1",
							"x": -1,
							"y": -2,
							"z": 0,
							"move": "Walk"
						}, {
							"name": "wait_second",
							"value": 2
						}, {
							"name": "move_entity_at_relative_position",
							"tag": "1",
							"x": 3,
							"y": 2,
							"z": 0,
							"move": "Walk"

						}
					],

					"else_action": [{

					}]



				}, {


					"name": "unlock_objective",
					"value": "Trafficking_mission_9561811_02"
				},
				{
					"name": "track_objective",
					"value": "Trafficking_mission_9561811_02"
				},
				{
					"name": "win_objective",
					"value": "Trafficking_mission_9561811_01"
				}
			],
			"failaction": [],
			"resume_action": []
		},
		{
			"title": "Take Victim to the Trafficking Destination",
			"tag": "Trafficking_mission_9561811_02",
			"state": 1,
			"isoptionnal": false,
			"trigger": {
				"trigger": {

					"name": "entity_in_state",
					"tag": "1",
					"value": 7

				}

			},
			"requirement": [
				[
					"trigger"
				]
			],
			"action": [{
					"name": "set_mappin",
					"x": 0,
					"y": 0,
					"z": 0,
					"tag": "Trafficking_mission_9561811_end",
					"typemap": "ExclamationMarkVariant",
					"wall": true,
					"active": true,
					"mapgroup": "",
					"title": "Trafficking Destination",
					"desc": "CM MISSION PIN.",

					"position": "poi_district",
					"position_random": false,
					"position_helper": "at||poi_district|| poi_subdistrict|| poi_current_district|| poi_current_subdistrict|| relative_to_entity||on_entity||on_group|| node|| current_node|| poi_tag|| fasttravel|| custom_place||custom_room",

					"position_tag": "",
					"position_tag_helper": "judy01||playerhouse01||playerhouse_bed||",

					"position_way": "normal",
					"position_way_helper": "normal||behind||forward",

					"position_poi_district": "",
					"position_poi_subdistrict": "Northside",
					"position_poi_is_for_car": false,
					"position_poi_from_position": false,
					"position_poi_use_location_tag": false,
					"position_poi_range": 3000,
					"position_poi_type": 2,


					"position_distance": 50,

					"position_house_way": "default||enter||exit",

					"position_house_tag": "playerhouse01",

					"position_node_current_detection_range": 70,
					"position_node_usegameplay": false
				}, {

					"name": "unlock_objective",
					"value": "Trafficking_mission_9561811_03"
				},
				{
					"name": "track_objective",
					"value": "Trafficking_mission_9561811_03"
				},
				{
					"name": "win_objective",
					"value": "Trafficking_mission_9561811_02"

				}
			],
			"failaction": [],
			"resume_action": []
		}, {
			"title": "Take them to the Destination, Marked on your map",
			"tag": "Trafficking_mission_9561811_03",
			"state": 1,
			"isoptionnal": false,
			"trigger": {
				"trigger": {

					"name": "entity_is_at_mappin_position",
					"tag": "Trafficking_mission_9561811_end",
					"entity": "player",
					"range": 80

				}

			},
			"requirement": [
				[
					"trigger"
				]
			],
			"action": [{

					"name": "spawn_npc",
					"tag": "2",
					"spawnlevel": 45,
					"use_police_prevention_system": true,
					"group": "",
					"appeareance": "",
					"create_group_if_not_exist": false,
					"source": "faction",
					"source_helper": "npc||current_star||faction||current_district_leader||current_subdistrict_leader||district_leader||subdistrict_leader||random||from_list",

					"source_tag": "faction_maelstrom",
					"source_tag_helper": "Character.Judy||faction_mox||district_westbrook||NorthOaks",
					"source_list": ["Character.CitizenRichFemale", "Character.CitizenRichMale", "Character.CorpoMan", "Character.CorpoManBig", "Character.CorpoWomanCorporat", "Character.CitizenRichMaleDriver"],
					"source_use_victim": false,
					"source_use_rival": false,

					"position": "mappin",
					"position_helper": "at||relative_to_entity||node||current_node||poi||mappin||fasttravel||current_fasttravel||custom_place||custom_room||current_custom_place||current_custom_room",

					"position_tag": "Trafficking_mission_9561811_end",
					"position_tag_helper": "judy01||playerhouse01||playerhouse_bed||",

					"position_way": "normal",
					"position_way_helper": "normal||behind||forward",
					"position_poi_range": 50,
					"position_poi_type": 2,
					"position_distance": 7,

					"position_house_way": "default||enter||exit",

					"position_house_tag": "playerhouse01",

					"position_node_current_detection_range": 70,
					"position_node_usegameplay": false,
					"x": 0,
					"y": 0,
					"z": 0,
					"amount": 1,
					"help": "This action will summon a custom npc with several custom parameter ",
					"helper": "This action will summon a custom npc with several custom parameter ",
					"helperTitle": "Entity : Spawn NPC"
				}, {


					"name": "wait_for_trigger",
					"trigger": {
						"name": "entity_is_at_mappin_position",
						"tag": "Trafficking_mission_9561811_end",
						"entity": "player",
						"range": 50
					}


				}, {
					"name": "wait_second",
					"value": 1
				}, {
					"name": "attitude_entity_against_entity",
					"tag": "2",
					"entity": "player",
					"attitude": "friendly"
				}, {
					"name": "wait_for_trigger",
					"trigger": {
						"name": "entity_is_at_mappin_position",
						"tag": "Trafficking_mission_9561811_end",
						"entity": "player",
						"range": 15
					}
				}, {
					"name": "attitude_entity_against_entity",
					"tag": "2",
					"entity": "player",
					"attitude": "friendly"
				}, {
					"name": "phone_notification",
					"title": "Maelstrom",
					"desc": "Out of the car!.Safety Precaution",
					"duration": 5
				}, {

					"name": "change_objective_content",
					"tag": "Trafficking_mission_9561811_03",
					"value": "Get out of the Vehicle to Proceed with the Deal."

				},
				{
					"name": "quest_notification",
					"title": "Trafficking Mission",
					"desc": "Get out of the Vehicle",
					"duration": 4,
					"type": "update",
					"helper": "This action will make display a quest notification (type : new | update | success | fail)",
					"helperTitle": "UI : Quest Notification"
				}, {


					"name": "wait_for_trigger",
					"trigger": {
						"name": "compare",
						"trigger": {
							"name": "in_car"
						},
						"expected": false
					}
				}, {
					"name": "move_entity_at_entity_relative",
					"entity": "player",
					"x": 1,
					"y": 1,
					"z": 0,
					"move": "Walk",
					"tag": "2",
					"help": "Walk||Run||Sprint"

				}, {

					"name": "random_subtitle",
					"title": [
						"Excellent Work, Merc.",
						"Wonderful, They will make a fine addition to our collection",
						"Time to get to work on this lucky soul.",
						"Ah so glad they could join us!",
						"Thanks for this, Merc.",
						"You will be paid well",
						"My my, what pretty Cyberware they have."
						
					],
					"type": 1,
					"target": "player",
					"speaker": "Maelstrom Member",
					"duration": 5
				}, {
					"name": "wait_second",
					"value": 3
				}, {

					"name": "despawn_group",
					"tag": "victim"
				},
				{

					"name": "remove_group",
					"tag": "victim"
				}, {

					"name": "unlock_objective",
					"value": "Trafficking_mission_9561811_04"
				},
				{
					"name": "track_objective",
					"value": "Trafficking_mission_9561811_04"
				},
				{
					"name": "win_objective",
					"value": "Trafficking_mission_9561811_03"


				}
			],
			"failaction": [],
			"resume_action": []
		}, {
			"title": "Finish the mission",
			"tag": "Trafficking_mission_9561811_04",
			"state": 1,
			"isoptionnal": false,
			"trigger": {
				"trigger": {

					"name": "compare",
					"trigger": {
						"name": "group_is_spawn",
						"tag": "victim"
					},
					"expected": false

				}

			},
			"requirement": [
				[
					"trigger"
				]
			],
			"action": [{

				"name": "win_objective",
				"value": "Trafficking_mission_9561811_04"



			}],
			"failaction": [],
			"resume_action": []
		}
	],


	"end_action": [{

			"name": "wait_second",
			"value": 3

		
		},
		{
			"name": "wait_second",
			"value": 1

		}, {
			"name": "quest_notification",
			"title": "Trafficking Mission",
			"desc": "Nice!",
			"duration": 5,
			"type": "success",
			"helper": "This action will make display a quest notification (type : new | update | success | fail)",
			"helperTitle": "UI : Quest Notification"
		}, {

			"name": "delete_map_group",
			"mapgroup": "Trafficking_mission_9561811"
		},
		{
			"name": "delete_map_point",
			"tag": "Trafficking_mission_9561811_start"
		},
		{
			"name": "delete_map_point",
			"tag": "Trafficking_mission_9561811_end"
		},
		{

			"name": "wait_second",
			"value": 5
		}, {

			
			"name": "despawn_entity",
			"tag": "2"
		}, {

			"name": "give_random_money",
			"min": 50000,
			"max": 100000
		},
		{

			"name": "wait_second",
			"value": 2
		}, {


			"name": "gang_affinity",
			"score": 15,
			"value": "faction_maelstrom"
		},
		{

			"name": "phone_notification",
			"title": "Patricia",
			"desc": "Thanks, You did a good job.",
			"duration": 5
		}, {
			"name": "wait_second",
			"value": 8
		}, {
			"name": "phone_notification",
			"title": "Scavenger",
			"desc": "This Action will not go Unpunished, Merc. Watch Yourself!",
			"duration": 15



		}
	],

	"failure_action": [{
			"name": "notify",
			"value": "You failed !"
		},
		{
			"name": "delete_map_point",
			"tag": "Trafficking_mission_9561811_start"



		}
	]


}