{
	"desc": "CAR_PATROLLINGLCH_14",
	"locations": [
		{
			"x": -1502.2556152344,
			"subdistrict": "LittleChina",
			"inVehicule": true,
			"y": 1840.5651855469,
			"district": "Watson",
			"z": 18.035400390625,
			"Tag": "CAR_PATROLLINGLCH_14"
		},
		{
			"x": -1354.5280761719,
			"Tag": "CAR_PATROLLINGLCH_14",
			"inVehicule": true,
			"y": 1688.7482910156,
			"subdistrict": "LittleChina",
			"z": 18.000015258789,
			"district": "Watson"
		},
		{
			"x": -1340.2185058594,
			"Tag": "CAR_PATROLLINGLCH_14",
			"inVehicule": true,
			"y": 1604.7346191406,
			"subdistrict": "LittleChina",
			"z": 18.186889648438,
			"district": "Watson"
		},
		{
			"x": -1370.9501953125,
			"Tag": "CAR_PATROLLINGLCH_14",
			"inVehicule": true,
			"y": 1541.7835693359,
			"subdistrict": "LittleChina",
			"z": 18.016334533691,
			"district": "Watson"
		}
	],
	"isFor": 30,
	"tag": "CAR_PATROLLINGLCH_14"
}