{
	"desc": "Car_chase_POis",
	"locations": [{
			"x": -207.83839416504,
			"district": "Watson",
			"inVehicule": true,
			"y": -947.83831787109,
			"subdistrict": "LittleChina",
			"z": 7.362907409668,
			"Tag": "Car_chase_POis"
		},
		{
			"x": -545.54107666016,
			"Tag": "Car_chase_POis",
			"inVehicule": true,
			"y": 1612.1903076172,
			"subdistrict": "ArasakaWaterfront",
			"district": "Watson",
			"z": 22.150718688965
		},
		{
			"x": -466.27798461914,
			"Tag": "Car_chase_POis",
			"inVehicule": true,
			"y": 1661.1774902344,
			"subdistrict": "ArasakaWaterfront",
			"district": "Watson",
			"z": 27.487846374512
		},
		{
			"x": -545.54107666016,
			"Tag": "Car_chase_POis",
			"inVehicule": true,
			"y": 1612.1903076172,
			"subdistrict": "ArasakaWaterfront",
			"district": "Watson",
			"z": 22.150718688965
		},
		{
			"x": -287.71398925781,
			"district": "Watson",
			"inVehicule": true,
			"y": 1598.7841796875,
			"z": 41.022857666016,
			"subdistrict": "ArasakaWaterfront",
			"Tag": "Car_chase_POis"
		},
		{
			"x": -315.04275512695,
			"district": "Watson",
			"inVehicule": true,
			"y": 1449.0639648438,
			"z": 41.968063354492,
			"subdistrict": "ArasakaWaterfront",
			"Tag": "Car_chase_POis"
		},
		{
			"x": -370.97247314453,
			"district": "Watson",
			"inVehicule": true,
			"y": 1380.6354980469,
			"z": 41.964530944824,
			"subdistrict": "ArasakaWaterfront",
			"Tag": "Car_chase_POis"
		},
		{
			"x": -432.23132324219,
			"district": "Watson",
			"inVehicule": true,
			"y": 1407.0030517578,
			"z": 37.155456542969,
			"subdistrict": "ArasakaWaterfront",
			"Tag": "Car_chase_POis"
		},
		{
			"x": -537.46350097656,
			"district": "Watson",
			"inVehicule": true,
			"y": 1382.9517822266,
			"z": 37.062362670898,
			"subdistrict": "ArasakaWaterfront",
			"Tag": "Car_chase_POis"
		},
		{
			"x": -656.26489257813,
			"district": "Watson",
			"inVehicule": true,
			"y": 1227.4506835938,
			"z": 32.540954589844,
			"subdistrict": "ArasakaWaterfront",
			"Tag": "Car_chase_POis"
		},
		{
			"x": -715.98876953125,
			"district": "Watson",
			"inVehicule": true,
			"y": 1121.1195068359,
			"z": 28.431655883789,
			"subdistrict": "ArasakaWaterfront",
			"Tag": "Car_chase_POis"
		},
		{
			"x": -647.25183105469,
			"district": "Watson",
			"inVehicule": true,
			"y": 1043.4759521484,
			"z": 36.365188598633,
			"subdistrict": "ArasakaWaterfront",
			"Tag": "Car_chase_POis"
		},
		{
			"x": -723.43957519531,
			"district": "Watson",
			"inVehicule": true,
			"y": 983.90905761719,
			"z": 35.386764526367,
			"subdistrict": "ArasakaWaterfront",
			"Tag": "Car_chase_POis"
		},
		{
			"x": -720.71075439453,
			"district": "Watson",
			"inVehicule": true,
			"y": 997.19085693359,
			"z": 35.385398864746,
			"subdistrict": "ArasakaWaterfront",
			"Tag": "Car_chase_POis"
		},
		{
			"x": -709.35638427734,
			"district": "Watson",
			"inVehicule": true,
			"y": 877.56457519531,
			"z": 32.481201171875,
			"subdistrict": "ArasakaWaterfront",
			"Tag": "Car_chase_POis"
		},
		{
			"x": -728.53216552734,
			"district": "Watson",
			"inVehicule": true,
			"y": 798.96203613281,
			"z": 32.510627746582,
			"subdistrict": "ArasakaWaterfront",
			"Tag": "Car_chase_POis"
		},
		{
			"x": -725.59326171875,
			"district": "Watson",
			"inVehicule": true,
			"y": 812.37017822266,
			"z": 32.510627746582,
			"subdistrict": "ArasakaWaterfront",
			"Tag": "Car_chase_POis"
		},
		{
			"x": -640.88244628906,
			"district": "Watson",
			"inVehicule": true,
			"y": 661.46496582031,
			"z": 33.055992126465,
			"subdistrict": "ArasakaWaterfront",
			"Tag": "Car_chase_POis"
		},
		{
			"x": -488.69918823242,
			"district": "Watson",
			"inVehicule": true,
			"y": 549.4501953125,
			"z": 31.768295288086,
			"subdistrict": "ArasakaWaterfront",
			"Tag": "Car_chase_POis"
		},
		{
			"x": -714.1396484375,
			"district": "Watson",
			"inVehicule": true,
			"y": 344.18853759766,
			"z": 19.238006591797,
			"subdistrict": "ArasakaWaterfront",
			"Tag": "Car_chase_POis"
		},
		{
			"x": -675.78314208984,
			"district": "Watson",
			"inVehicule": true,
			"y": 280.37915039063,
			"z": 19.519996643066,
			"subdistrict": "ArasakaWaterfront",
			"Tag": "Car_chase_POis"
		},
		{
			"x": -634.81774902344,
			"district": "Watson",
			"inVehicule": true,
			"y": 124.76983642578,
			"z": 19.799331665039,
			"subdistrict": "ArasakaWaterfront",
			"Tag": "Car_chase_POis"
		},
		{
			"x": -475.97567749023,
			"district": "Watson",
			"inVehicule": true,
			"y": -2.3978958129883,
			"z": 14.904029846191,
			"subdistrict": "ArasakaWaterfront",
			"Tag": "Car_chase_POis"
		},
		{
			"x": -300.43798828125,
			"district": "Watson",
			"inVehicule": true,
			"y": -128.55665588379,
			"z": 7.0000305175781,
			"subdistrict": "ArasakaWaterfront",
			"Tag": "Car_chase_POis"
		},
		{
			"x": -231.29502868652,
			"district": "Watson",
			"inVehicule": true,
			"y": -172.77537536621,
			"z": 7.0000762939453,
			"subdistrict": "ArasakaWaterfront",
			"Tag": "Car_chase_POis"
		},
		{
			"x": -152.31675720215,
			"district": "Watson",
			"inVehicule": true,
			"y": -212.61825561523,
			"z": 7.0000381469727,
			"subdistrict": "ArasakaWaterfront",
			"Tag": "Car_chase_POis"
		},
		{
			"x": -96.424835205078,
			"district": "Watson",
			"inVehicule": true,
			"y": -262.11306762695,
			"z": 7.0025253295898,
			"subdistrict": "ArasakaWaterfront",
			"Tag": "Car_chase_POis"
		},
		{
			"x": -79.253540039063,
			"district": "Watson",
			"inVehicule": true,
			"y": -55.377014160156,
			"z": 7.0001068115234,
			"subdistrict": "ArasakaWaterfront",
			"Tag": "Car_chase_POis"
		},
		{
			"x": -1.1113357543945,
			"district": "Watson",
			"inVehicule": true,
			"y": 79.86506652832,
			"z": 14.437545776367,
			"subdistrict": "ArasakaWaterfront",
			"Tag": "Car_chase_POis"
		},
		{
			"x": -29.872108459473,
			"district": "Watson",
			"inVehicule": true,
			"y": 135.65814208984,
			"z": 14.437126159668,
			"subdistrict": "ArasakaWaterfront",
			"Tag": "Car_chase_POis"
		},
		{
			"x": -152.89877319336,
			"district": "Watson",
			"inVehicule": true,
			"y": 173.84341430664,
			"z": 14.328254699707,
			"subdistrict": "ArasakaWaterfront",
			"Tag": "Car_chase_POis"
		},
		{
			"x": -254.03401184082,
			"district": "Watson",
			"inVehicule": true,
			"y": 312.41613769531,
			"z": 28.711364746094,
			"subdistrict": "ArasakaWaterfront",
			"Tag": "Car_chase_POis"
		},
		{
			"x": -300.20059204102,
			"district": "Watson",
			"inVehicule": true,
			"y": 185.98677062988,
			"z": 28.617820739746,
			"subdistrict": "ArasakaWaterfront",
			"Tag": "Car_chase_POis"
		},
		{
			"x": -479.63012695313,
			"district": "Watson",
			"inVehicule": true,
			"y": 332.39202880859,
			"z": 22.340560913086,
			"subdistrict": "ArasakaWaterfront",
			"Tag": "Car_chase_POis"
		},
		{
			"x": -511.99395751953,
			"district": "Watson",
			"inVehicule": true,
			"y": 370.79647827148,
			"z": 22.54426574707,
			"subdistrict": "ArasakaWaterfront",
			"Tag": "Car_chase_POis"
		},
		{
			"x": -341.98052978516,
			"district": "Watson",
			"inVehicule": true,
			"y": 627.40710449219,
			"z": 46.160621643066,
			"subdistrict": "ArasakaWaterfront",
			"Tag": "Car_chase_POis"
		},
		{
			"x": -492.02380371094,
			"district": "Watson",
			"inVehicule": true,
			"y": 751.41528320313,
			"z": 46.461959838867,
			"subdistrict": "ArasakaWaterfront",
			"Tag": "Car_chase_POis"
		},
		{
			"x": -609.15551757813,
			"district": "Watson",
			"inVehicule": true,
			"y": 748.96948242188,
			"z": 34.547546386719,
			"subdistrict": "ArasakaWaterfront",
			"Tag": "Car_chase_POis"
		},
		{
			"x": -641.66125488281,
			"district": "Watson",
			"inVehicule": true,
			"y": 692.83203125,
			"z": 33.45775604248,
			"subdistrict": "ArasakaWaterfront",
			"Tag": "Car_chase_POis"
		},
		{
			"x": -690.19396972656,
			"district": "Watson",
			"inVehicule": true,
			"y": 656.74011230469,
			"z": 33.90470123291,
			"subdistrict": "ArasakaWaterfront",
			"Tag": "Car_chase_POis"
		},
		{
			"x": -762.28643798828,
			"district": "Watson",
			"inVehicule": true,
			"y": 21.088531494141,
			"z": 7.9991989135742,
			"subdistrict": "ArasakaWaterfront",
			"Tag": "Car_chase_POis"
		},
		{
			"x": -817.31024169922,
			"district": "Watson",
			"inVehicule": true,
			"y": -9.6261749267578,
			"z": 7.9987945556641,
			"subdistrict": "ArasakaWaterfront",
			"Tag": "Car_chase_POis"
		},
		{
			"x": -827.48498535156,
			"district": "Watson",
			"inVehicule": true,
			"y": 67.803604125977,
			"z": 8.0000915527344,
			"subdistrict": "ArasakaWaterfront",
			"Tag": "Car_chase_POis"
		},
		{
			"x": -907.18170166016,
			"district": "Watson",
			"inVehicule": true,
			"y": 119.76176452637,
			"z": 7.1158752441406,
			"subdistrict": "ArasakaWaterfront",
			"Tag": "Car_chase_POis"
		},
		{
			"x": -1002.7252197266,
			"district": "Watson",
			"inVehicule": true,
			"y": 196.07014465332,
			"z": 5.1562652587891,
			"subdistrict": "ArasakaWaterfront",
			"Tag": "Car_chase_POis"
		},
		{
			"x": -1140.9566650391,
			"district": "Watson",
			"inVehicule": true,
			"y": 290.85363769531,
			"z": 4.584228515625,
			"subdistrict": "ArasakaWaterfront",
			"Tag": "Car_chase_POis"
		},
		{
			"x": -1315.8543701172,
			"district": "Watson",
			"inVehicule": true,
			"y": 71.606292724609,
			"z": 7.8590240478516,
			"subdistrict": "ArasakaWaterfront",
			"Tag": "Car_chase_POis"
		},
		{
			"x": -1109.5863037109,
			"district": "Watson",
			"inVehicule": true,
			"y": -16.301902770996,
			"z": 7.5642166137695,
			"subdistrict": "ArasakaWaterfront",
			"Tag": "Car_chase_POis"
		},
		{
			"x": -1106.4786376953,
			"district": "Watson",
			"inVehicule": true,
			"y": -49.539596557617,
			"z": 7.5642166137695,
			"subdistrict": "ArasakaWaterfront",
			"Tag": "Car_chase_POis"
		},
		{
			"x": -904.92535400391,
			"district": "Watson",
			"inVehicule": true,
			"y": -90.185699462891,
			"z": 7.0335159301758,
			"subdistrict": "ArasakaWaterfront",
			"Tag": "Car_chase_POis"
		},
		{
			"x": -687.21520996094,
			"district": "Watson",
			"inVehicule": true,
			"y": -443.68411254883,
			"z": 8.0000762939453,
			"subdistrict": "ArasakaWaterfront",
			"Tag": "Car_chase_POis"
		},
		{
			"x": -661.30480957031,
			"district": "Watson",
			"inVehicule": true,
			"y": -422.98110961914,
			"z": 8.0000381469727,
			"subdistrict": "ArasakaWaterfront",
			"Tag": "Car_chase_POis"
		},
		{
			"x": -775.73980712891,
			"district": "Watson",
			"inVehicule": true,
			"y": -572.03942871094,
			"z": 8.0000991821289,
			"subdistrict": "ArasakaWaterfront",
			"Tag": "Car_chase_POis"
		},
		{
			"x": -814.33306884766,
			"district": "Watson",
			"inVehicule": true,
			"y": -607.49896240234,
			"z": 8.0000305175781,
			"subdistrict": "ArasakaWaterfront",
			"Tag": "Car_chase_POis"
		},
		{
			"x": -874.37713623047,
			"district": "Watson",
			"inVehicule": true,
			"y": -714.17443847656,
			"z": 8.0000915527344,
			"subdistrict": "ArasakaWaterfront",
			"Tag": "Car_chase_POis"
		},
		{
			"x": -915.60754394531,
			"district": "Watson",
			"inVehicule": true,
			"y": -660.11199951172,
			"z": 8.0000457763672,
			"subdistrict": "ArasakaWaterfront",
			"Tag": "Car_chase_POis"
		},
		{
			"x": -989.90887451172,
			"district": "Watson",
			"inVehicule": true,
			"y": -631.72229003906,
			"z": 8.0000839233398,
			"subdistrict": "ArasakaWaterfront",
			"Tag": "Car_chase_POis"
		},
		{
			"x": -1053.0891113281,
			"district": "Watson",
			"inVehicule": true,
			"y": -719.46264648438,
			"z": 7.9810028076172,
			"subdistrict": "ArasakaWaterfront",
			"Tag": "Car_chase_POis"
		},
		{
			"x": -1124.6353759766,
			"district": "Watson",
			"inVehicule": true,
			"y": -629.13159179688,
			"z": 8.0000457763672,
			"subdistrict": "ArasakaWaterfront",
			"Tag": "Car_chase_POis"
		},
		{
			"x": -1094.1931152344,
			"district": "Watson",
			"inVehicule": true,
			"y": -557.01696777344,
			"z": 8.0001068115234,
			"subdistrict": "ArasakaWaterfront",
			"Tag": "Car_chase_POis"
		},
		{
			"x": -662.15008544922,
			"district": "Watson",
			"inVehicule": true,
			"y": -751.55944824219,
			"z": 10.833419799805,
			"subdistrict": "ArasakaWaterfront",
			"Tag": "Car_chase_POis"
		},
		{
			"x": -461.24041748047,
			"district": "Watson",
			"inVehicule": true,
			"y": -795.44543457031,
			"z": 7.3020706176758,
			"subdistrict": "ArasakaWaterfront",
			"Tag": "Car_chase_POis"
		},
		{
			"x": -272.26275634766,
			"district": "Watson",
			"inVehicule": true,
			"y": -880.755859375,
			"z": 7.3195571899414,
			"subdistrict": "ArasakaWaterfront",
			"Tag": "Car_chase_POis"
		},
		{
			"x": -207.83839416504,
			"district": "Watson",
			"inVehicule": true,
			"y": -947.83831787109,
			"subdistrict": "LittleChina",
			"z": 7.362907409668,
			"Tag": "Car_chase_POis"
		},
		{
			"x": -145.1036529541,
			"district": "Watson",
			"inVehicule": true,
			"y": -1002.4127807617,
			"z": 7.4384918212891,
			"subdistrict": "ArasakaWaterfront",
			"Tag": "Car_chase_POis"
		},
		{
			"x": -289.67892456055,
			"Tag": "Car_chase_POis",
			"inVehicule": true,
			"y": -1118.4378662109,
			"subdistrict": "ArasakaWaterfront",
			"z": 7.4125823974609,
			"district": "Watson"
		},
		{
			"x": -363.20040893555,
			"Tag": "Car_chase_POis",
			"inVehicule": true,
			"y": -1049.7302246094,
			"subdistrict": "ArasakaWaterfront",
			"z": 7.3264617919922,
			"district": "Watson"
		},
		{
			"x": -472.61441040039,
			"Tag": "Car_chase_POis",
			"inVehicule": true,
			"y": -991.98382568359,
			"subdistrict": "ArasakaWaterfront",
			"z": 7.1830749511719,
			"district": "Watson"
		},
		{
			"x": -529.38342285156,
			"Tag": "Car_chase_POis",
			"inVehicule": true,
			"y": -929.19061279297,
			"subdistrict": "ArasakaWaterfront",
			"z": 7.2009429931641,
			"district": "Watson"
		},
		{
			"x": -570.2578125,
			"Tag": "Car_chase_POis",
			"inVehicule": true,
			"y": -902.60778808594,
			"subdistrict": "ArasakaWaterfront",
			"z": 7.2118759155273,
			"district": "Watson"
		},
		{
			"x": -631.54541015625,
			"Tag": "Car_chase_POis",
			"inVehicule": true,
			"y": -882.05432128906,
			"subdistrict": "ArasakaWaterfront",
			"z": 7.1806182861328,
			"district": "Watson"
		},
		{
			"x": -698.09057617188,
			"Tag": "Car_chase_POis",
			"inVehicule": true,
			"y": -812.54193115234,
			"subdistrict": "ArasakaWaterfront",
			"z": 10.765014648438,
			"district": "Watson"
		},
		{
			"x": -615.46215820313,
			"Tag": "Car_chase_POis",
			"inVehicule": true,
			"y": -721.38952636719,
			"subdistrict": "ArasakaWaterfront",
			"z": 8.9534912109375,
			"district": "Watson"
		},
		{
			"x": -587.00769042969,
			"Tag": "Car_chase_POis",
			"inVehicule": true,
			"y": -652.22955322266,
			"subdistrict": "ArasakaWaterfront",
			"z": 7.2598724365234,
			"district": "Watson"
		},
		{
			"x": -499.43627929688,
			"Tag": "Car_chase_POis",
			"inVehicule": true,
			"y": -716.18005371094,
			"subdistrict": "ArasakaWaterfront",
			"z": 7.2257080078125,
			"district": "Watson"
		},
		{
			"x": -192.39392089844,
			"Tag": "Car_chase_POis",
			"inVehicule": true,
			"y": -386.39514160156,
			"subdistrict": "ArasakaWaterfront",
			"z": 7.2916488647461,
			"district": "Watson"
		},
		{
			"x": -118.36898803711,
			"Tag": "Car_chase_POis",
			"inVehicule": true,
			"y": -245.89651489258,
			"subdistrict": "ArasakaWaterfront",
			"z": 7.0000915527344,
			"district": "Watson"
		},
		{
			"x": 536.45007324219,
			"Tag": "Car_chase_POis",
			"inVehicule": true,
			"y": -1070.8618164063,
			"subdistrict": "ArasakaWaterfront",
			"z": 28.630249023438,
			"district": "Watson"
		},
		{
			"x": 397.54598999023,
			"Tag": "Car_chase_POis",
			"inVehicule": true,
			"y": -1235.9942626953,
			"subdistrict": "ArasakaWaterfront",
			"z": 28.199668884277,
			"district": "Watson"
		},
		{
			"x": 236.23211669922,
			"Tag": "Car_chase_POis",
			"inVehicule": true,
			"y": -1247.1098632813,
			"subdistrict": "ArasakaWaterfront",
			"z": 17.600479125977,
			"district": "Watson"
		},
		{
			"x": 57.833000183105,
			"Tag": "Car_chase_POis",
			"inVehicule": true,
			"y": -1272.2017822266,
			"subdistrict": "ArasakaWaterfront",
			"z": 7.5059509277344,
			"district": "Watson"
		},
		{
			"x": 7.7178115844727,
			"Tag": "Car_chase_POis",
			"inVehicule": true,
			"y": -1206.8070068359,
			"subdistrict": "ArasakaWaterfront",
			"z": 7.4511337280273,
			"district": "Watson"
		},
		{
			"x": -210.84161376953,
			"Tag": "Car_chase_POis",
			"inVehicule": true,
			"y": -934.06561279297,
			"subdistrict": "ArasakaWaterfront",
			"z": 7.3598937988281,
			"district": "Watson"
		},
		{
			"x": -308.04489135742,
			"Tag": "Car_chase_POis",
			"inVehicule": true,
			"y": -865.21228027344,
			"subdistrict": "ArasakaWaterfront",
			"z": 7.3149719238281,
			"district": "Watson"
		},
		{
			"x": 268.13464355469,
			"Tag": "Car_chase_POis",
			"inVehicule": true,
			"y": -1504.7620849609,
			"subdistrict": "ArasakaWaterfront",
			"z": 8.8614196777344,
			"district": "Watson"
		},
		{
			"x": 331.90621948242,
			"Tag": "Car_chase_POis",
			"inVehicule": true,
			"y": -1599.4678955078,
			"subdistrict": "ArasakaWaterfront",
			"z": 8.9719467163086,
			"district": "Watson"
		},
		{
			"x": 296.52520751953,
			"Tag": "Car_chase_POis",
			"inVehicule": true,
			"y": -1642.6472167969,
			"subdistrict": "ArasakaWaterfront",
			"z": 9.3186340332031,
			"district": "Watson"
		},
		{
			"x": 218.76457214355,
			"Tag": "Car_chase_POis",
			"inVehicule": true,
			"y": -1606.7329101563,
			"subdistrict": "ArasakaWaterfront",
			"z": 8.6938629150391,
			"district": "Watson"
		},
		{
			"x": 168.65870666504,
			"Tag": "Car_chase_POis",
			"inVehicule": true,
			"y": -1677.9573974609,
			"subdistrict": "ArasakaWaterfront",
			"z": 8.4081420898438,
			"district": "Watson"
		},
		{
			"x": 96.347625732422,
			"Tag": "Car_chase_POis",
			"inVehicule": true,
			"y": -1792.8134765625,
			"subdistrict": "ArasakaWaterfront",
			"z": -10.300003051758,
			"district": "Watson"
		},
		{
			"x": 127.93338012695,
			"Tag": "Car_chase_POis",
			"inVehicule": true,
			"y": -1867.7290039063,
			"subdistrict": "ArasakaWaterfront",
			"z": -10.141357421875,
			"district": "Watson"
		},
		{
			"x": 170.09130859375,
			"Tag": "Car_chase_POis",
			"inVehicule": true,
			"y": -1828.0012207031,
			"subdistrict": "ArasakaWaterfront",
			"z": -10.160781860352,
			"district": "Watson"
		},
		{
			"x": 181.04916381836,
			"Tag": "Car_chase_POis",
			"inVehicule": true,
			"y": -1777.8549804688,
			"subdistrict": "ArasakaWaterfront",
			"z": -10.188835144043,
			"district": "Watson"
		},
		{
			"x": 255.14801025391,
			"Tag": "Car_chase_POis",
			"inVehicule": true,
			"y": -1831.8251953125,
			"subdistrict": "ArasakaWaterfront",
			"z": -10.424522399902,
			"district": "Watson"
		},
		{
			"x": 253.49603271484,
			"Tag": "Car_chase_POis",
			"inVehicule": true,
			"y": -1851.2977294922,
			"subdistrict": "ArasakaWaterfront",
			"z": -9.5948638916016,
			"district": "Watson"
		},
		{
			"x": 284.04458618164,
			"Tag": "Car_chase_POis",
			"inVehicule": true,
			"y": -1875.6828613281,
			"subdistrict": "ArasakaWaterfront",
			"z": -8.6131286621094,
			"district": "Watson"
		},
		{
			"x": 400.03366088867,
			"Tag": "Car_chase_POis",
			"inVehicule": true,
			"y": -2021.4154052734,
			"subdistrict": "ArasakaWaterfront",
			"z": -1.3126449584961,
			"district": "Watson"
		},
		{
			"x": 302.49237060547,
			"Tag": "Car_chase_POis",
			"inVehicule": true,
			"y": -1998.9887695313,
			"subdistrict": "ArasakaWaterfront",
			"z": -5.5862808227539,
			"district": "Watson"
		},
		{
			"x": 158.64395141602,
			"Tag": "Car_chase_POis",
			"inVehicule": true,
			"y": -2132.5014648438,
			"subdistrict": "ArasakaWaterfront",
			"z": 15.955024719238,
			"district": "Watson"
		},
		{
			"x": 46.277412414551,
			"Tag": "Car_chase_POis",
			"inVehicule": true,
			"y": -2215.4594726563,
			"subdistrict": "ArasakaWaterfront",
			"z": 8.0598297119141,
			"district": "Watson"
		},
		{
			"x": 23.827781677246,
			"Tag": "Car_chase_POis",
			"inVehicule": true,
			"y": -2225.7238769531,
			"subdistrict": "ArasakaWaterfront",
			"z": 6.8260192871094,
			"district": "Watson"
		},
		{
			"x": -12.509696960449,
			"Tag": "Car_chase_POis",
			"inVehicule": true,
			"y": -2225.5517578125,
			"subdistrict": "ArasakaWaterfront",
			"z": 6.5263061523438,
			"district": "Watson"
		},
		{
			"x": -167.76000976563,
			"Tag": "Car_chase_POis",
			"inVehicule": true,
			"y": -2103.6225585938,
			"subdistrict": "ArasakaWaterfront",
			"z": 5.8625793457031,
			"district": "Watson"
		},
		{
			"x": -177.52423095703,
			"Tag": "Car_chase_POis",
			"inVehicule": true,
			"y": -2023.3822021484,
			"subdistrict": "ArasakaWaterfront",
			"z": 5.9656600952148,
			"district": "Watson"
		},
		{
			"x": -169.32418823242,
			"Tag": "Car_chase_POis",
			"inVehicule": true,
			"y": -2017.7641601563,
			"subdistrict": "ArasakaWaterfront",
			"z": 5.9964447021484,
			"district": "Watson"
		},
		{
			"x": -134.44869995117,
			"Tag": "Car_chase_POis",
			"inVehicule": true,
			"y": -1984.8835449219,
			"subdistrict": "ArasakaWaterfront",
			"z": 5.8861999511719,
			"district": "Watson"
		},
		{
			"x": 9.4663467407227,
			"Tag": "Car_chase_POis",
			"inVehicule": true,
			"y": -1730.8338623047,
			"subdistrict": "ArasakaWaterfront",
			"z": -11.216461181641,
			"district": "Watson"
		},
		{
			"x": -22.777267456055,
			"Tag": "Car_chase_POis",
			"inVehicule": true,
			"y": -1765.265625,
			"subdistrict": "ArasakaWaterfront",
			"z": -11.216453552246,
			"district": "Watson"
		},
		{
			"x": 70.144607543945,
			"Tag": "Car_chase_POis",
			"inVehicule": true,
			"y": -1586.0856933594,
			"subdistrict": "ArasakaWaterfront",
			"z": -3.0813140869141,
			"district": "Watson"
		},
		{
			"x": 190.13328552246,
			"Tag": "Car_chase_POis",
			"inVehicule": true,
			"y": -1461.1253662109,
			"subdistrict": "ArasakaWaterfront",
			"z": 9.7619705200195,
			"district": "Watson"
		},
		{
			"x": 64.977813720703,
			"Tag": "Car_chase_POis",
			"inVehicule": true,
			"y": -1357.8444824219,
			"subdistrict": "ArasakaWaterfront",
			"z": 7.4511108398438,
			"district": "Watson"
		},
		{
			"x": -951.49261474609,
			"Tag": "Car_chase_POis",
			"inVehicule": true,
			"y": -1797.5373535156,
			"subdistrict": "ArasakaWaterfront",
			"z": 10.710380554199,
			"district": "Watson"
		},
		{
			"x": -977.94976806641,
			"Tag": "Car_chase_POis",
			"inVehicule": true,
			"y": -1724.357421875,
			"subdistrict": "ArasakaWaterfront",
			"z": 10.940620422363,
			"district": "Watson"
		},
		{
			"x": -1700.8266601563,
			"Tag": "Car_chase_POis",
			"inVehicule": true,
			"y": -1017.7847290039,
			"subdistrict": "ArasakaWaterfront",
			"z": 8.8000946044922,
			"district": "Watson"
		},
		{
			"x": -2306.7028808594,
			"Tag": "Car_chase_POis",
			"inVehicule": true,
			"y": -1146.2644042969,
			"subdistrict": "ArasakaWaterfront",
			"z": 12.7275390625,
			"district": "Watson"
		},
		{
			"x": -2358.591796875,
			"Tag": "Car_chase_POis",
			"inVehicule": true,
			"y": -1065.3645019531,
			"subdistrict": "ArasakaWaterfront",
			"z": 12.878150939941,
			"district": "Watson"
		},
		{
			"x": -2386.5981445313,
			"Tag": "Car_chase_POis",
			"inVehicule": true,
			"y": -971.87231445313,
			"subdistrict": "ArasakaWaterfront",
			"z": 7.91455078125,
			"district": "Watson"
		},
		{
			"x": -2389.0241699219,
			"Tag": "Car_chase_POis",
			"inVehicule": true,
			"y": -934.45776367188,
			"subdistrict": "ArasakaWaterfront",
			"z": 7.914680480957,
			"district": "Watson"
		},
		{
			"x": -2384.6872558594,
			"Tag": "Car_chase_POis",
			"inVehicule": true,
			"y": -808.05181884766,
			"subdistrict": "ArasakaWaterfront",
			"z": 12.760108947754,
			"district": "Watson"
		},
		{
			"x": -2379.498046875,
			"Tag": "Car_chase_POis",
			"inVehicule": true,
			"y": -759.46197509766,
			"subdistrict": "ArasakaWaterfront",
			"z": 12.739692687988,
			"district": "Watson"
		},
		{
			"x": -2381.9626464844,
			"Tag": "Car_chase_POis",
			"inVehicule": true,
			"y": -689.53454589844,
			"subdistrict": "ArasakaWaterfront",
			"z": 12.703216552734,
			"district": "Watson"
		},
		{
			"x": -2375.3225097656,
			"Tag": "Car_chase_POis",
			"inVehicule": true,
			"y": -558.16906738281,
			"subdistrict": "ArasakaWaterfront",
			"z": 12.673797607422,
			"district": "Watson"
		},
		{
			"x": -2375.8942871094,
			"Tag": "Car_chase_POis",
			"inVehicule": true,
			"y": -471.78518676758,
			"subdistrict": "ArasakaWaterfront",
			"z": 12.673873901367,
			"district": "Watson"
		},
		{
			"x": -2371.5634765625,
			"Tag": "Car_chase_POis",
			"inVehicule": true,
			"y": -278.85864257813,
			"subdistrict": "ArasakaWaterfront",
			"z": 13.159950256348,
			"district": "Watson"
		},
		{
			"x": -2364.2487792969,
			"Tag": "Car_chase_POis",
			"inVehicule": true,
			"y": -244.06176757813,
			"subdistrict": "ArasakaWaterfront",
			"z": 13.159950256348,
			"district": "Watson"
		},
		{
			"x": -2355.3005371094,
			"Tag": "Car_chase_POis",
			"inVehicule": true,
			"y": 33.062759399414,
			"subdistrict": "ArasakaWaterfront",
			"z": 11.927528381348,
			"district": "Watson"
		},
		{
			"x": -2192.4377441406,
			"Tag": "Car_chase_POis",
			"inVehicule": true,
			"y": 49.589721679688,
			"subdistrict": "ArasakaWaterfront",
			"z": 7.2415618896484,
			"district": "Watson"
		},
		{
			"x": -2183.9470214844,
			"Tag": "Car_chase_POis",
			"inVehicule": true,
			"y": 237.87342834473,
			"subdistrict": "ArasakaWaterfront",
			"z": 14.919395446777,
			"district": "Watson"
		},
		{
			"x": -2183.1323242188,
			"Tag": "Car_chase_POis",
			"inVehicule": true,
			"y": 341.56762695313,
			"subdistrict": "ArasakaWaterfront",
			"z": 15.234100341797,
			"district": "Watson"
		},
		{
			"x": -2092.8735351563,
			"Tag": "Car_chase_POis",
			"inVehicule": true,
			"y": 342.82998657227,
			"subdistrict": "ArasakaWaterfront",
			"z": 7.9126129150391,
			"district": "Watson"
		},
		{
			"x": -2089.4477539063,
			"Tag": "Car_chase_POis",
			"inVehicule": true,
			"y": 369.93878173828,
			"subdistrict": "ArasakaWaterfront",
			"z": 7.9126129150391,
			"district": "Watson"
		},
		{
			"x": -2090.7651367188,
			"Tag": "Car_chase_POis",
			"inVehicule": true,
			"y": 423.71817016602,
			"subdistrict": "ArasakaWaterfront",
			"z": 9.5645599365234,
			"district": "Watson"
		},
		{
			"x": -2172.8959960938,
			"Tag": "Car_chase_POis",
			"inVehicule": true,
			"y": 437.69866943359,
			"subdistrict": "ArasakaWaterfront",
			"z": 7.266227722168,
			"district": "Watson"
		},
		{
			"x": -2191.1713867188,
			"Tag": "Car_chase_POis",
			"inVehicule": true,
			"y": 484.98208618164,
			"subdistrict": "ArasakaWaterfront",
			"z": 7.2538375854492,
			"district": "Watson"
		},
		{
			"x": -1849.7889404297,
			"Tag": "Car_chase_POis",
			"inVehicule": true,
			"y": -1362.5606689453,
			"subdistrict": "ArasakaWaterfront",
			"z": 34.521064758301,
			"district": "Watson"
		},
		{
			"x": -1944.1682128906,
			"Tag": "Car_chase_POis",
			"inVehicule": true,
			"y": -1796.759765625,
			"subdistrict": "ArasakaWaterfront",
			"z": 38.690376281738,
			"district": "Watson"
		},
		{
			"x": -2003.5609130859,
			"Tag": "Car_chase_POis",
			"inVehicule": true,
			"y": -2069.7583007813,
			"subdistrict": "ArasakaWaterfront",
			"z": 23.489273071289,
			"district": "Watson"
		},
		{
			"x": -2143.6838378906,
			"Tag": "Car_chase_POis",
			"inVehicule": true,
			"y": -1944.4298095703,
			"subdistrict": "ArasakaWaterfront",
			"z": 9.7990951538086,
			"district": "Watson"
		},
		{
			"x": -2021.3591308594,
			"Tag": "Car_chase_POis",
			"inVehicule": true,
			"y": -1923.1253662109,
			"subdistrict": "ArasakaWaterfront",
			"z": 18.272682189941,
			"district": "Watson"
		},
		{
			"x": -2370.8269042969,
			"Tag": "Car_chase_POis",
			"inVehicule": true,
			"y": -2244.5769042969,
			"subdistrict": "ArasakaWaterfront",
			"z": 11.199432373047,
			"district": "Watson"
		},
		{
			"x": -2553.4831542969,
			"Tag": "Car_chase_POis",
			"inVehicule": true,
			"y": -2541.5324707031,
			"subdistrict": "ArasakaWaterfront",
			"z": 17.130973815918,
			"district": "Watson"
		},
		{
			"x": -1258.9020996094,
			"Tag": "Car_chase_POis",
			"inVehicule": true,
			"y": 1229.5993652344,
			"subdistrict": "ArasakaWaterfront",
			"z": 16.817993164063,
			"district": "Watson"
		},
		{
			"x": -1250.7595214844,
			"Tag": "Car_chase_POis",
			"inVehicule": true,
			"y": 1341.4622802734,
			"subdistrict": "ArasakaWaterfront",
			"z": 20.780754089355,
			"district": "Watson"
		},
		{
			"x": -1231.1051025391,
			"Tag": "Car_chase_POis",
			"inVehicule": true,
			"y": 1505.9024658203,
			"subdistrict": "ArasakaWaterfront",
			"z": 22.609733581543,
			"district": "Watson"
		},
		{
			"x": -1226.9364013672,
			"Tag": "Car_chase_POis",
			"inVehicule": true,
			"y": 1591.6989746094,
			"subdistrict": "ArasakaWaterfront",
			"z": 22.783485412598,
			"district": "Watson"
		},
		{
			"x": -1215.8077392578,
			"Tag": "Car_chase_POis",
			"inVehicule": true,
			"y": 1698.93359375,
			"subdistrict": "ArasakaWaterfront",
			"z": 22.917213439941,
			"district": "Watson"
		},
		{
			"x": -1083.2601318359,
			"Tag": "Car_chase_POis",
			"inVehicule": true,
			"y": 1748.5134277344,
			"subdistrict": "ArasakaWaterfront",
			"z": 37.813385009766,
			"district": "Watson"
		},
		{
			"x": -839.482421875,
			"Tag": "Car_chase_POis",
			"inVehicule": true,
			"y": 1816.4884033203,
			"subdistrict": "ArasakaWaterfront",
			"z": 35.99959564209,
			"district": "Watson"
		},
		{
			"x": -701.01947021484,
			"Tag": "Car_chase_POis",
			"inVehicule": true,
			"y": 1804.1651611328,
			"subdistrict": "ArasakaWaterfront",
			"z": 36.142150878906,
			"district": "Watson"
		},
		{
			"x": -627.54968261719,
			"Tag": "Car_chase_POis",
			"inVehicule": true,
			"y": 1812.8548583984,
			"subdistrict": "ArasakaWaterfront",
			"z": 36.108360290527,
			"district": "Watson"
		},
		{
			"x": -522.59375,
			"Tag": "Car_chase_POis",
			"inVehicule": true,
			"y": 1844.1613769531,
			"subdistrict": "ArasakaWaterfront",
			"z": 36.108383178711,
			"district": "Watson"
		},
		{
			"x": -1062.8902587891,
			"Tag": "Car_chase_POis",
			"inVehicule": true,
			"y": 2159.7907714844,
			"subdistrict": "ArasakaWaterfront",
			"z": 13.00749206543,
			"district": "Watson"
		},
		{
			"x": -992.63006591797,
			"Tag": "Car_chase_POis",
			"inVehicule": true,
			"y": 2496.60546875,
			"subdistrict": "ArasakaWaterfront",
			"z": 21.936157226563,
			"district": "Watson"
		},
		{
			"x": -1053.6636962891,
			"Tag": "Car_chase_POis",
			"inVehicule": true,
			"y": 2810.1389160156,
			"subdistrict": "ArasakaWaterfront",
			"z": 22.064949035645,
			"district": "Watson"
		},
		{
			"x": -1239.9927978516,
			"Tag": "Car_chase_POis",
			"inVehicule": true,
			"y": 2964.0095214844,
			"subdistrict": "ArasakaWaterfront",
			"z": 6.9869079589844,
			"district": "Watson"
		},
		{
			"x": -1300.0584716797,
			"Tag": "Car_chase_POis",
			"inVehicule": true,
			"y": 3009.2827148438,
			"subdistrict": "ArasakaWaterfront",
			"z": 6.9874572753906,
			"district": "Watson"
		},
		{
			"x": -1565.0894775391,
			"Tag": "Car_chase_POis",
			"inVehicule": true,
			"y": 3224.6909179688,
			"subdistrict": "ArasakaWaterfront",
			"z": 7.1296234130859,
			"district": "Watson"
		},
		{
			"x": -1102.3944091797,
			"Tag": "Car_chase_POis",
			"inVehicule": false,
			"y": 3041.5676269531,
			"subdistrict": "ArasakaWaterfront",
			"z": 6.9869689941406,
			"district": "Watson"
		},
		{
			"x": -1102.3944091797,
			"Tag": "Car_chase_POis",
			"inVehicule": true,
			"y": 3041.5676269531,
			"subdistrict": "ArasakaWaterfront",
			"z": 6.9869689941406,
			"district": "Watson"
		},
		{
			"x": -887.79956054688,
			"Tag": "Car_chase_POis",
			"inVehicule": true,
			"y": 2619.853515625,
			"subdistrict": "ArasakaWaterfront",
			"z": 38.436866760254,
			"district": "Watson"
		},
		{
			"x": -839.14611816406,
			"Tag": "Car_chase_POis",
			"inVehicule": true,
			"y": 2495.1604003906,
			"subdistrict": "ArasakaWaterfront",
			"z": 38.421943664551,
			"district": "Watson"
		},
		{
			"x": -837.58563232422,
			"Tag": "Car_chase_POis",
			"inVehicule": true,
			"y": 2361.61328125,
			"subdistrict": "ArasakaWaterfront",
			"z": 52.83325958252,
			"district": "Watson"
		},
		{
			"x": -651.3330078125,
			"Tag": "Car_chase_POis",
			"inVehicule": true,
			"y": 2058.2883300781,
			"subdistrict": "ArasakaWaterfront",
			"z": 60.346664428711,
			"district": "Watson"
		},
		{
			"x": -636.16101074219,
			"Tag": "Car_chase_POis",
			"inVehicule": true,
			"y": 1999.2006835938,
			"subdistrict": "ArasakaWaterfront",
			"z": 36.108436584473,
			"district": "Watson"
		},
		{
			"x": -546.34674072266,
			"Tag": "Car_chase_POis",
			"inVehicule": true,
			"y": 2012.7689208984,
			"subdistrict": "ArasakaWaterfront",
			"z": 36.108352661133,
			"district": "Watson"
		},
		{
			"x": -1432.9135742188,
			"Tag": "Car_chase_POis",
			"inVehicule": true,
			"y": 2220.1372070313,
			"subdistrict": "ArasakaWaterfront",
			"z": 18.000038146973,
			"district": "Watson"
		},
		{
			"x": -2063.2646484375,
			"Tag": "Car_chase_POis",
			"inVehicule": true,
			"y": 1826.4158935547,
			"subdistrict": "ArasakaWaterfront",
			"z": 18,
			"district": "Watson"
		},
		{
			"x": -2159.9892578125,
			"Tag": "Car_chase_POis",
			"inVehicule": true,
			"y": 1967.6951904297,
			"subdistrict": "ArasakaWaterfront",
			"z": 18.000106811523,
			"district": "Watson"
		},
		{
			"x": -1765.8928222656,
			"Tag": "Car_chase_POis",
			"inVehicule": true,
			"y": 1996.734375,
			"subdistrict": "ArasakaWaterfront",
			"z": 18.000030517578,
			"district": "Watson"
		},
		{
			"x": -1698.6319580078,
			"Tag": "Car_chase_POis",
			"inVehicule": true,
			"y": 1906.8116455078,
			"subdistrict": "ArasakaWaterfront",
			"z": 18.000045776367,
			"district": "Watson"
		},
		{
			"x": -1622.8470458984,
			"Tag": "Car_chase_POis",
			"inVehicule": true,
			"y": 1674.0251464844,
			"subdistrict": "ArasakaWaterfront",
			"z": 18.123657226563,
			"district": "Watson"
		},
		{
			"x": -1633.4223632813,
			"Tag": "Car_chase_POis",
			"inVehicule": true,
			"y": 1591.3580322266,
			"subdistrict": "ArasakaWaterfront",
			"z": 18,
			"district": "Watson"
		},
		{
			"x": -1531.3686523438,
			"Tag": "Car_chase_POis",
			"inVehicule": true,
			"y": 1573.5592041016,
			"subdistrict": "ArasakaWaterfront",
			"z": 18.000061035156,
			"district": "Watson"
		},
		{
			"x": -1510.0611572266,
			"Tag": "Car_chase_POis",
			"inVehicule": true,
			"y": 1547.7416992188,
			"subdistrict": "ArasakaWaterfront",
			"z": 18.000053405762,
			"district": "Watson"
		},
		{
			"x": -1496.8293457031,
			"Tag": "Car_chase_POis",
			"inVehicule": true,
			"y": 1639.326171875,
			"subdistrict": "ArasakaWaterfront",
			"z": 18.000099182129,
			"district": "Watson"
		},
		{
			"x": -1405.7022705078,
			"Tag": "Car_chase_POis",
			"inVehicule": true,
			"y": 1243.0599365234,
			"subdistrict": "ArasakaWaterfront",
			"z": 14.5,
			"district": "Watson"
		},
		{
			"x": -1411.990234375,
			"Tag": "Car_chase_POis",
			"inVehicule": true,
			"y": 1139.0441894531,
			"subdistrict": "ArasakaWaterfront",
			"z": 22.88240814209,
			"district": "Watson"
		},
		{
			"x": -1398.2790527344,
			"Tag": "Car_chase_POis",
			"inVehicule": true,
			"y": 1270.0789794922,
			"subdistrict": "ArasakaWaterfront",
			"z": 22.88809967041,
			"district": "Watson"
		},
		{
			"x": -1478.2336425781,
			"Tag": "Car_chase_POis",
			"inVehicule": true,
			"y": 1144.4583740234,
			"subdistrict": "ArasakaWaterfront",
			"z": 18.990417480469,
			"district": "Watson"
		},
		{
			"x": -1434.7877197266,
			"Tag": "Car_chase_POis",
			"inVehicule": true,
			"y": 1011.5849609375,
			"subdistrict": "ArasakaWaterfront",
			"z": 22.990715026855,
			"district": "Watson"
		},
		{
			"x": -1485.8280029297,
			"Tag": "Car_chase_POis",
			"inVehicule": true,
			"y": 941.72650146484,
			"subdistrict": "ArasakaWaterfront",
			"z": 23.402610778809,
			"district": "Watson"
		},
		{
			"x": -1536.9741210938,
			"Tag": "Car_chase_POis",
			"inVehicule": true,
			"y": 954.63897705078,
			"subdistrict": "ArasakaWaterfront",
			"z": 23.407188415527,
			"district": "Watson"
		},
		{
			"x": -1565.2238769531,
			"Tag": "Car_chase_POis",
			"inVehicule": true,
			"y": 940.3017578125,
			"subdistrict": "ArasakaWaterfront",
			"z": 23.461265563965,
			"district": "Watson"
		},
		{
			"x": -1799.9331054688,
			"Tag": "Car_chase_POis",
			"inVehicule": true,
			"y": 1017.9561157227,
			"subdistrict": "ArasakaWaterfront",
			"z": 23.386505126953,
			"district": "Watson"
		},
		{
			"x": -2035.7199707031,
			"Tag": "Car_chase_POis",
			"inVehicule": true,
			"y": 971.76910400391,
			"subdistrict": "ArasakaWaterfront",
			"z": 53.210884094238,
			"district": "Watson"
		},
		{
			"x": -2090.1665039063,
			"Tag": "Car_chase_POis",
			"inVehicule": true,
			"y": 833.69708251953,
			"subdistrict": "ArasakaWaterfront",
			"z": 53.019691467285,
			"district": "Watson"
		},
		{
			"x": -2222.0600585938,
			"Tag": "Car_chase_POis",
			"inVehicule": true,
			"y": 2801.9770507813,
			"subdistrict": "ArasakaWaterfront",
			"z": 6.986946105957,
			"district": "Watson"
		},
		{
			"x": -2121.955078125,
			"Tag": "Car_chase_POis",
			"inVehicule": true,
			"y": 2827.9177246094,
			"subdistrict": "ArasakaWaterfront",
			"z": 6.9869918823242,
			"district": "Watson"
		},
		{
			"x": -1938.9039306641,
			"Tag": "Car_chase_POis",
			"inVehicule": true,
			"y": 2670.5,
			"subdistrict": "ArasakaWaterfront",
			"z": 18.000099182129,
			"district": "Watson"
		},
		{
			"x": -1975.2614746094,
			"Tag": "Car_chase_POis",
			"inVehicule": true,
			"y": 2652.6335449219,
			"subdistrict": "ArasakaWaterfront",
			"z": 18.155891418457,
			"district": "Watson"
		},
		{
			"x": -1761.5406494141,
			"Tag": "Car_chase_POis",
			"inVehicule": true,
			"y": 2551.4260253906,
			"subdistrict": "ArasakaWaterfront",
			"z": 18.000022888184,
			"district": "Watson"
		},
		{
			"x": -1791.1137695313,
			"Tag": "Car_chase_POis",
			"inVehicule": true,
			"y": 2497.9213867188,
			"subdistrict": "ArasakaWaterfront",
			"z": 18.00008392334,
			"district": "Watson"
		},
		{
			"x": -1724.0712890625,
			"Tag": "Car_chase_POis",
			"inVehicule": true,
			"y": 2407.9357910156,
			"subdistrict": "ArasakaWaterfront",
			"z": 25.999656677246,
			"district": "Watson"
		},
		{
			"x": -1672.3996582031,
			"Tag": "Car_chase_POis",
			"inVehicule": true,
			"y": 2333.8874511719,
			"subdistrict": "ArasakaWaterfront",
			"z": 18,
			"district": "Watson"
		},
		{
			"x": -1392.5452880859,
			"Tag": "Car_chase_POis",
			"inVehicule": true,
			"y": 2143.6455078125,
			"subdistrict": "ArasakaWaterfront",
			"z": 18.000030517578,
			"district": "Watson"
		},
		{
			"x": -1284.7849121094,
			"Tag": "Car_chase_POis",
			"inVehicule": true,
			"y": 1949.2117919922,
			"subdistrict": "ArasakaWaterfront",
			"z": 18.000106811523,
			"district": "Watson"
		},
		{
			"x": -1213.5581054688,
			"Tag": "Car_chase_POis",
			"inVehicule": true,
			"y": 1849.4947509766,
			"subdistrict": "ArasakaWaterfront",
			"z": 22.303726196289,
			"district": "Watson"
		},
		{
			"x": -1167.2603759766,
			"Tag": "Car_chase_POis",
			"inVehicule": true,
			"y": 1995.7271728516,
			"subdistrict": "ArasakaWaterfront",
			"z": 11.867340087891,
			"district": "Watson"
		},
		{
			"x": -1133.4822998047,
			"Tag": "Car_chase_POis",
			"inVehicule": true,
			"y": 2085.3579101563,
			"subdistrict": "ArasakaWaterfront",
			"z": 11.69409942627,
			"district": "Watson"
		},
		{
			"x": -1191.8767089844,
			"Tag": "Car_chase_POis",
			"inVehicule": true,
			"y": 2100.8654785156,
			"subdistrict": "ArasakaWaterfront",
			"z": 11.773078918457,
			"district": "Watson"
		},
		{
			"x": -1295.4680175781,
			"Tag": "Car_chase_POis",
			"inVehicule": true,
			"y": 1648.0883789063,
			"subdistrict": "ArasakaWaterfront",
			"z": 18.000106811523,
			"district": "Watson"
		},
		{
			"x": -2036.8342285156,
			"Tag": "Car_chase_POis",
			"inVehicule": true,
			"y": 1665.8308105469,
			"subdistrict": "ArasakaWaterfront",
			"z": 8.9100036621094,
			"district": "Watson"
		}
	],
	"isFor": 30,
	"tag": "Car_chase_POis"
}