{
  "desc": "CAR_PATROLLINGHEY_1",
  "locations": [ {
    "x": -998.98101806641,
    "Tag": "CAR_PATROLLINGHEY_1",
    "inVehicule": true,
    "y": -2.6987228393555,
    "z": 7.2815551757813,
    "subdistrict": "Glen",
    "district": "Heywood"
  }, {
    "x": -824.26123046875,
    "Tag": "CAR_PATROLLINGHEY_1",
    "inVehicule": true,
    "y": -27.927268981934,
    "subdistrict": "Glen",
    "z": 7.8966064453125,
    "district": "Heywood"
  }, {
    "x": -759.39001464844,
    "Tag": "CAR_PATROLLINGHEY_1",
    "inVehicule": true,
    "y": 11.157814025879,
    "subdistrict": "Glen",
    "z": 7.9941329956055,
    "district": "Heywood"
  }, {
    "x": -588.31066894531,
    "Tag": "CAR_PATROLLINGHEY_1",
    "inVehicule": true,
    "y": -99.67578125,
    "subdistrict": "Glen",
    "z": 7.761604309082,
    "district": "Heywood"
  }, {
    "x": -695.43371582031,
    "Tag": "CAR_PATROLLINGHEY_1",
    "inVehicule": true,
    "y": -217.90213012695,
    "subdistrict": "Glen",
    "z": 7.9999084472656,
    "district": "Heywood"
  }, {
    "x": -781.93438720703,
    "Tag": "CAR_PATROLLINGHEY_1",
    "inVehicule": true,
    "y": -354.57989501953,
    "subdistrict": "Glen",
    "z": 8,
    "district": "Heywood"
  }, {
    "x": -971.58563232422,
    "Tag": "CAR_PATROLLINGHEY_1",
    "inVehicule": true,
    "y": -222.9790802002,
    "subdistrict": "Glen",
    "z": 7.2500152587891,
    "district": "Heywood"
  }, {
    "x": -1056.1390380859,
    "Tag": "CAR_PATROLLINGHEY_1",
    "inVehicule": true,
    "y": -355.103515625,
    "subdistrict": "Glen",
    "z": 7.5301971435547,
    "district": "Heywood"
  }, {
    "x": -1162.4196777344,
    "Tag": "CAR_PATROLLINGHEY_1",
    "inVehicule": true,
    "y": -473.78948974609,
    "subdistrict": "Glen",
    "z": 8,
    "district": "Heywood"
  }, {
    "x": -1233.7919921875,
    "Tag": "CAR_PATROLLINGHEY_1",
    "inVehicule": true,
    "y": -509.6266784668,
    "subdistrict": "Glen",
    "z": 8.0000762939453,
    "district": "Heywood"
  }, {
    "x": -1155.9024658203,
    "Tag": "CAR_PATROLLINGHEY_1",
    "inVehicule": true,
    "y": -491.9216003418,
    "subdistrict": "Glen",
    "z": 8.0000762939453,
    "district": "Heywood"
  }, {
    "x": -870.37359619141,
    "Tag": "CAR_PATROLLINGHEY_1",
    "inVehicule": true,
    "y": -291.18933105469,
    "subdistrict": "Glen",
    "z": 7.6976165771484,
    "district": "Heywood"
  }, {
    "x": -1478.0666503906,
    "Tag": "CAR_PATROLLINGHEY_1",
    "inVehicule": true,
    "y": -615.64233398438,
    "subdistrict": "Glen",
    "z": 7.4033432006836,
    "district": "Heywood"
  }, {
    "x": -1700.5323486328,
    "Tag": "CAR_PATROLLINGHEY_1",
    "inVehicule": true,
    "y": -638.68969726563,
    "subdistrict": "Glen",
    "z": 7.227424621582,
    "district": "Heywood"
  }, {
    "x": -1701.8679199219,
    "Tag": "CAR_PATROLLINGHEY_1",
    "inVehicule": true,
    "y": -892.68139648438,
    "subdistrict": "Glen",
    "z": 8.4089126586914,
    "district": "Heywood"
  }, {
    "x": -1838.2313232422,
    "Tag": "CAR_PATROLLINGHEY_1",
    "inVehicule": true,
    "y": -894.71325683594,
    "subdistrict": "Glen",
    "z": 7.4847106933594,
    "district": "Heywood"
  }, {
    "x": -1869.1032714844,
    "Tag": "CAR_PATROLLINGHEY_1",
    "inVehicule": true,
    "y": -822.7578125,
    "subdistrict": "Glen",
    "z": 7.5107421875,
    "district": "Heywood"
  }, {
    "x": -1859.9467773438,
    "Tag": "CAR_PATROLLINGHEY_1",
    "inVehicule": true,
    "y": -495.84014892578,
    "subdistrict": "Glen",
    "z": 7.6393890380859,
    "district": "Heywood"
  }, {
    "x": -1855.2415771484,
    "Tag": "CAR_PATROLLINGHEY_1",
    "inVehicule": true,
    "y": -342.93637084961,
    "subdistrict": "Glen",
    "z": 7.5701065063477,
    "district": "Heywood"
  }, {
    "x": -2061.9580078125,
    "Tag": "CAR_PATROLLINGHEY_1",
    "inVehicule": true,
    "y": -343.33615112305,
    "subdistrict": "Glen",
    "z": 7.5814590454102,
    "district": "Heywood"
  }, {
    "x": -2204.2355957031,
    "Tag": "CAR_PATROLLINGHEY_1",
    "inVehicule": true,
    "y": -363.14761352539,
    "subdistrict": "Glen",
    "z": 7.2628707885742,
    "district": "Heywood"
  }, {
    "x": -2369.810546875,
    "Tag": "CAR_PATROLLINGHEY_1",
    "inVehicule": true,
    "y": -360.09359741211,
    "subdistrict": "Glen",
    "z": 12.824234008789,
    "district": "Heywood"
  }, {
    "x": -2378.244140625,
    "Tag": "CAR_PATROLLINGHEY_1",
    "inVehicule": true,
    "y": -612.84716796875,
    "subdistrict": "Glen",
    "z": 12.673828125,
    "district": "Heywood"
  }, {
    "x": -2384.3657226563,
    "Tag": "CAR_PATROLLINGHEY_1",
    "inVehicule": true,
    "y": -855.34265136719,
    "subdistrict": "Glen",
    "z": 12.760108947754,
    "district": "Heywood"
  }, {
    "x": -2214.4921875,
    "Tag": "CAR_PATROLLINGHEY_1",
    "inVehicule": true,
    "y": -852.36993408203,
    "subdistrict": "Glen",
    "z": 7.4821395874023,
    "district": "Heywood"
  }, {
    "x": -2156.1481933594,
    "Tag": "CAR_PATROLLINGHEY_1",
    "inVehicule": true,
    "y": -1226.78515625,
    "subdistrict": "Glen",
    "z": 8.1387176513672,
    "district": "Heywood"
  }, {
    "x": -1958.6356201172,
    "Tag": "CAR_PATROLLINGHEY_1",
    "inVehicule": true,
    "y": -1204.7800292969,
    "subdistrict": "Glen",
    "z": 10.327583312988,
    "district": "Heywood"
  }, {
    "x": -2109.5349121094,
    "Tag": "CAR_PATROLLINGHEY_1",
    "inVehicule": true,
    "y": -1045.5222167969,
    "subdistrict": "Glen",
    "z": 7.5983200073242,
    "district": "Heywood"
  }, {
    "x": -2144.3435058594,
    "Tag": "CAR_PATROLLINGHEY_1",
    "inVehicule": true,
    "y": -893.98229980469,
    "subdistrict": "Glen",
    "z": 7.637825012207,
    "district": "Heywood"
  }, {
    "x": -2210.8642578125,
    "Tag": "CAR_PATROLLINGHEY_1",
    "inVehicule": true,
    "y": -767.56427001953,
    "subdistrict": "Glen",
    "z": 7.4201049804688,
    "district": "Heywood"
  } ],
  "tag": "CAR_PATROLLINGHEY_1",
   "isFor": 30
}