{
	"tag": "Crowds_Door",
	"locations": [
		{
			"y": 1209.5678710938,
			"z": 28.60848236084,
			"Tag": "Crowds_Door",
			"district": "Watson",
			"subdistrict": "ArasakaWaterfront",
			"inVehicule": false,
			"x": -782.89495849609
		},
		{
			"y": 1224.0335693359,
			"z": 29.247611999512,
			"Tag": "Crowds_Door",
			"district": "Watson",
			"subdistrict": "ArasakaWaterfront",
			"inVehicule": false,
			"x": -733.42144775391
		},
		{
			"y": 1245.4978027344,
			"z": 37.946578979492,
			"Tag": "Crowds_Door",
			"district": "Watson",
			"subdistrict": "ArasakaWaterfront",
			"inVehicule": false,
			"x": -681.04809570313
		},
		{
			"y": 1251.9306640625,
			"z": 37.946586608887,
			"Tag": "Crowds_Door",
			"district": "Watson",
			"subdistrict": "ArasakaWaterfront",
			"inVehicule": false,
			"x": -697.23901367188
		},
		{
			"y": 1293.0970458984,
			"z": 36.012321472168,
			"Tag": "Crowds_Door",
			"district": "Watson",
			"subdistrict": "ArasakaWaterfront",
			"inVehicule": false,
			"x": -746.37084960938
		},
		{
			"y": 1298.6960449219,
			"z": 36.012321472168,
			"Tag": "Crowds_Door",
			"district": "Watson",
			"subdistrict": "ArasakaWaterfront",
			"inVehicule": false,
			"x": -753.98846435547
		},
		{
			"y": 1304.7150878906,
			"z": 36.012321472168,
			"Tag": "Crowds_Door",
			"district": "Watson",
			"subdistrict": "ArasakaWaterfront",
			"inVehicule": false,
			"x": -761.16369628906
		},
		{
			"y": 1345.6572265625,
			"z": 35.998466491699,
			"Tag": "Crowds_Door",
			"district": "Watson",
			"subdistrict": "ArasakaWaterfront",
			"inVehicule": false,
			"x": -727.96405029297
		},
		{
			"y": 1382.1640625,
			"z": 29.562774658203,
			"Tag": "Crowds_Door",
			"district": "Watson",
			"subdistrict": "ArasakaWaterfront",
			"inVehicule": false,
			"x": -679.59637451172
		},
		{
			"y": 1341.8312988281,
			"z": 29.562774658203,
			"Tag": "Crowds_Door",
			"district": "Watson",
			"subdistrict": "ArasakaWaterfront",
			"inVehicule": false,
			"x": -722.27795410156
		},
		{
			"y": 1445.7943115234,
			"z": 30.523696899414,
			"Tag": "Crowds_Door",
			"district": "Watson",
			"subdistrict": "ArasakaWaterfront",
			"inVehicule": false,
			"x": -660.76953125
		},
		{
			"y": 1394.6016845703,
			"z": 29.562774658203,
			"Tag": "Crowds_Door",
			"district": "Watson",
			"subdistrict": "ArasakaWaterfront",
			"inVehicule": false,
			"x": -707.04412841797
		},
		{
			"y": 1408.1662597656,
			"z": 29.571197509766,
			"Tag": "Crowds_Door",
			"district": "Watson",
			"subdistrict": "ArasakaWaterfront",
			"inVehicule": false,
			"x": -733.11785888672
		},
		{
			"y": 1386.4050292969,
			"z": 29.590003967285,
			"Tag": "Crowds_Door",
			"district": "Watson",
			"subdistrict": "ArasakaWaterfront",
			"inVehicule": false,
			"x": -747.76452636719
		},
		{
			"y": 1339.9741210938,
			"z": 34.326835632324,
			"Tag": "Crowds_Door",
			"district": "Watson",
			"subdistrict": "ArasakaWaterfront",
			"inVehicule": false,
			"x": -817.67932128906
		},
		{
			"y": 1347.8188476563,
			"z": 34.326835632324,
			"Tag": "Crowds_Door",
			"district": "Watson",
			"subdistrict": "ArasakaWaterfront",
			"inVehicule": false,
			"x": -828.73803710938
		},
		{
			"y": 1336.3160400391,
			"z": 34.326835632324,
			"Tag": "Crowds_Door",
			"district": "Watson",
			"subdistrict": "ArasakaWaterfront",
			"inVehicule": false,
			"x": -833.94354248047
		},
		{
			"y": 1330.3874511719,
			"z": 34.326835632324,
			"Tag": "Crowds_Door",
			"district": "Watson",
			"subdistrict": "ArasakaWaterfront",
			"inVehicule": false,
			"x": -817.84539794922
		},
		{
			"y": 1335.2674560547,
			"z": 34.326835632324,
			"Tag": "Crowds_Door",
			"district": "Watson",
			"subdistrict": "ArasakaWaterfront",
			"inVehicule": false,
			"x": -815.55108642578
		},
		{
			"y": 1344.2867431641,
			"z": 34.326835632324,
			"Tag": "Crowds_Door",
			"district": "Watson",
			"subdistrict": "ArasakaWaterfront",
			"inVehicule": false,
			"x": -809.68572998047
		},
		{
			"y": 1322.9844970703,
			"z": 29.562774658203,
			"Tag": "Crowds_Door",
			"district": "Watson",
			"subdistrict": "ArasakaWaterfront",
			"inVehicule": false,
			"x": -679.46575927734
		},
		{
			"y": 1287.4815673828,
			"z": 37.928573608398,
			"Tag": "Crowds_Door",
			"district": "Watson",
			"subdistrict": "ArasakaWaterfront",
			"inVehicule": false,
			"x": -656.81304931641
		},
		{
			"y": 1287.5216064453,
			"z": 37.94783782959,
			"Tag": "Crowds_Door",
			"district": "Watson",
			"subdistrict": "ArasakaWaterfront",
			"inVehicule": false,
			"x": -683.82409667969
		},
		{
			"y": 1270.1524658203,
			"z": 37.94783782959,
			"Tag": "Crowds_Door",
			"district": "Watson",
			"subdistrict": "ArasakaWaterfront",
			"inVehicule": false,
			"x": -690.69104003906
		},
		{
			"y": 1194.3366699219,
			"z": 34.268592834473,
			"Tag": "Crowds_Door",
			"district": "Watson",
			"subdistrict": "ArasakaWaterfront",
			"inVehicule": false,
			"x": -627.14050292969
		},
		{
			"y": 1179.4079589844,
			"z": 34.268592834473,
			"Tag": "Crowds_Door",
			"district": "Watson",
			"subdistrict": "ArasakaWaterfront",
			"inVehicule": false,
			"x": -604.67590332031
		},
		{
			"y": 1183.2789306641,
			"z": 34.268592834473,
			"Tag": "Crowds_Door",
			"district": "Watson",
			"subdistrict": "ArasakaWaterfront",
			"inVehicule": false,
			"x": -609.03009033203
		},
		{
			"y": 1165.1140136719,
			"z": 36.589622497559,
			"Tag": "Crowds_Door",
			"district": "Watson",
			"subdistrict": "ArasakaWaterfront",
			"inVehicule": false,
			"x": -597.83752441406
		},
		{
			"y": 1155.9212646484,
			"z": 36.589622497559,
			"Tag": "Crowds_Door",
			"district": "Watson",
			"subdistrict": "ArasakaWaterfront",
			"inVehicule": false,
			"x": -604.33013916016
		},
		{
			"y": 1126.5543212891,
			"z": 36.589622497559,
			"Tag": "Crowds_Door",
			"district": "Watson",
			"subdistrict": "ArasakaWaterfront",
			"inVehicule": false,
			"x": -623.23016357422
		},
		{
			"y": 1113.7282714844,
			"z": 36.589622497559,
			"Tag": "Crowds_Door",
			"district": "Watson",
			"subdistrict": "ArasakaWaterfront",
			"inVehicule": false,
			"x": -629.82189941406
		},
		{
			"y": 1101.8933105469,
			"z": 36.59154510498,
			"Tag": "Crowds_Door",
			"district": "Watson",
			"subdistrict": "ArasakaWaterfront",
			"inVehicule": false,
			"x": -574.79064941406
		},
		{
			"y": 1035.38671875,
			"z": 36.560859680176,
			"Tag": "Crowds_Door",
			"district": "Watson",
			"subdistrict": "ArasakaWaterfront",
			"inVehicule": false,
			"x": -582.28137207031
		},
		{
			"y": 1041.2947998047,
			"z": 45.935134887695,
			"Tag": "Crowds_Door",
			"district": "Watson",
			"subdistrict": "ArasakaWaterfront",
			"inVehicule": false,
			"x": -545.05200195313
		},
		{
			"y": 1096.1306152344,
			"z": 47.179183959961,
			"Tag": "Crowds_Door",
			"district": "Watson",
			"subdistrict": "ArasakaWaterfront",
			"inVehicule": false,
			"x": -494.51657104492
		},
		{
			"y": 1185.4526367188,
			"z": 36.600074768066,
			"Tag": "Crowds_Door",
			"district": "Watson",
			"subdistrict": "ArasakaWaterfront",
			"inVehicule": false,
			"x": -533.03900146484
		},
		{
			"y": 1191.8012695313,
			"z": 36.593032836914,
			"Tag": "Crowds_Door",
			"district": "Watson",
			"subdistrict": "ArasakaWaterfront",
			"inVehicule": false,
			"x": -542.01721191406
		},
		{
			"y": 1221.1173095703,
			"z": 36.40153503418,
			"Tag": "Crowds_Door",
			"district": "Watson",
			"subdistrict": "ArasakaWaterfront",
			"inVehicule": false,
			"x": -574.04553222656
		},
		{
			"y": 1203.6032714844,
			"z": 39.840141296387,
			"Tag": "Crowds_Door",
			"district": "Watson",
			"subdistrict": "ArasakaWaterfront",
			"inVehicule": false,
			"x": -614.14514160156
		},
		{
			"y": 1130.2897949219,
			"z": 34.693809509277,
			"Tag": "Crowds_Door",
			"district": "Watson",
			"subdistrict": "ArasakaWaterfront",
			"inVehicule": false,
			"x": -528.16961669922
		},
		{
			"y": 1085.2181396484,
			"z": 36.589622497559,
			"Tag": "Crowds_Door",
			"district": "Watson",
			"subdistrict": "ArasakaWaterfront",
			"inVehicule": false,
			"x": -650.81384277344
		},
		{
			"y": 1101.7639160156,
			"z": 30.610832214355,
			"Tag": "Crowds_Door",
			"district": "Watson",
			"subdistrict": "ArasakaWaterfront",
			"inVehicule": false,
			"x": -674.33056640625
		},
		{
			"y": 973.07977294922,
			"z": 37.587921142578,
			"Tag": "Crowds_Door",
			"district": "Watson",
			"subdistrict": "ArasakaWaterfront",
			"inVehicule": false,
			"x": -690.40435791016
		},
		{
			"y": 980.71600341797,
			"z": 37.587921142578,
			"Tag": "Crowds_Door",
			"district": "Watson",
			"subdistrict": "ArasakaWaterfront",
			"inVehicule": false,
			"x": -691.50793457031
		},
		{
			"y": 935.18682861328,
			"z": 27.610794067383,
			"Tag": "Crowds_Door",
			"district": "Watson",
			"subdistrict": "ArasakaWaterfront",
			"inVehicule": false,
			"x": -712.31811523438
		},
		{
			"y": 864.08947753906,
			"z": 20.252853393555,
			"Tag": "Crowds_Door",
			"district": "Watson",
			"subdistrict": "ArasakaWaterfront",
			"inVehicule": false,
			"x": -679.27325439453
		},
		{
			"y": 860.88421630859,
			"z": 20.283180236816,
			"Tag": "Crowds_Door",
			"district": "Watson",
			"subdistrict": "ArasakaWaterfront",
			"inVehicule": false,
			"x": -691.14025878906
		},
		{
			"y": 942.55139160156,
			"z": 19.900009155273,
			"Tag": "Crowds_Door",
			"district": "Watson",
			"subdistrict": "ArasakaWaterfront",
			"inVehicule": false,
			"x": -600.96673583984
		},
		{
			"y": 968.84948730469,
			"z": 19.938377380371,
			"Tag": "Crowds_Door",
			"district": "Watson",
			"subdistrict": "ArasakaWaterfront",
			"inVehicule": false,
			"x": -564.66290283203
		},
		{
			"y": 905.88629150391,
			"z": 19.900009155273,
			"Tag": "Crowds_Door",
			"district": "Watson",
			"subdistrict": "ArasakaWaterfront",
			"inVehicule": false,
			"x": -597.17657470703
		},
		{
			"y": 898.07763671875,
			"z": 15.889999389648,
			"Tag": "Crowds_Door",
			"district": "Watson",
			"subdistrict": "ArasakaWaterfront",
			"inVehicule": false,
			"x": -667.15283203125
		},
		{
			"y": 907.732421875,
			"z": 12,
			"Tag": "Crowds_Door",
			"district": "Watson",
			"subdistrict": "ArasakaWaterfront",
			"inVehicule": false,
			"x": -663.82434082031
		},
		{
			"y": 921.76287841797,
			"z": 9.4000015258789,
			"Tag": "Crowds_Door",
			"district": "Watson",
			"subdistrict": "ArasakaWaterfront",
			"inVehicule": false,
			"x": -649.80322265625
		},
		{
			"y": 933.90124511719,
			"z": 11.400001525879,
			"Tag": "Crowds_Door",
			"district": "Watson",
			"subdistrict": "ArasakaWaterfront",
			"inVehicule": false,
			"x": -679.24462890625
		},
		{
			"y": 905.48065185547,
			"z": 12,
			"Tag": "Crowds_Door",
			"district": "Watson",
			"subdistrict": "ArasakaWaterfront",
			"inVehicule": false,
			"x": -706.3203125
		},
		{
			"y": 889.43682861328,
			"z": 12.074180603027,
			"Tag": "Crowds_Door",
			"district": "Watson",
			"subdistrict": "ArasakaWaterfront",
			"inVehicule": false,
			"x": -690.45056152344
		},
		{
			"y": 800.80444335938,
			"z": 32.667892456055,
			"Tag": "Crowds_Door",
			"district": "Watson",
			"subdistrict": "ArasakaWaterfront",
			"inVehicule": false,
			"x": -711.37231445313
		},
		{
			"y": 782.77770996094,
			"z": 32.708312988281,
			"Tag": "Crowds_Door",
			"district": "Watson",
			"subdistrict": "ArasakaWaterfront",
			"inVehicule": false,
			"x": -698.77001953125
		},
		{
			"y": 777.03167724609,
			"z": 36.262229919434,
			"Tag": "Crowds_Door",
			"district": "Watson",
			"subdistrict": "ArasakaWaterfront",
			"inVehicule": false,
			"x": -675.69360351563
		},
		{
			"y": 772.88482666016,
			"z": 36.262229919434,
			"Tag": "Crowds_Door",
			"district": "Watson",
			"subdistrict": "ArasakaWaterfront",
			"inVehicule": false,
			"x": -678.27264404297
		},
		{
			"y": 793.50701904297,
			"z": 36.262229919434,
			"Tag": "Crowds_Door",
			"district": "Watson",
			"subdistrict": "ArasakaWaterfront",
			"inVehicule": false,
			"x": -696.91790771484
		},
		{
			"y": 743.56774902344,
			"z": 32.708969116211,
			"Tag": "Crowds_Door",
			"district": "Watson",
			"subdistrict": "ArasakaWaterfront",
			"inVehicule": false,
			"x": -713.67236328125
		},
		{
			"y": 755.11901855469,
			"z": 32.709609985352,
			"Tag": "Crowds_Door",
			"district": "Watson",
			"subdistrict": "ArasakaWaterfront",
			"inVehicule": false,
			"x": -682.96838378906
		},
		{
			"y": 748.10693359375,
			"z": 32.709609985352,
			"Tag": "Crowds_Door",
			"district": "Watson",
			"subdistrict": "ArasakaWaterfront",
			"inVehicule": false,
			"x": -672.90283203125
		},
		{
			"y": 727.43237304688,
			"z": 34.31226348877,
			"Tag": "Crowds_Door",
			"district": "Watson",
			"subdistrict": "ArasakaWaterfront",
			"inVehicule": false,
			"x": -665.92358398438
		},
		{
			"y": 715.26342773438,
			"z": 34.31226348877,
			"Tag": "Crowds_Door",
			"district": "Watson",
			"subdistrict": "ArasakaWaterfront",
			"inVehicule": false,
			"x": -674.61645507813
		},
		{
			"y": 709.837890625,
			"z": 34.31226348877,
			"Tag": "Crowds_Door",
			"district": "Watson",
			"subdistrict": "ArasakaWaterfront",
			"inVehicule": false,
			"x": -667.47381591797
		},
		{
			"y": 680.88665771484,
			"z": 34.954536437988,
			"Tag": "Crowds_Door",
			"district": "Watson",
			"subdistrict": "ArasakaWaterfront",
			"inVehicule": false,
			"x": -610.70013427734
		},
		{
			"y": 693.95788574219,
			"z": 34.954536437988,
			"Tag": "Crowds_Door",
			"district": "Watson",
			"subdistrict": "ArasakaWaterfront",
			"inVehicule": false,
			"x": -601.62451171875
		},
		{
			"y": 737.77465820313,
			"z": 34.569152832031,
			"Tag": "Crowds_Door",
			"district": "Watson",
			"subdistrict": "ArasakaWaterfront",
			"inVehicule": false,
			"x": -630.59399414063
		},
		{
			"y": 730.87005615234,
			"z": 34.464881896973,
			"Tag": "Crowds_Door",
			"district": "Watson",
			"subdistrict": "ArasakaWaterfront",
			"inVehicule": false,
			"x": -635.92077636719
		},
		{
			"y": 781.33612060547,
			"z": 34.439094543457,
			"Tag": "Crowds_Door",
			"district": "Watson",
			"subdistrict": "ArasakaWaterfront",
			"inVehicule": false,
			"x": -641.13891601563
		},
		{
			"y": 838.14715576172,
			"z": 51.163009643555,
			"Tag": "Crowds_Door",
			"district": "Watson",
			"subdistrict": "ArasakaWaterfront",
			"inVehicule": false,
			"x": -443.18804931641
		},
		{
			"y": 878.25952148438,
			"z": 57.180061340332,
			"Tag": "Crowds_Door",
			"district": "Watson",
			"subdistrict": "ArasakaWaterfront",
			"inVehicule": false,
			"x": -460.45471191406
		},
		{
			"y": 427.45465087891,
			"z": 29.15266418457,
			"Tag": "Crowds_Door",
			"district": "Watson",
			"subdistrict": "ArasakaWaterfront",
			"inVehicule": false,
			"x": -400.35723876953
		},
		{
			"y": 461.89575195313,
			"z": 29.15266418457,
			"Tag": "Crowds_Door",
			"district": "Watson",
			"subdistrict": "ArasakaWaterfront",
			"inVehicule": false,
			"x": -383.67749023438
		},
		{
			"y": 503.25372314453,
			"z": 30.192672729492,
			"Tag": "Crowds_Door",
			"district": "Watson",
			"subdistrict": "ArasakaWaterfront",
			"inVehicule": false,
			"x": -376.43515014648
		},
		{
			"y": 535.87945556641,
			"z": 30.192672729492,
			"Tag": "Crowds_Door",
			"district": "Watson",
			"subdistrict": "ArasakaWaterfront",
			"inVehicule": false,
			"x": -379.04888916016
		},
		{
			"y": 561.28942871094,
			"z": 31.182678222656,
			"Tag": "Crowds_Door",
			"district": "Watson",
			"subdistrict": "ArasakaWaterfront",
			"inVehicule": false,
			"x": -363.05618286133
		},
		{
			"y": 457.34262084961,
			"z": 30.162658691406,
			"Tag": "Crowds_Door",
			"district": "Watson",
			"subdistrict": "ArasakaWaterfront",
			"inVehicule": false,
			"x": -421.79663085938
		},
		{
			"y": 411.48443603516,
			"z": 31.760040283203,
			"Tag": "Crowds_Door",
			"district": "Watson",
			"subdistrict": "ArasakaWaterfront",
			"inVehicule": false,
			"x": -440.90533447266
		},
		{
			"y": 388.15664672852,
			"z": 31.789581298828,
			"Tag": "Crowds_Door",
			"district": "Watson",
			"subdistrict": "ArasakaWaterfront",
			"inVehicule": false,
			"x": -429.64114379883
		},
		{
			"y": 318.11337280273,
			"z": 23.232681274414,
			"Tag": "Crowds_Door",
			"district": "Watson",
			"subdistrict": "ArasakaWaterfront",
			"inVehicule": false,
			"x": -481.84710693359
		},
		{
			"y": 278.70834350586,
			"z": 23.712097167969,
			"Tag": "Crowds_Door",
			"district": "Watson",
			"subdistrict": "ArasakaWaterfront",
			"inVehicule": false,
			"x": -449.07131958008
		},
		{
			"y": 241.90264892578,
			"z": 23.332405090332,
			"Tag": "Crowds_Door",
			"district": "Watson",
			"subdistrict": "ArasakaWaterfront",
			"inVehicule": false,
			"x": -447.13745117188
		},
		{
			"y": 231.00758361816,
			"z": 23.332405090332,
			"Tag": "Crowds_Door",
			"district": "Watson",
			"subdistrict": "ArasakaWaterfront",
			"inVehicule": false,
			"x": -412.92868041992
		},
		{
			"y": 227.79881286621,
			"z": 27.340927124023,
			"Tag": "Crowds_Door",
			"district": "Watson",
			"subdistrict": "ArasakaWaterfront",
			"inVehicule": false,
			"x": -390.73980712891
		},
		{
			"y": 151.67523193359,
			"z": 22.08186340332,
			"Tag": "Crowds_Door",
			"district": "Watson",
			"subdistrict": "ArasakaWaterfront",
			"inVehicule": false,
			"x": -338.68341064453
		},
		{
			"y": 105.94081115723,
			"z": 22.097152709961,
			"Tag": "Crowds_Door",
			"district": "Watson",
			"subdistrict": "ArasakaWaterfront",
			"inVehicule": false,
			"x": -367.04348754883
		},
		{
			"y": 136.38922119141,
			"z": 22.133110046387,
			"Tag": "Crowds_Door",
			"district": "Watson",
			"subdistrict": "ArasakaWaterfront",
			"inVehicule": false,
			"x": -398.94415283203
		},
		{
			"y": 103.58793640137,
			"z": 22.133110046387,
			"Tag": "Crowds_Door",
			"district": "Watson",
			"subdistrict": "ArasakaWaterfront",
			"inVehicule": false,
			"x": -393.17163085938
		},
		{
			"y": 78.049255371094,
			"z": 23.126502990723,
			"Tag": "Crowds_Door",
			"district": "Watson",
			"subdistrict": "ArasakaWaterfront",
			"inVehicule": false,
			"x": -375.05773925781
		},
		{
			"y": 62.348655700684,
			"z": 13.26628112793,
			"Tag": "Crowds_Door",
			"district": "Watson",
			"subdistrict": "ArasakaWaterfront",
			"inVehicule": false,
			"x": -292.82369995117
		},
		{
			"y": 24.593193054199,
			"z": 11.216285705566,
			"Tag": "Crowds_Door",
			"district": "Watson",
			"subdistrict": "ArasakaWaterfront",
			"inVehicule": false,
			"x": -315.03729248047
		},
		{
			"y": -0.45892333984375,
			"z": 8.2162857055664,
			"Tag": "Crowds_Door",
			"district": "Watson",
			"subdistrict": "ArasakaWaterfront",
			"inVehicule": false,
			"x": -306.31555175781
		},
		{
			"y": -3.5438385009766,
			"z": 8.2162857055664,
			"Tag": "Crowds_Door",
			"district": "Watson",
			"subdistrict": "ArasakaWaterfront",
			"inVehicule": false,
			"x": -302.21588134766
		},
		{
			"y": 12.844909667969,
			"z": 7.4739685058594,
			"Tag": "Crowds_Door",
			"district": "Watson",
			"subdistrict": "ArasakaWaterfront",
			"inVehicule": false,
			"x": -333.27777099609
		},
		{
			"y": -16.591567993164,
			"z": 8.2162857055664,
			"Tag": "Crowds_Door",
			"district": "Watson",
			"subdistrict": "ArasakaWaterfront",
			"inVehicule": false,
			"x": -343.11181640625
		},
		{
			"y": -12.657623291016,
			"z": 8.2162857055664,
			"Tag": "Crowds_Door",
			"district": "Watson",
			"subdistrict": "ArasakaWaterfront",
			"inVehicule": false,
			"x": -339.59204101563
		},
		{
			"y": -83.525772094727,
			"z": 7.2050094604492,
			"Tag": "Crowds_Door",
			"district": "Watson",
			"subdistrict": "ArasakaWaterfront",
			"inVehicule": false,
			"x": -295.24383544922
		},
		{
			"y": -86.505828857422,
			"z": 7.2050094604492,
			"Tag": "Crowds_Door",
			"district": "Watson",
			"subdistrict": "ArasakaWaterfront",
			"inVehicule": false,
			"x": -290.78302001953
		},
		{
			"y": -86.65055847168,
			"z": 7.2099533081055,
			"Tag": "Crowds_Door",
			"district": "Watson",
			"subdistrict": "ArasakaWaterfront",
			"inVehicule": false,
			"x": -266.95654296875
		},
		{
			"y": -109.72698974609,
			"z": 7.2199935913086,
			"Tag": "Crowds_Door",
			"district": "Watson",
			"subdistrict": "ArasakaWaterfront",
			"inVehicule": false,
			"x": -205.16744995117
		},
		{
			"y": -105.89427185059,
			"z": 7.2199935913086,
			"Tag": "Crowds_Door",
			"district": "Watson",
			"subdistrict": "ArasakaWaterfront",
			"inVehicule": false,
			"x": -209.4073638916
		},
		{
			"y": -92.186584472656,
			"z": 7.2000045776367,
			"Tag": "Crowds_Door",
			"district": "Watson",
			"subdistrict": "ArasakaWaterfront",
			"inVehicule": false,
			"x": -169.72769165039
		},
		{
			"y": -90.431518554688,
			"z": 11.172996520996,
			"Tag": "Crowds_Door",
			"district": "Watson",
			"subdistrict": "ArasakaWaterfront",
			"inVehicule": false,
			"x": -157.56446838379
		},
		{
			"y": -104.45851135254,
			"z": 15.097930908203,
			"Tag": "Crowds_Door",
			"district": "Watson",
			"subdistrict": "ArasakaWaterfront",
			"inVehicule": false,
			"x": -166.26226806641
		},
		{
			"y": -73.882965087891,
			"z": 21.778533935547,
			"Tag": "Crowds_Door",
			"district": "Watson",
			"subdistrict": "ArasakaWaterfront",
			"inVehicule": false,
			"x": -135.49633789063
		},
		{
			"y": -58.776779174805,
			"z": 21.778526306152,
			"Tag": "Crowds_Door",
			"district": "Watson",
			"subdistrict": "ArasakaWaterfront",
			"inVehicule": false,
			"x": -136.70025634766
		},
		{
			"y": -46.459648132324,
			"z": 21.782081604004,
			"Tag": "Crowds_Door",
			"district": "Watson",
			"subdistrict": "ArasakaWaterfront",
			"inVehicule": false,
			"x": -144.61296081543
		},
		{
			"y": -1.758918762207,
			"z": 12.24870300293,
			"Tag": "Crowds_Door",
			"district": "Watson",
			"subdistrict": "ArasakaWaterfront",
			"inVehicule": false,
			"x": -127.98895263672
		},
		{
			"y": 25.611511230469,
			"z": 12.248710632324,
			"Tag": "Crowds_Door",
			"district": "Watson",
			"subdistrict": "ArasakaWaterfront",
			"inVehicule": false,
			"x": -147.42474365234
		},
		{
			"y": 38.695274353027,
			"z": 12.248710632324,
			"Tag": "Crowds_Door",
			"district": "Watson",
			"subdistrict": "ArasakaWaterfront",
			"inVehicule": false,
			"x": -184.26440429688
		},
		{
			"y": 146.97494506836,
			"z": 14.717559814453,
			"Tag": "Crowds_Door",
			"district": "Watson",
			"subdistrict": "ArasakaWaterfront",
			"inVehicule": false,
			"x": -151.45845031738
		},
		{
			"y": 117.85043334961,
			"z": 12.395362854004,
			"Tag": "Crowds_Door",
			"district": "Watson",
			"subdistrict": "ArasakaWaterfront",
			"inVehicule": false,
			"x": -113.02803039551
		},
		{
			"y": 113.87698364258,
			"z": 14.654586791992,
			"Tag": "Crowds_Door",
			"district": "Watson",
			"subdistrict": "ArasakaWaterfront",
			"inVehicule": false,
			"x": -59.481903076172
		},
		{
			"y": -90.40657043457,
			"z": 7.1999969482422,
			"Tag": "Crowds_Door",
			"district": "Watson",
			"subdistrict": "ArasakaWaterfront",
			"inVehicule": false,
			"x": -117.29273986816
		},
		{
			"y": -153.15007019043,
			"z": 7.2099914550781,
			"Tag": "Crowds_Door",
			"district": "Watson",
			"subdistrict": "ArasakaWaterfront",
			"inVehicule": false,
			"x": -155.29542541504
		},
		{
			"y": -130.69100952148,
			"z": 7.2199935913086,
			"Tag": "Crowds_Door",
			"district": "Watson",
			"subdistrict": "ArasakaWaterfront",
			"inVehicule": false,
			"x": -174.74584960938
		},
		{
			"y": -126.72471618652,
			"z": 7.2199935913086,
			"Tag": "Crowds_Door",
			"district": "Watson",
			"subdistrict": "ArasakaWaterfront",
			"inVehicule": false,
			"x": -179.46131896973
		},
		{
			"y": -87.026748657227,
			"z": 7.2099914550781,
			"Tag": "Crowds_Door",
			"district": "Watson",
			"subdistrict": "ArasakaWaterfront",
			"inVehicule": false,
			"x": -213.3475189209
		},
		{
			"y": -68.10107421875,
			"z": 2.8320159912109,
			"Tag": "Crowds_Door",
			"district": "Watson",
			"subdistrict": "ArasakaWaterfront",
			"inVehicule": false,
			"x": -202.90216064453
		},
		{
			"y": -55.688064575195,
			"z": 0.86464691162109,
			"Tag": "Crowds_Door",
			"district": "Watson",
			"subdistrict": "ArasakaWaterfront",
			"inVehicule": false,
			"x": -252.4680480957
		},
		{
			"y": -78.664535522461,
			"z": 0.79222106933594,
			"Tag": "Crowds_Door",
			"district": "Watson",
			"subdistrict": "ArasakaWaterfront",
			"inVehicule": false,
			"x": -250.08000183105
		},
		{
			"y": -89.439086914063,
			"z": 2.7900009155273,
			"Tag": "Crowds_Door",
			"district": "Watson",
			"subdistrict": "ArasakaWaterfront",
			"inVehicule": false,
			"x": -234.48561096191
		},
		{
			"y": 26.760078430176,
			"z": 40.270774841309,
			"Tag": "Crowds_Door",
			"district": "Watson",
			"subdistrict": "ArasakaWaterfront",
			"inVehicule": false,
			"x": -134.63418579102
		},
		{
			"y": 49.367607116699,
			"z": 40.270774841309,
			"Tag": "Crowds_Door",
			"district": "Watson",
			"subdistrict": "ArasakaWaterfront",
			"inVehicule": false,
			"x": -126.15168762207
		},
		{
			"y": -7.2717132568359,
			"z": 40.272979736328,
			"Tag": "Crowds_Door",
			"district": "Watson",
			"subdistrict": "ArasakaWaterfront",
			"inVehicule": false,
			"x": -167.10858154297
		},
		{
			"y": -27.951026916504,
			"z": 40.272979736328,
			"Tag": "Crowds_Door",
			"district": "Watson",
			"subdistrict": "ArasakaWaterfront",
			"inVehicule": false,
			"x": -172.3751373291
		},
		{
			"y": -123.88218688965,
			"z": 7.6832275390625,
			"Tag": "Crowds_Door",
			"district": "Watson",
			"subdistrict": "ArasakaWaterfront",
			"inVehicule": false,
			"x": -600.15020751953
		},
		{
			"y": -158.95390319824,
			"z": 7.9659576416016,
			"Tag": "Crowds_Door",
			"district": "Watson",
			"subdistrict": "ArasakaWaterfront",
			"inVehicule": false,
			"x": -629.41033935547
		},
		{
			"y": -213.8875579834,
			"z": 7.9659576416016,
			"Tag": "Crowds_Door",
			"district": "Watson",
			"subdistrict": "ArasakaWaterfront",
			"inVehicule": false,
			"x": -676.9482421875
		},
		{
			"y": -235.58921813965,
			"z": 7.794677734375,
			"Tag": "Crowds_Door",
			"district": "Watson",
			"subdistrict": "ArasakaWaterfront",
			"inVehicule": false,
			"x": -680.39190673828
		},
		{
			"y": -256.56365966797,
			"z": 8.2751770019531,
			"Tag": "Crowds_Door",
			"district": "Watson",
			"subdistrict": "ArasakaWaterfront",
			"inVehicule": false,
			"x": -744.33959960938
		},
		{
			"y": -278.49765014648,
			"z": 8.2751770019531,
			"Tag": "Crowds_Door",
			"district": "Watson",
			"subdistrict": "ArasakaWaterfront",
			"inVehicule": false,
			"x": -760.69897460938
		},
		{
			"y": -298.04177856445,
			"z": 8.1449737548828,
			"Tag": "Crowds_Door",
			"district": "Watson",
			"subdistrict": "ArasakaWaterfront",
			"inVehicule": false,
			"x": -770.77282714844
		},
		{
			"y": -319.88168334961,
			"z": 8.1999969482422,
			"Tag": "Crowds_Door",
			"district": "Watson",
			"subdistrict": "ArasakaWaterfront",
			"inVehicule": false,
			"x": -782.93402099609
		},
		{
			"y": -340.53805541992,
			"z": 8.1756439208984,
			"Tag": "Crowds_Door",
			"district": "Watson",
			"subdistrict": "ArasakaWaterfront",
			"inVehicule": false,
			"x": -827.21166992188
		},
		{
			"y": -370.73831176758,
			"z": 8.1656341552734,
			"Tag": "Crowds_Door",
			"district": "Watson",
			"subdistrict": "ArasakaWaterfront",
			"inVehicule": false,
			"x": -830.14282226563
		},
		{
			"y": -394.57238769531,
			"z": 8.1632232666016,
			"Tag": "Crowds_Door",
			"district": "Watson",
			"subdistrict": "ArasakaWaterfront",
			"inVehicule": false,
			"x": -846.17419433594
		},
		{
			"y": -439.99826049805,
			"z": 8.0000610351563,
			"Tag": "Crowds_Door",
			"district": "Watson",
			"subdistrict": "ArasakaWaterfront",
			"inVehicule": false,
			"x": -857.04156494141
		},
		{
			"y": -596.74877929688,
			"z": 8.1999969482422,
			"Tag": "Crowds_Door",
			"district": "Watson",
			"subdistrict": "ArasakaWaterfront",
			"inVehicule": false,
			"x": -1076.1180419922
		},
		{
			"y": -639.72570800781,
			"z": 8.1975936889648,
			"Tag": "Crowds_Door",
			"district": "Watson",
			"subdistrict": "ArasakaWaterfront",
			"inVehicule": false,
			"x": -1077.2359619141
		},
		{
			"y": -630.34912109375,
			"z": 8.4362106323242,
			"Tag": "Crowds_Door",
			"district": "Watson",
			"subdistrict": "ArasakaWaterfront",
			"inVehicule": false,
			"x": -1104.8748779297
		},
		{
			"y": -677.79052734375,
			"z": 12.743141174316,
			"Tag": "Crowds_Door",
			"district": "Watson",
			"subdistrict": "ArasakaWaterfront",
			"inVehicule": false,
			"x": -1108.1508789063
		},
		{
			"y": -697.16717529297,
			"z": 12.63549041748,
			"Tag": "Crowds_Door",
			"district": "Watson",
			"subdistrict": "ArasakaWaterfront",
			"inVehicule": false,
			"x": -1094.4317626953
		},
		{
			"y": -714.560546875,
			"z": 8.1225509643555,
			"Tag": "Crowds_Door",
			"district": "Watson",
			"subdistrict": "ArasakaWaterfront",
			"inVehicule": false,
			"x": -1082.6231689453
		},
		{
			"y": -694.93188476563,
			"z": 8.1655883789063,
			"Tag": "Crowds_Door",
			"district": "Watson",
			"subdistrict": "ArasakaWaterfront",
			"inVehicule": false,
			"x": -1054.1682128906
		},
		{
			"y": -674.68115234375,
			"z": 8.2215728759766,
			"Tag": "Crowds_Door",
			"district": "Watson",
			"subdistrict": "ArasakaWaterfront",
			"inVehicule": false,
			"x": -1037.9412841797
		},
		{
			"y": -848.93273925781,
			"z": 9.9435501098633,
			"Tag": "Crowds_Door",
			"district": "Watson",
			"subdistrict": "ArasakaWaterfront",
			"inVehicule": false,
			"x": -1132.4078369141
		},
		{
			"y": -856.52087402344,
			"z": 9.9435501098633,
			"Tag": "Crowds_Door",
			"district": "Watson",
			"subdistrict": "ArasakaWaterfront",
			"inVehicule": false,
			"x": -1145.5776367188
		},
		{
			"y": -850.35321044922,
			"z": 9.9435501098633,
			"Tag": "Crowds_Door",
			"district": "Watson",
			"subdistrict": "ArasakaWaterfront",
			"inVehicule": false,
			"x": -1161.9423828125
		},
		{
			"y": -940.64739990234,
			"z": 13.320983886719,
			"Tag": "Crowds_Door",
			"district": "Watson",
			"subdistrict": "ArasakaWaterfront",
			"inVehicule": false,
			"x": -1212.939453125
		},
		{
			"y": -914.29791259766,
			"z": 11.989196777344,
			"Tag": "Crowds_Door",
			"district": "Watson",
			"subdistrict": "ArasakaWaterfront",
			"inVehicule": false,
			"x": -1223.0412597656
		},
		{
			"y": -915.60327148438,
			"z": 11.989196777344,
			"Tag": "Crowds_Door",
			"district": "Watson",
			"subdistrict": "ArasakaWaterfront",
			"inVehicule": false,
			"x": -1228.8975830078
		},
		{
			"y": -933.55847167969,
			"z": 13.320983886719,
			"Tag": "Crowds_Door",
			"district": "Watson",
			"subdistrict": "ArasakaWaterfront",
			"inVehicule": false,
			"x": -1230.5723876953
		},
		{
			"y": -917.13983154297,
			"z": 12.874183654785,
			"Tag": "Crowds_Door",
			"district": "Watson",
			"subdistrict": "ArasakaWaterfront",
			"inVehicule": false,
			"x": -1178.1173095703
		},
		{
			"y": -945.18585205078,
			"z": 12.874183654785,
			"Tag": "Crowds_Door",
			"district": "Watson",
			"subdistrict": "ArasakaWaterfront",
			"inVehicule": false,
			"x": -1171.5574951172
		},
		{
			"y": -937.41564941406,
			"z": 11.989196777344,
			"Tag": "Crowds_Door",
			"district": "Watson",
			"subdistrict": "ArasakaWaterfront",
			"inVehicule": false,
			"x": -1187.7376708984
		},
		{
			"y": -912.72302246094,
			"z": 11.989196777344,
			"Tag": "Crowds_Door",
			"district": "Watson",
			"subdistrict": "ArasakaWaterfront",
			"inVehicule": false,
			"x": -1212.0772705078
		},
		{
			"y": -980.05822753906,
			"z": 11.153999328613,
			"Tag": "Crowds_Door",
			"district": "Watson",
			"subdistrict": "ArasakaWaterfront",
			"inVehicule": false,
			"x": -1245.7495117188
		},
		{
			"y": -996.99713134766,
			"z": 12.336395263672,
			"Tag": "Crowds_Door",
			"district": "Watson",
			"subdistrict": "ArasakaWaterfront",
			"inVehicule": false,
			"x": -1302.0072021484
		},
		{
			"y": -1004.8740234375,
			"z": 10.83325958252,
			"Tag": "Crowds_Door",
			"district": "Watson",
			"subdistrict": "ArasakaWaterfront",
			"inVehicule": false,
			"x": -1333.8759765625
		},
		{
			"y": -1022.0071411133,
			"z": 10.781936645508,
			"Tag": "Crowds_Door",
			"district": "Watson",
			"subdistrict": "ArasakaWaterfront",
			"inVehicule": false,
			"x": -1354.287109375
		},
		{
			"y": -1024.6744384766,
			"z": 10.781936645508,
			"Tag": "Crowds_Door",
			"district": "Watson",
			"subdistrict": "ArasakaWaterfront",
			"inVehicule": false,
			"x": -1381.9339599609
		},
		{
			"y": -1027.3118896484,
			"z": 10.781936645508,
			"Tag": "Crowds_Door",
			"district": "Watson",
			"subdistrict": "ArasakaWaterfront",
			"inVehicule": false,
			"x": -1396.927734375
		},
		{
			"y": -1018.3280029297,
			"z": 12.251434326172,
			"Tag": "Crowds_Door",
			"district": "Watson",
			"subdistrict": "ArasakaWaterfront",
			"inVehicule": false,
			"x": -1424.9405517578
		},
		{
			"y": -978.81884765625,
			"z": 11.280555725098,
			"Tag": "Crowds_Door",
			"district": "Watson",
			"subdistrict": "ArasakaWaterfront",
			"inVehicule": false,
			"x": -1456.7924804688
		},
		{
			"y": -979.11065673828,
			"z": 11.255676269531,
			"Tag": "Crowds_Door",
			"district": "Watson",
			"subdistrict": "ArasakaWaterfront",
			"inVehicule": false,
			"x": -1452.3936767578
		},
		{
			"y": -986.47161865234,
			"z": 11.174873352051,
			"Tag": "Crowds_Door",
			"district": "Watson",
			"subdistrict": "ArasakaWaterfront",
			"inVehicule": false,
			"x": -1417.5874023438
		},
		{
			"y": -971.94677734375,
			"z": 11.608428955078,
			"Tag": "Crowds_Door",
			"district": "Watson",
			"subdistrict": "ArasakaWaterfront",
			"inVehicule": false,
			"x": -1417.3249511719
		},
		{
			"y": -971.25708007813,
			"z": 12.520317077637,
			"Tag": "Crowds_Door",
			"district": "Watson",
			"subdistrict": "ArasakaWaterfront",
			"inVehicule": false,
			"x": -1381.1987304688
		},
		{
			"y": -933.69262695313,
			"z": 11.580345153809,
			"Tag": "Crowds_Door",
			"district": "Watson",
			"subdistrict": "ArasakaWaterfront",
			"inVehicule": false,
			"x": -1408.00390625
		},
		{
			"y": 0,
			"z": 0,
			"Tag": "Crowds_Door",
			"district": "Watson",
			"subdistrict": "ArasakaWaterfront",
			"inVehicule": false,
			"x": 0
		},
		{
			"y": -933.15759277344,
			"z": 8.569221496582,
			"Tag": "Crowds_Door",
			"district": "Watson",
			"subdistrict": "ArasakaWaterfront",
			"inVehicule": false,
			"x": -1441.6977539063
		},
		{
			"y": -915.63385009766,
			"z": 8.5552062988281,
			"Tag": "Crowds_Door",
			"district": "Watson",
			"subdistrict": "ArasakaWaterfront",
			"inVehicule": false,
			"x": -1437.1909179688
		},
		{
			"y": -950.22290039063,
			"z": 8.5766143798828,
			"Tag": "Crowds_Door",
			"district": "Watson",
			"subdistrict": "ArasakaWaterfront",
			"inVehicule": false,
			"x": -1466.3472900391
		},
		{
			"y": -991.68133544922,
			"z": 9.0248413085938,
			"Tag": "Crowds_Door",
			"district": "Watson",
			"subdistrict": "ArasakaWaterfront",
			"inVehicule": false,
			"x": -1516.7994384766
		},
		{
			"y": -1016.9221191406,
			"z": 9.0464477539063,
			"Tag": "Crowds_Door",
			"district": "Watson",
			"subdistrict": "ArasakaWaterfront",
			"inVehicule": false,
			"x": -1515.0788574219
		},
		{
			"y": 0,
			"z": 0,
			"Tag": "Crowds_Door",
			"district": "Watson",
			"subdistrict": "ArasakaWaterfront",
			"inVehicule": false,
			"x": 0
		},
		{
			"y": -946.43725585938,
			"z": 8.8296966552734,
			"Tag": "Crowds_Door",
			"district": "Watson",
			"subdistrict": "ArasakaWaterfront",
			"inVehicule": false,
			"x": -1665.0159912109
		},
		{
			"y": -896.41198730469,
			"z": 7.764274597168,
			"Tag": "Crowds_Door",
			"district": "Watson",
			"subdistrict": "ArasakaWaterfront",
			"inVehicule": false,
			"x": -1826.0084228516
		},
		{
			"y": -939.77062988281,
			"z": 7.5870819091797,
			"Tag": "Crowds_Door",
			"district": "Watson",
			"subdistrict": "ArasakaWaterfront",
			"inVehicule": false,
			"x": -1853.3270263672
		},
		{
			"y": -965.83966064453,
			"z": 7.6178283691406,
			"Tag": "Crowds_Door",
			"district": "Watson",
			"subdistrict": "ArasakaWaterfront",
			"inVehicule": false,
			"x": -1854.1340332031
		},
		{
			"y": -993.05120849609,
			"z": 7.5992202758789,
			"Tag": "Crowds_Door",
			"district": "Watson",
			"subdistrict": "ArasakaWaterfront",
			"inVehicule": false,
			"x": -1823.4755859375
		},
		{
			"y": -971.20764160156,
			"z": 7.6189422607422,
			"Tag": "Crowds_Door",
			"district": "Watson",
			"subdistrict": "ArasakaWaterfront",
			"inVehicule": false,
			"x": -1868.2416992188
		},
		{
			"y": -960.38928222656,
			"z": 7.6189498901367,
			"Tag": "Crowds_Door",
			"district": "Watson",
			"subdistrict": "ArasakaWaterfront",
			"inVehicule": false,
			"x": -1868.7707519531
		},
		{
			"y": -861.14367675781,
			"z": 12.972099304199,
			"Tag": "Crowds_Door",
			"district": "Watson",
			"subdistrict": "ArasakaWaterfront",
			"inVehicule": false,
			"x": -2379.0205078125
		},
		{
			"y": -847.27288818359,
			"z": 12.962417602539,
			"Tag": "Crowds_Door",
			"district": "Watson",
			"subdistrict": "ArasakaWaterfront",
			"inVehicule": false,
			"x": -2406.6379394531
		},
		{
			"y": -805.58630371094,
			"z": 12.907432556152,
			"Tag": "Crowds_Door",
			"district": "Watson",
			"subdistrict": "ArasakaWaterfront",
			"inVehicule": false,
			"x": -2419.6003417969
		},
		{
			"y": -804.95922851563,
			"z": 12.907424926758,
			"Tag": "Crowds_Door",
			"district": "Watson",
			"subdistrict": "ArasakaWaterfront",
			"inVehicule": false,
			"x": -2459.7902832031
		},
		{
			"y": -775.27355957031,
			"z": 6.8849258422852,
			"Tag": "Crowds_Door",
			"district": "Watson",
			"subdistrict": "ArasakaWaterfront",
			"inVehicule": false,
			"x": -2443.8793945313
		},
		{
			"y": -699.26306152344,
			"z": 6.8981170654297,
			"Tag": "Crowds_Door",
			"district": "Watson",
			"subdistrict": "ArasakaWaterfront",
			"inVehicule": false,
			"x": -2463.5827636719
		},
		{
			"y": -671.81591796875,
			"z": 8.108268737793,
			"Tag": "Crowds_Door",
			"district": "Watson",
			"subdistrict": "ArasakaWaterfront",
			"inVehicule": false,
			"x": -2459.3725585938
		},
		{
			"y": -670.68383789063,
			"z": 6.9221038818359,
			"Tag": "Crowds_Door",
			"district": "Watson",
			"subdistrict": "ArasakaWaterfront",
			"inVehicule": false,
			"x": -2435.3161621094
		},
		{
			"y": -615.44506835938,
			"z": 6.8999862670898,
			"Tag": "Crowds_Door",
			"district": "Watson",
			"subdistrict": "ArasakaWaterfront",
			"inVehicule": false,
			"x": -2403.5991210938
		},
		{
			"y": -588.93878173828,
			"z": 6.8849945068359,
			"Tag": "Crowds_Door",
			"district": "Watson",
			"subdistrict": "ArasakaWaterfront",
			"inVehicule": false,
			"x": -2409.7563476563
		},
		{
			"y": -571.94177246094,
			"z": 6.9999923706055,
			"Tag": "Crowds_Door",
			"district": "Watson",
			"subdistrict": "ArasakaWaterfront",
			"inVehicule": false,
			"x": -2392.73828125
		},
		{
			"y": -563.10302734375,
			"z": 6.9999923706055,
			"Tag": "Crowds_Door",
			"district": "Watson",
			"subdistrict": "ArasakaWaterfront",
			"inVehicule": false,
			"x": -2358.0358886719
		},
		{
			"y": -564.22119140625,
			"z": 6.9999923706055,
			"Tag": "Crowds_Door",
			"district": "Watson",
			"subdistrict": "ArasakaWaterfront",
			"inVehicule": false,
			"x": -2317.5368652344
		},
		{
			"y": -565.91345214844,
			"z": 7.3971328735352,
			"Tag": "Crowds_Door",
			"district": "Watson",
			"subdistrict": "ArasakaWaterfront",
			"inVehicule": false,
			"x": -2279.1533203125
		},
		{
			"y": -562.3203125,
			"z": 7.4427795410156,
			"Tag": "Crowds_Door",
			"district": "Watson",
			"subdistrict": "ArasakaWaterfront",
			"inVehicule": false,
			"x": -2257.4318847656
		},
		{
			"y": -568.10205078125,
			"z": 13.61116027832,
			"Tag": "Crowds_Door",
			"district": "Watson",
			"subdistrict": "ArasakaWaterfront",
			"inVehicule": false,
			"x": -2282.9108886719
		},
		{
			"y": -575.10705566406,
			"z": 13.61116027832,
			"Tag": "Crowds_Door",
			"district": "Watson",
			"subdistrict": "ArasakaWaterfront",
			"inVehicule": false,
			"x": -2289.5629882813
		},
		{
			"y": -552.64215087891,
			"z": 13.650810241699,
			"Tag": "Crowds_Door",
			"district": "Watson",
			"subdistrict": "ArasakaWaterfront",
			"inVehicule": false,
			"x": -2296.3923339844
		},
		{
			"y": -556.6884765625,
			"z": 13.61116027832,
			"Tag": "Crowds_Door",
			"district": "Watson",
			"subdistrict": "ArasakaWaterfront",
			"inVehicule": false,
			"x": -2305.5659179688
		},
		{
			"y": -539.92083740234,
			"z": 13.61116027832,
			"Tag": "Crowds_Door",
			"district": "Watson",
			"subdistrict": "ArasakaWaterfront",
			"inVehicule": false,
			"x": -2314.9089355469
		},
		{
			"y": -503.61294555664,
			"z": 13.444435119629,
			"Tag": "Crowds_Door",
			"district": "Watson",
			"subdistrict": "ArasakaWaterfront",
			"inVehicule": false,
			"x": -2287.2087402344
		},
		{
			"y": -438.43084716797,
			"z": 17.365585327148,
			"Tag": "Crowds_Door",
			"district": "Watson",
			"subdistrict": "ArasakaWaterfront",
			"inVehicule": false,
			"x": -2261.3598632813
		},
		{
			"y": -418.97329711914,
			"z": 17.328735351563,
			"Tag": "Crowds_Door",
			"district": "Watson",
			"subdistrict": "ArasakaWaterfront",
			"inVehicule": false,
			"x": -2285.4912109375
		},
		{
			"y": -406.99899291992,
			"z": 17.330001831055,
			"Tag": "Crowds_Door",
			"district": "Watson",
			"subdistrict": "ArasakaWaterfront",
			"inVehicule": false,
			"x": -2284.8630371094
		},
		{
			"y": -367.89889526367,
			"z": 17.328742980957,
			"Tag": "Crowds_Door",
			"district": "Watson",
			"subdistrict": "ArasakaWaterfront",
			"inVehicule": false,
			"x": -2275.0017089844
		},
		{
			"y": -375.75466918945,
			"z": 17.308471679688,
			"Tag": "Crowds_Door",
			"district": "Watson",
			"subdistrict": "ArasakaWaterfront",
			"inVehicule": false,
			"x": -2226.2993164063
		},
		{
			"y": -228.56237792969,
			"z": 7.3405303955078,
			"Tag": "Crowds_Door",
			"district": "Watson",
			"subdistrict": "ArasakaWaterfront",
			"inVehicule": false,
			"x": -2074.0222167969
		},
		{
			"y": -202.09808349609,
			"z": 8.2500076293945,
			"Tag": "Crowds_Door",
			"district": "Watson",
			"subdistrict": "ArasakaWaterfront",
			"inVehicule": false,
			"x": -2094.9995117188
		},
		{
			"y": -199.91412353516,
			"z": 9.2487182617188,
			"Tag": "Crowds_Door",
			"district": "Watson",
			"subdistrict": "ArasakaWaterfront",
			"inVehicule": false,
			"x": -2030.5231933594
		},
		{
			"y": -229.00062561035,
			"z": 9.2638702392578,
			"Tag": "Crowds_Door",
			"district": "Watson",
			"subdistrict": "ArasakaWaterfront",
			"inVehicule": false,
			"x": -2018.8658447266
		},
		{
			"y": -161.81600952148,
			"z": 8.2710876464844,
			"Tag": "Crowds_Door",
			"district": "Watson",
			"subdistrict": "ArasakaWaterfront",
			"inVehicule": false,
			"x": -2017.2513427734
		},
		{
			"y": 312.80279541016,
			"z": 8.0569763183594,
			"Tag": "Crowds_Door",
			"district": "Watson",
			"subdistrict": "ArasakaWaterfront",
			"inVehicule": false,
			"x": -2066.201171875
		},
		{
			"y": 325.19711303711,
			"z": 7.6245269775391,
			"Tag": "Crowds_Door",
			"district": "Watson",
			"subdistrict": "ArasakaWaterfront",
			"inVehicule": false,
			"x": -2058.0412597656
		},
		{
			"y": 322.30801391602,
			"z": 7.6245269775391,
			"Tag": "Crowds_Door",
			"district": "Watson",
			"subdistrict": "ArasakaWaterfront",
			"inVehicule": false,
			"x": -2043.7154541016
		},
		{
			"y": 300.84039306641,
			"z": 7.6245269775391,
			"Tag": "Crowds_Door",
			"district": "Watson",
			"subdistrict": "ArasakaWaterfront",
			"inVehicule": false,
			"x": -2041.2907714844
		},
		{
			"y": 280.70227050781,
			"z": 7.6245269775391,
			"Tag": "Crowds_Door",
			"district": "Watson",
			"subdistrict": "ArasakaWaterfront",
			"inVehicule": false,
			"x": -2035.9019775391
		},
		{
			"y": 274.57739257813,
			"z": 7.6245269775391,
			"Tag": "Crowds_Door",
			"district": "Watson",
			"subdistrict": "ArasakaWaterfront",
			"inVehicule": false,
			"x": -2034.9084472656
		},
		{
			"y": 307.24560546875,
			"z": 3.8717041015625,
			"Tag": "Crowds_Door",
			"district": "Watson",
			"subdistrict": "ArasakaWaterfront",
			"inVehicule": false,
			"x": -2002.0528564453
		},
		{
			"y": 301.04238891602,
			"z": 3.8950881958008,
			"Tag": "Crowds_Door",
			"district": "Watson",
			"subdistrict": "ArasakaWaterfront",
			"inVehicule": false,
			"x": -2003.0859375
		},
		{
			"y": 288.68399047852,
			"z": 7.9004898071289,
			"Tag": "Crowds_Door",
			"district": "Watson",
			"subdistrict": "ArasakaWaterfront",
			"inVehicule": false,
			"x": -1970.7952880859
		},
		{
			"y": 268.18618774414,
			"z": 7.7397155761719,
			"Tag": "Crowds_Door",
			"district": "Watson",
			"subdistrict": "ArasakaWaterfront",
			"inVehicule": false,
			"x": -1955.6439208984
		},
		{
			"y": 293.09805297852,
			"z": 7.809326171875,
			"Tag": "Crowds_Door",
			"district": "Watson",
			"subdistrict": "ArasakaWaterfront",
			"inVehicule": false,
			"x": -1902.1558837891
		},
		{
			"y": 283.60247802734,
			"z": 7.6586837768555,
			"Tag": "Crowds_Door",
			"district": "Watson",
			"subdistrict": "ArasakaWaterfront",
			"inVehicule": false,
			"x": -1889.4948730469
		},
		{
			"y": 293.54995727539,
			"z": 7.4872360229492,
			"Tag": "Crowds_Door",
			"district": "Watson",
			"subdistrict": "ArasakaWaterfront",
			"inVehicule": false,
			"x": -1866.1905517578
		},
		{
			"y": 315.46389770508,
			"z": 7.6513366699219,
			"Tag": "Crowds_Door",
			"district": "Watson",
			"subdistrict": "ArasakaWaterfront",
			"inVehicule": false,
			"x": -1863.7386474609
		},
		{
			"y": 328.21716308594,
			"z": 7.6987609863281,
			"Tag": "Crowds_Door",
			"district": "Watson",
			"subdistrict": "ArasakaWaterfront",
			"inVehicule": false,
			"x": -1816.3382568359
		},
		{
			"y": 317.97952270508,
			"z": 7.7712783813477,
			"Tag": "Crowds_Door",
			"district": "Watson",
			"subdistrict": "ArasakaWaterfront",
			"inVehicule": false,
			"x": -1796.3894042969
		},
		{
			"y": 316.84429931641,
			"z": 7.6522369384766,
			"Tag": "Crowds_Door",
			"district": "Watson",
			"subdistrict": "ArasakaWaterfront",
			"inVehicule": false,
			"x": -1787.4593505859
		},
		{
			"y": 318.08325195313,
			"z": 7.6338348388672,
			"Tag": "Crowds_Door",
			"district": "Watson",
			"subdistrict": "ArasakaWaterfront",
			"inVehicule": false,
			"x": -1781.3702392578
		},
		{
			"y": 315.09906005859,
			"z": 7.6125335693359,
			"Tag": "Crowds_Door",
			"district": "Watson",
			"subdistrict": "ArasakaWaterfront",
			"inVehicule": false,
			"x": -1769.5399169922
		},
		{
			"y": 314.84976196289,
			"z": 7.6021499633789,
			"Tag": "Crowds_Door",
			"district": "Watson",
			"subdistrict": "ArasakaWaterfront",
			"inVehicule": false,
			"x": -1763.7159423828
		},
		{
			"y": 351.69613647461,
			"z": 7.6239547729492,
			"Tag": "Crowds_Door",
			"district": "Watson",
			"subdistrict": "ArasakaWaterfront",
			"inVehicule": false,
			"x": -1779.2329101563
		},
		{
			"y": 352.88961791992,
			"z": 7.6654586791992,
			"Tag": "Crowds_Door",
			"district": "Watson",
			"subdistrict": "ArasakaWaterfront",
			"inVehicule": false,
			"x": -1796.7722167969
		},
		{
			"y": 458.93295288086,
			"z": 12.462730407715,
			"Tag": "Crowds_Door",
			"district": "Watson",
			"subdistrict": "ArasakaWaterfront",
			"inVehicule": false,
			"x": -1886.3452148438
		},
		{
			"y": 459.8486328125,
			"z": 12.460418701172,
			"Tag": "Crowds_Door",
			"district": "Watson",
			"subdistrict": "ArasakaWaterfront",
			"inVehicule": false,
			"x": -1881.9582519531
		},
		{
			"y": 459.75289916992,
			"z": 12.450073242188,
			"Tag": "Crowds_Door",
			"district": "Watson",
			"subdistrict": "ArasakaWaterfront",
			"inVehicule": false,
			"x": -1866.5439453125
		},
		{
			"y": 460.32083129883,
			"z": 12.396453857422,
			"Tag": "Crowds_Door",
			"district": "Watson",
			"subdistrict": "ArasakaWaterfront",
			"inVehicule": false,
			"x": -1943.5557861328
		},
		{
			"y": 461.15878295898,
			"z": 12.405822753906,
			"Tag": "Crowds_Door",
			"district": "Watson",
			"subdistrict": "ArasakaWaterfront",
			"inVehicule": false,
			"x": -1947.9249267578
		},
		{
			"y": 460.86053466797,
			"z": 12.400001525879,
			"Tag": "Crowds_Door",
			"district": "Watson",
			"subdistrict": "ArasakaWaterfront",
			"inVehicule": false,
			"x": -1959.1424560547
		},
		{
			"y": 389.3561706543,
			"z": 9.0475692749023,
			"Tag": "Crowds_Door",
			"district": "Watson",
			"subdistrict": "ArasakaWaterfront",
			"inVehicule": false,
			"x": -2107.7006835938
		},
		{
			"y": 310.21829223633,
			"z": 8.2304382324219,
			"Tag": "Crowds_Door",
			"district": "Watson",
			"subdistrict": "ArasakaWaterfront",
			"inVehicule": false,
			"x": -2002.3099365234
		},
		{
			"y": 297.85571289063,
			"z": 8.0099105834961,
			"Tag": "Crowds_Door",
			"district": "Watson",
			"subdistrict": "ArasakaWaterfront",
			"inVehicule": false,
			"x": -1981.7277832031
		},
		{
			"y": 301.53775024414,
			"z": 6.050407409668,
			"Tag": "Crowds_Door",
			"district": "Watson",
			"subdistrict": "ArasakaWaterfront",
			"inVehicule": false,
			"x": -1994.8408203125
		},
		{
			"y": 277.50973510742,
			"z": 7.7345123291016,
			"Tag": "Crowds_Door",
			"district": "Watson",
			"subdistrict": "ArasakaWaterfront",
			"inVehicule": false,
			"x": -1948.1964111328
		},
		{
			"y": 514.61279296875,
			"z": 19.315635681152,
			"Tag": "Crowds_Door",
			"district": "Watson",
			"subdistrict": "ArasakaWaterfront",
			"inVehicule": false,
			"x": -730.98986816406
		},
		{
			"y": 523.31311035156,
			"z": 19.315635681152,
			"Tag": "Crowds_Door",
			"district": "Watson",
			"subdistrict": "ArasakaWaterfront",
			"inVehicule": false,
			"x": -708.36572265625
		},
		{
			"y": 518.62646484375,
			"z": 19.315635681152,
			"Tag": "Crowds_Door",
			"district": "Watson",
			"subdistrict": "ArasakaWaterfront",
			"inVehicule": false,
			"x": -711.67980957031
		},
		{
			"y": 561.54461669922,
			"z": 19.315635681152,
			"Tag": "Crowds_Door",
			"district": "Watson",
			"subdistrict": "ArasakaWaterfront",
			"inVehicule": false,
			"x": -719.21630859375
		},
		{
			"y": 572.13317871094,
			"z": 22.163520812988,
			"Tag": "Crowds_Door",
			"district": "Watson",
			"subdistrict": "ArasakaWaterfront",
			"inVehicule": false,
			"x": -741.75860595703
		},
		{
			"y": 598.56634521484,
			"z": 26.167709350586,
			"Tag": "Crowds_Door",
			"district": "Watson",
			"subdistrict": "ArasakaWaterfront",
			"inVehicule": false,
			"x": -746.26684570313
		},
		{
			"y": 595.97888183594,
			"z": 26.167709350586,
			"Tag": "Crowds_Door",
			"district": "Watson",
			"subdistrict": "ArasakaWaterfront",
			"inVehicule": false,
			"x": -741.06262207031
		},
		{
			"y": 643.07379150391,
			"z": 34.074287414551,
			"Tag": "Crowds_Door",
			"district": "Watson",
			"subdistrict": "ArasakaWaterfront",
			"inVehicule": false,
			"x": -734.14196777344
		},
		{
			"y": 678.21234130859,
			"z": 34.074287414551,
			"Tag": "Crowds_Door",
			"district": "Watson",
			"subdistrict": "ArasakaWaterfront",
			"inVehicule": false,
			"x": -735.62133789063
		},
		{
			"y": 720.47424316406,
			"z": 32.708969116211,
			"Tag": "Crowds_Door",
			"district": "Watson",
			"subdistrict": "ArasakaWaterfront",
			"inVehicule": false,
			"x": -727.05993652344
		},
		{
			"y": 755.7392578125,
			"z": 22.453254699707,
			"Tag": "Crowds_Door",
			"district": "Watson",
			"subdistrict": "ArasakaWaterfront",
			"inVehicule": false,
			"x": -780.3955078125
		},
		{
			"y": 747.61865234375,
			"z": 22.493621826172,
			"Tag": "Crowds_Door",
			"district": "Watson",
			"subdistrict": "ArasakaWaterfront",
			"inVehicule": false,
			"x": -756.48681640625
		},
		{
			"y": 796.22723388672,
			"z": 22.894775390625,
			"Tag": "Crowds_Door",
			"district": "Watson",
			"subdistrict": "ArasakaWaterfront",
			"inVehicule": false,
			"x": -744.87438964844
		},
		{
			"y": 825.97442626953,
			"z": 22.46955871582,
			"Tag": "Crowds_Door",
			"district": "Watson",
			"subdistrict": "ArasakaWaterfront",
			"inVehicule": false,
			"x": -749.51068115234
		},
		{
			"y": 823.43084716797,
			"z": 22.431495666504,
			"Tag": "Crowds_Door",
			"district": "Watson",
			"subdistrict": "ArasakaWaterfront",
			"inVehicule": false,
			"x": -768.38006591797
		},
		{
			"y": 812.20495605469,
			"z": 22.431495666504,
			"Tag": "Crowds_Door",
			"district": "Watson",
			"subdistrict": "ArasakaWaterfront",
			"inVehicule": false,
			"x": -784.22406005859
		},
		{
			"y": 345.40023803711,
			"z": 19.881927490234,
			"Tag": "Crowds_Door",
			"district": "Watson",
			"subdistrict": "ArasakaWaterfront",
			"inVehicule": false,
			"x": -678.89514160156
		},
		{
			"y": 337.40344238281,
			"z": 20.587844848633,
			"Tag": "Crowds_Door",
			"district": "Watson",
			"subdistrict": "ArasakaWaterfront",
			"inVehicule": false,
			"x": -657.50573730469
		},
		{
			"y": 350.15036010742,
			"z": 22.411598205566,
			"Tag": "Crowds_Door",
			"district": "Watson",
			"subdistrict": "ArasakaWaterfront",
			"inVehicule": false,
			"x": -616.58410644531
		},
		{
			"y": 334.01058959961,
			"z": 23.134834289551,
			"Tag": "Crowds_Door",
			"district": "Watson",
			"subdistrict": "ArasakaWaterfront",
			"inVehicule": false,
			"x": -579.93756103516
		},
		{
			"y": 252.90417480469,
			"z": 23.332397460938,
			"Tag": "Crowds_Door",
			"district": "Watson",
			"subdistrict": "ArasakaWaterfront",
			"inVehicule": false,
			"x": -474.9391784668
		},
		{
			"y": 266.16064453125,
			"z": 23.477920532227,
			"Tag": "Crowds_Door",
			"district": "Watson",
			"subdistrict": "ArasakaWaterfront",
			"inVehicule": false,
			"x": -457.38900756836
		},
		{
			"y": 274.53323364258,
			"z": 22.149429321289,
			"Tag": "Crowds_Door",
			"district": "Watson",
			"subdistrict": "ArasakaWaterfront",
			"inVehicule": false,
			"x": -435.34463500977
		},
		{
			"y": 262.92578125,
			"z": 22.181968688965,
			"Tag": "Crowds_Door",
			"district": "Watson",
			"subdistrict": "ArasakaWaterfront",
			"inVehicule": false,
			"x": -419.17190551758
		},
		{
			"y": 254.78427124023,
			"z": 22.149429321289,
			"Tag": "Crowds_Door",
			"district": "Watson",
			"subdistrict": "ArasakaWaterfront",
			"inVehicule": false,
			"x": -397.32055664063
		},
		{
			"y": 238.24151611328,
			"z": 23.332405090332,
			"Tag": "Crowds_Door",
			"district": "Watson",
			"subdistrict": "ArasakaWaterfront",
			"inVehicule": false,
			"x": -394.65774536133
		},
		{
			"y": 243.43605041504,
			"z": 27.340316772461,
			"Tag": "Crowds_Door",
			"district": "Watson",
			"subdistrict": "ArasakaWaterfront",
			"inVehicule": false,
			"x": -381.10696411133
		},
		{
			"y": 273.88772583008,
			"z": 24.21314239502,
			"Tag": "Crowds_Door",
			"district": "Watson",
			"subdistrict": "ArasakaWaterfront",
			"inVehicule": false,
			"x": -378.29580688477
		},
		{
			"y": 219.23472595215,
			"z": 22.105911254883,
			"Tag": "Crowds_Door",
			"district": "Watson",
			"subdistrict": "ArasakaWaterfront",
			"inVehicule": false,
			"x": -436.59823608398
		},
		{
			"y": 186.90269470215,
			"z": 22.447738647461,
			"Tag": "Crowds_Door",
			"district": "Watson",
			"subdistrict": "ArasakaWaterfront",
			"inVehicule": false,
			"x": -475.43417358398
		},
		{
			"y": 170.57499694824,
			"z": 22.447738647461,
			"Tag": "Crowds_Door",
			"district": "Watson",
			"subdistrict": "ArasakaWaterfront",
			"inVehicule": false,
			"x": -473.12249755859
		},
		{
			"y": 143.0652923584,
			"z": 22.447738647461,
			"Tag": "Crowds_Door",
			"district": "Watson",
			"subdistrict": "ArasakaWaterfront",
			"inVehicule": false,
			"x": -452.2258605957
		},
		{
			"y": 130.27061462402,
			"z": 22.447738647461,
			"Tag": "Crowds_Door",
			"district": "Watson",
			"subdistrict": "ArasakaWaterfront",
			"inVehicule": false,
			"x": -475.72265625
		},
		{
			"y": 122.9334564209,
			"z": 22.447738647461,
			"Tag": "Crowds_Door",
			"district": "Watson",
			"subdistrict": "ArasakaWaterfront",
			"inVehicule": false,
			"x": -515.89398193359
		},
		{
			"y": 113.5539855957,
			"z": 22.447738647461,
			"Tag": "Crowds_Door",
			"district": "Watson",
			"subdistrict": "ArasakaWaterfront",
			"inVehicule": false,
			"x": -506.09289550781
		},
		{
			"y": 91.12336730957,
			"z": 22.447738647461,
			"Tag": "Crowds_Door",
			"district": "Watson",
			"subdistrict": "ArasakaWaterfront",
			"inVehicule": false,
			"x": -514.36340332031
		},
		{
			"y": 156.84648132324,
			"z": 23.325927734375,
			"Tag": "Crowds_Door",
			"district": "Watson",
			"subdistrict": "ArasakaWaterfront",
			"inVehicule": false,
			"x": -527.56134033203
		},
		{
			"y": 125.56182861328,
			"z": 22.447738647461,
			"Tag": "Crowds_Door",
			"district": "Watson",
			"subdistrict": "ArasakaWaterfront",
			"inVehicule": false,
			"x": -541.91265869141
		},
		{
			"y": 0,
			"z": 0,
			"Tag": "Crowds_Door",
			"district": "Watson",
			"subdistrict": "ArasakaWaterfront",
			"inVehicule": false,
			"x": 0
		},
		{
			"y": 97.508499145508,
			"z": 16.633415222168,
			"Tag": "Crowds_Door",
			"district": "Watson",
			"subdistrict": "ArasakaWaterfront",
			"inVehicule": false,
			"x": -533.52496337891
		},
		{
			"y": -1490.9283447266,
			"z": 9.0614242553711,
			"Tag": "Crowds_Door",
			"district": "Watson",
			"subdistrict": "ArasakaWaterfront",
			"inVehicule": false,
			"x": 270.9694519043
		},
		{
			"y": -1511.2222900391,
			"z": 9.0492782592773,
			"Tag": "Crowds_Door",
			"district": "Watson",
			"subdistrict": "ArasakaWaterfront",
			"inVehicule": false,
			"x": 258.66925048828
		},
		{
			"y": -1560.6177978516,
			"z": 9.0499801635742,
			"Tag": "Crowds_Door",
			"district": "Watson",
			"subdistrict": "ArasakaWaterfront",
			"inVehicule": false,
			"x": 286.4892578125
		},
		{
			"y": -1572.7454833984,
			"z": 9.0499801635742,
			"Tag": "Crowds_Door",
			"district": "Watson",
			"subdistrict": "ArasakaWaterfront",
			"inVehicule": false,
			"x": 306.2180480957
		},
		{
			"y": -1593.6923828125,
			"z": 9.0874481201172,
			"Tag": "Crowds_Door",
			"district": "Watson",
			"subdistrict": "ArasakaWaterfront",
			"inVehicule": false,
			"x": 350.87078857422
		},
		{
			"y": -1620.2102050781,
			"z": 9.4651565551758,
			"Tag": "Crowds_Door",
			"district": "Watson",
			"subdistrict": "ArasakaWaterfront",
			"inVehicule": false,
			"x": 398.00668334961
		},
		{
			"y": -1608.9271240234,
			"z": 9.4897689819336,
			"Tag": "Crowds_Door",
			"district": "Watson",
			"subdistrict": "ArasakaWaterfront",
			"inVehicule": false,
			"x": 411.09982299805
		},
		{
			"y": -1620.2548828125,
			"z": 9.5281143188477,
			"Tag": "Crowds_Door",
			"district": "Watson",
			"subdistrict": "ArasakaWaterfront",
			"inVehicule": false,
			"x": 442.20111083984
		},
		{
			"y": -1656.9671630859,
			"z": 10.468040466309,
			"Tag": "Crowds_Door",
			"district": "Watson",
			"subdistrict": "ArasakaWaterfront",
			"inVehicule": false,
			"x": 460.20910644531
		},
		{
			"y": -1680.6158447266,
			"z": 9.441047668457,
			"Tag": "Crowds_Door",
			"district": "Watson",
			"subdistrict": "ArasakaWaterfront",
			"inVehicule": false,
			"x": 435.04727172852
		},
		{
			"y": -1646.6997070313,
			"z": 9.1701736450195,
			"Tag": "Crowds_Door",
			"district": "Watson",
			"subdistrict": "ArasakaWaterfront",
			"inVehicule": false,
			"x": 366.61441040039
		},
		{
			"y": -1655.5811767578,
			"z": 9.4019088745117,
			"Tag": "Crowds_Door",
			"district": "Watson",
			"subdistrict": "ArasakaWaterfront",
			"inVehicule": false,
			"x": 360.39199829102
		},
		{
			"y": -1639.0402832031,
			"z": 9.322135925293,
			"Tag": "Crowds_Door",
			"district": "Watson",
			"subdistrict": "ArasakaWaterfront",
			"inVehicule": false,
			"x": 331.57070922852
		},
		{
			"y": -1608.6910400391,
			"z": 8.9258117675781,
			"Tag": "Crowds_Door",
			"district": "Watson",
			"subdistrict": "ArasakaWaterfront",
			"inVehicule": false,
			"x": 299.55862426758
		},
		{
			"y": -1541.0388183594,
			"z": 9.0492782592773,
			"Tag": "Crowds_Door",
			"district": "Watson",
			"subdistrict": "ArasakaWaterfront",
			"inVehicule": false,
			"x": 241.74395751953
		},
		{
			"y": -1569.7722167969,
			"z": 8.9709320068359,
			"Tag": "Crowds_Door",
			"district": "Watson",
			"subdistrict": "ArasakaWaterfront",
			"inVehicule": false,
			"x": 257.23110961914
		},
		{
			"y": -1655.2690429688,
			"z": 8.6630401611328,
			"Tag": "Crowds_Door",
			"district": "Watson",
			"subdistrict": "ArasakaWaterfront",
			"inVehicule": false,
			"x": 199.67660522461
		},
		{
			"y": -1681.7420654297,
			"z": 8.6000061035156,
			"Tag": "Crowds_Door",
			"district": "Watson",
			"subdistrict": "ArasakaWaterfront",
			"inVehicule": false,
			"x": 179.21430969238
		},
		{
			"y": -1703.7775878906,
			"z": 8.4667663574219,
			"Tag": "Crowds_Door",
			"district": "Watson",
			"subdistrict": "ArasakaWaterfront",
			"inVehicule": false,
			"x": 184.59387207031
		},
		{
			"y": -1709.2255859375,
			"z": 8.5252685546875,
			"Tag": "Crowds_Door",
			"district": "Watson",
			"subdistrict": "ArasakaWaterfront",
			"inVehicule": false,
			"x": 209.73883056641
		},
		{
			"y": -1664.7882080078,
			"z": 9.4043426513672,
			"Tag": "Crowds_Door",
			"district": "Watson",
			"subdistrict": "ArasakaWaterfront",
			"inVehicule": false,
			"x": 407.89593505859
		},
		{
			"y": -2016.5150146484,
			"z": 6.1834259033203,
			"Tag": "Crowds_Door",
			"district": "Watson",
			"subdistrict": "ArasakaWaterfront",
			"inVehicule": false,
			"x": -156.02183532715
		},
		{
			"y": -2066.0390625,
			"z": 5.7128601074219,
			"Tag": "Crowds_Door",
			"district": "Watson",
			"subdistrict": "ArasakaWaterfront",
			"inVehicule": false,
			"x": -153.8882598877
		},
		{
			"y": -2073.1452636719,
			"z": 5.9161529541016,
			"Tag": "Crowds_Door",
			"district": "Watson",
			"subdistrict": "ArasakaWaterfront",
			"inVehicule": false,
			"x": -174.84367370605
		},
		{
			"y": -2059.5104980469,
			"z": 6.2399444580078,
			"Tag": "Crowds_Door",
			"district": "Watson",
			"subdistrict": "ArasakaWaterfront",
			"inVehicule": false,
			"x": -175.7036895752
		},
		{
			"y": -2060.7299804688,
			"z": 6.2399444580078,
			"Tag": "Crowds_Door",
			"district": "Watson",
			"subdistrict": "ArasakaWaterfront",
			"inVehicule": false,
			"x": -219.0192565918
		},
		{
			"y": -2041.8499755859,
			"z": 6.2399444580078,
			"Tag": "Crowds_Door",
			"district": "Watson",
			"subdistrict": "ArasakaWaterfront",
			"inVehicule": false,
			"x": -205.66941833496
		},
		{
			"y": -1568.4008789063,
			"z": 25.700897216797,
			"Tag": "Crowds_Door",
			"district": "Watson",
			"subdistrict": "ArasakaWaterfront",
			"inVehicule": false,
			"x": -982.89227294922
		},
		{
			"y": -1547.5043945313,
			"z": 25.700897216797,
			"Tag": "Crowds_Door",
			"district": "Watson",
			"subdistrict": "ArasakaWaterfront",
			"inVehicule": false,
			"x": -1014.2756958008
		},
		{
			"y": -1568.2861328125,
			"z": 25.700897216797,
			"Tag": "Crowds_Door",
			"district": "Watson",
			"subdistrict": "ArasakaWaterfront",
			"inVehicule": false,
			"x": -1022.8715209961
		},
		{
			"y": -1557.1783447266,
			"z": 25.724258422852,
			"Tag": "Crowds_Door",
			"district": "Watson",
			"subdistrict": "ArasakaWaterfront",
			"inVehicule": false,
			"x": -1011.5172729492
		},
		{
			"y": -1565.44140625,
			"z": 25.715812683105,
			"Tag": "Crowds_Door",
			"district": "Watson",
			"subdistrict": "ArasakaWaterfront",
			"inVehicule": false,
			"x": -994.9912109375
		},
		{
			"y": -1570.1901855469,
			"z": 25.700897216797,
			"Tag": "Crowds_Door",
			"district": "Watson",
			"subdistrict": "ArasakaWaterfront",
			"inVehicule": false,
			"x": -973.15661621094
		},
		{
			"y": -1578.2608642578,
			"z": 25.717674255371,
			"Tag": "Crowds_Door",
			"district": "Watson",
			"subdistrict": "ArasakaWaterfront",
			"inVehicule": false,
			"x": -1048.2839355469
		},
		{
			"y": -1542.8371582031,
			"z": 25.784950256348,
			"Tag": "Crowds_Door",
			"district": "Watson",
			"subdistrict": "ArasakaWaterfront",
			"inVehicule": false,
			"x": -1064.3621826172
		},
		{
			"y": -1510.5802001953,
			"z": 25.796890258789,
			"Tag": "Crowds_Door",
			"district": "Watson",
			"subdistrict": "ArasakaWaterfront",
			"inVehicule": false,
			"x": -1041.6107177734
		},
		{
			"y": -1451.9602050781,
			"z": 27.527221679688,
			"Tag": "Crowds_Door",
			"district": "Watson",
			"subdistrict": "ArasakaWaterfront",
			"inVehicule": false,
			"x": -1054.8684082031
		},
		{
			"y": -1446.3397216797,
			"z": 27.497039794922,
			"Tag": "Crowds_Door",
			"district": "Watson",
			"subdistrict": "ArasakaWaterfront",
			"inVehicule": false,
			"x": -1069.5344238281
		},
		{
			"y": -1399.1444091797,
			"z": 29.459098815918,
			"Tag": "Crowds_Door",
			"district": "Watson",
			"subdistrict": "ArasakaWaterfront",
			"inVehicule": false,
			"x": -1112.5632324219
		},
		{
			"y": -1413.8751220703,
			"z": 30.597320556641,
			"Tag": "Crowds_Door",
			"district": "Watson",
			"subdistrict": "ArasakaWaterfront",
			"inVehicule": false,
			"x": -1103.1967773438
		},
		{
			"y": -1207.6602783203,
			"z": 12.066368103027,
			"Tag": "Crowds_Door",
			"district": "Watson",
			"subdistrict": "ArasakaWaterfront",
			"inVehicule": false,
			"x": 103.84797668457
		},
		{
			"y": -1201.1190185547,
			"z": 21.350006103516,
			"Tag": "Crowds_Door",
			"district": "Watson",
			"subdistrict": "ArasakaWaterfront",
			"inVehicule": false,
			"x": 130.69848632813
		},
		{
			"y": -1189.8425292969,
			"z": 21.350006103516,
			"Tag": "Crowds_Door",
			"district": "Watson",
			"subdistrict": "ArasakaWaterfront",
			"inVehicule": false,
			"x": 149.95477294922
		},
		{
			"y": -1186.2365722656,
			"z": 21.349998474121,
			"Tag": "Crowds_Door",
			"district": "Watson",
			"subdistrict": "ArasakaWaterfront",
			"inVehicule": false,
			"x": 139.80787658691
		},
		{
			"y": -1183.4639892578,
			"z": 21.350006103516,
			"Tag": "Crowds_Door",
			"district": "Watson",
			"subdistrict": "ArasakaWaterfront",
			"inVehicule": false,
			"x": 119.55986022949
		},
		{
			"y": -1166.8709716797,
			"z": 27.431831359863,
			"Tag": "Crowds_Door",
			"district": "Watson",
			"subdistrict": "ArasakaWaterfront",
			"inVehicule": false,
			"x": 121.06588745117
		},
		{
			"y": -1125.7297363281,
			"z": 31.560966491699,
			"Tag": "Crowds_Door",
			"district": "Watson",
			"subdistrict": "ArasakaWaterfront",
			"inVehicule": false,
			"x": 127.65737915039
		},
		{
			"y": -1130.1979980469,
			"z": 27.50643157959,
			"Tag": "Crowds_Door",
			"district": "Watson",
			"subdistrict": "ArasakaWaterfront",
			"inVehicule": false,
			"x": 144.03500366211
		},
		{
			"y": -1148.6260986328,
			"z": 31.506446838379,
			"Tag": "Crowds_Door",
			"district": "Watson",
			"subdistrict": "ArasakaWaterfront",
			"inVehicule": false,
			"x": 169.81210327148
		},
		{
			"y": -1161.6433105469,
			"z": 31.560966491699,
			"Tag": "Crowds_Door",
			"district": "Watson",
			"subdistrict": "ArasakaWaterfront",
			"inVehicule": false,
			"x": 177.5032043457
		},
		{
			"y": 1442.8924560547,
			"z": 18.193237304688,
			"Tag": "Crowds_Door",
			"district": "Watson",
			"subdistrict": "ArasakaWaterfront",
			"inVehicule": false,
			"x": -1590.3220214844
		},
		{
			"y": 1443.2634277344,
			"z": 18.193237304688,
			"Tag": "Crowds_Door",
			"district": "Watson",
			"subdistrict": "ArasakaWaterfront",
			"inVehicule": false,
			"x": -1596.5551757813
		},
		{
			"y": 1481.1962890625,
			"z": 18.119346618652,
			"Tag": "Crowds_Door",
			"district": "Watson",
			"subdistrict": "ArasakaWaterfront",
			"inVehicule": false,
			"x": -1622.4104003906
		},
		{
			"y": 1475.1710205078,
			"z": 18.213150024414,
			"Tag": "Crowds_Door",
			"district": "Watson",
			"subdistrict": "ArasakaWaterfront",
			"inVehicule": false,
			"x": -1606.8685302734
		},
		{
			"y": 1493.9548339844,
			"z": 18.119346618652,
			"Tag": "Crowds_Door",
			"district": "Watson",
			"subdistrict": "ArasakaWaterfront",
			"inVehicule": false,
			"x": -1590.1923828125
		},
		{
			"y": 1546.791015625,
			"z": 18.190002441406,
			"Tag": "Crowds_Door",
			"district": "Watson",
			"subdistrict": "ArasakaWaterfront",
			"inVehicule": false,
			"x": -1572.9178466797
		},
		{
			"y": 1558.734375,
			"z": 18.209999084473,
			"Tag": "Crowds_Door",
			"district": "Watson",
			"subdistrict": "ArasakaWaterfront",
			"inVehicule": false,
			"x": -1619.8576660156
		},
		{
			"y": 1590.189453125,
			"z": 18.18000793457,
			"Tag": "Crowds_Door",
			"district": "Watson",
			"subdistrict": "ArasakaWaterfront",
			"inVehicule": false,
			"x": -1544.3259277344
		},
		{
			"y": 1607.4793701172,
			"z": 18.18000793457,
			"Tag": "Crowds_Door",
			"district": "Watson",
			"subdistrict": "ArasakaWaterfront",
			"inVehicule": false,
			"x": -1524.7197265625
		},
		{
			"y": 1643.3862304688,
			"z": 18.18000793457,
			"Tag": "Crowds_Door",
			"district": "Watson",
			"subdistrict": "ArasakaWaterfront",
			"inVehicule": false,
			"x": -1514.2913818359
		},
		{
			"y": 1650.5776367188,
			"z": 18.217208862305,
			"Tag": "Crowds_Door",
			"district": "Watson",
			"subdistrict": "ArasakaWaterfront",
			"inVehicule": false,
			"x": -1529.7346191406
		},
		{
			"y": 1682.4112548828,
			"z": 18.200004577637,
			"Tag": "Crowds_Door",
			"district": "Watson",
			"subdistrict": "ArasakaWaterfront",
			"inVehicule": false,
			"x": -1506.2553710938
		},
		{
			"y": 1698.412109375,
			"z": 18.18000793457,
			"Tag": "Crowds_Door",
			"district": "Watson",
			"subdistrict": "ArasakaWaterfront",
			"inVehicule": false,
			"x": -1517.7569580078
		},
		{
			"y": 1711.6416015625,
			"z": 18.200004577637,
			"Tag": "Crowds_Door",
			"district": "Watson",
			"subdistrict": "ArasakaWaterfront",
			"inVehicule": false,
			"x": -1438.6960449219
		},
		{
			"y": 1758.2600097656,
			"z": 16.266395568848,
			"Tag": "Crowds_Door",
			"district": "Watson",
			"subdistrict": "ArasakaWaterfront",
			"inVehicule": false,
			"x": -1416.7603759766
		},
		{
			"y": 1753.0769042969,
			"z": 16.266395568848,
			"Tag": "Crowds_Door",
			"district": "Watson",
			"subdistrict": "ArasakaWaterfront",
			"inVehicule": false,
			"x": -1408.0295410156
		},
		{
			"y": 1746.3151855469,
			"z": 18.205184936523,
			"Tag": "Crowds_Door",
			"district": "Watson",
			"subdistrict": "ArasakaWaterfront",
			"inVehicule": false,
			"x": -1392.3983154297
		},
		{
			"y": 1747.1623535156,
			"z": 18.190002441406,
			"Tag": "Crowds_Door",
			"district": "Watson",
			"subdistrict": "ArasakaWaterfront",
			"inVehicule": false,
			"x": -1366.1213378906
		},
		{
			"y": 1744.1695556641,
			"z": 18.190002441406,
			"Tag": "Crowds_Door",
			"district": "Watson",
			"subdistrict": "ArasakaWaterfront",
			"inVehicule": false,
			"x": -1337.4344482422
		},
		{
			"y": 1743.8475341797,
			"z": 18.190002441406,
			"Tag": "Crowds_Door",
			"district": "Watson",
			"subdistrict": "ArasakaWaterfront",
			"inVehicule": false,
			"x": -1332.0300292969
		},
		{
			"y": 1738.0980224609,
			"z": 18.190002441406,
			"Tag": "Crowds_Door",
			"district": "Watson",
			"subdistrict": "ArasakaWaterfront",
			"inVehicule": false,
			"x": -1306.7335205078
		},
		{
			"y": 1705.2243652344,
			"z": 18.190002441406,
			"Tag": "Crowds_Door",
			"district": "Watson",
			"subdistrict": "ArasakaWaterfront",
			"inVehicule": false,
			"x": -1304.0794677734
		},
		{
			"y": 1712.3112792969,
			"z": 18.198051452637,
			"Tag": "Crowds_Door",
			"district": "Watson",
			"subdistrict": "ArasakaWaterfront",
			"inVehicule": false,
			"x": -1326.7191162109
		},
		{
			"y": 1615.4390869141,
			"z": 22.928749084473,
			"Tag": "Crowds_Door",
			"district": "Watson",
			"subdistrict": "ArasakaWaterfront",
			"inVehicule": false,
			"x": -1264.2401123047
		},
		{
			"y": 1627.0213623047,
			"z": 22.998695373535,
			"Tag": "Crowds_Door",
			"district": "Watson",
			"subdistrict": "ArasakaWaterfront",
			"inVehicule": false,
			"x": -1213.0698242188
		},
		{
			"y": 1620.60546875,
			"z": 22.767028808594,
			"Tag": "Crowds_Door",
			"district": "Watson",
			"subdistrict": "ArasakaWaterfront",
			"inVehicule": false,
			"x": -1193.3342285156
		},
		{
			"y": 1608.8049316406,
			"z": 27.413909912109,
			"Tag": "Crowds_Door",
			"district": "Watson",
			"subdistrict": "ArasakaWaterfront",
			"inVehicule": false,
			"x": -1141.9226074219
		},
		{
			"y": 1600.1162109375,
			"z": 31.386001586914,
			"Tag": "Crowds_Door",
			"district": "Watson",
			"subdistrict": "ArasakaWaterfront",
			"inVehicule": false,
			"x": -1127.0289306641
		},
		{
			"y": 1622.8371582031,
			"z": 31.555107116699,
			"Tag": "Crowds_Door",
			"district": "Watson",
			"subdistrict": "ArasakaWaterfront",
			"inVehicule": false,
			"x": -1131.6682128906
		},
		{
			"y": 1659.6893310547,
			"z": 32.440689086914,
			"Tag": "Crowds_Door",
			"district": "Watson",
			"subdistrict": "ArasakaWaterfront",
			"inVehicule": false,
			"x": -1129.6489257813
		},
		{
			"y": 1701.6895751953,
			"z": 32.848503112793,
			"Tag": "Crowds_Door",
			"district": "Watson",
			"subdistrict": "ArasakaWaterfront",
			"inVehicule": false,
			"x": -1127.3970947266
		},
		{
			"y": 1744.9997558594,
			"z": 33.622047424316,
			"Tag": "Crowds_Door",
			"district": "Watson",
			"subdistrict": "ArasakaWaterfront",
			"inVehicule": false,
			"x": -1123.4133300781
		},
		{
			"y": 1794.1129150391,
			"z": 33.788986206055,
			"Tag": "Crowds_Door",
			"district": "Watson",
			"subdistrict": "ArasakaWaterfront",
			"inVehicule": false,
			"x": -1118.599609375
		},
		{
			"y": 1770.6197509766,
			"z": 32.071411132813,
			"Tag": "Crowds_Door",
			"district": "Watson",
			"subdistrict": "ArasakaWaterfront",
			"inVehicule": false,
			"x": -1082.7551269531
		},
		{
			"y": 1762.6223144531,
			"z": 24.379852294922,
			"Tag": "Crowds_Door",
			"district": "Watson",
			"subdistrict": "ArasakaWaterfront",
			"inVehicule": false,
			"x": -1063.9200439453
		},
		{
			"y": 0,
			"z": 0,
			"Tag": "Crowds_Door",
			"district": "Watson",
			"subdistrict": "ArasakaWaterfront",
			"inVehicule": false,
			"x": 0
		},
		{
			"y": 1747.3680419922,
			"z": 22.164596557617,
			"Tag": "Crowds_Door",
			"district": "Watson",
			"subdistrict": "ArasakaWaterfront",
			"inVehicule": false,
			"x": -1084.3139648438
		},
		{
			"y": 1682.2456054688,
			"z": 17.173042297363,
			"Tag": "Crowds_Door",
			"district": "Watson",
			"subdistrict": "ArasakaWaterfront",
			"inVehicule": false,
			"x": -1075.861328125
		},
		{
			"y": 1675.5888671875,
			"z": 15.575752258301,
			"Tag": "Crowds_Door",
			"district": "Watson",
			"subdistrict": "ArasakaWaterfront",
			"inVehicule": false,
			"x": -1091.0659179688
		},
		{
			"y": 1692.1484375,
			"z": 15.559684753418,
			"Tag": "Crowds_Door",
			"district": "Watson",
			"subdistrict": "ArasakaWaterfront",
			"inVehicule": false,
			"x": -1093.7966308594
		},
		{
			"y": 1672.0006103516,
			"z": 5.6085357666016,
			"Tag": "Crowds_Door",
			"district": "Watson",
			"subdistrict": "ArasakaWaterfront",
			"inVehicule": false,
			"x": -1105.4720458984
		},
		{
			"y": 1636.0113525391,
			"z": 2.5381774902344,
			"Tag": "Crowds_Door",
			"district": "Watson",
			"subdistrict": "ArasakaWaterfront",
			"inVehicule": false,
			"x": -1079.248046875
		},
		{
			"y": 1637.9436035156,
			"z": 2.4758758544922,
			"Tag": "Crowds_Door",
			"district": "Watson",
			"subdistrict": "ArasakaWaterfront",
			"inVehicule": false,
			"x": -1038.2371826172
		},
		{
			"y": 1653.3459472656,
			"z": 2.5176010131836,
			"Tag": "Crowds_Door",
			"district": "Watson",
			"subdistrict": "ArasakaWaterfront",
			"inVehicule": false,
			"x": -1015.1268920898
		},
		{
			"y": 1701.4578857422,
			"z": 5.2251968383789,
			"Tag": "Crowds_Door",
			"district": "Watson",
			"subdistrict": "ArasakaWaterfront",
			"inVehicule": false,
			"x": -979.142578125
		},
		{
			"y": 1724.1209716797,
			"z": 5.3001556396484,
			"Tag": "Crowds_Door",
			"district": "Watson",
			"subdistrict": "ArasakaWaterfront",
			"inVehicule": false,
			"x": -955.64147949219
		},
		{
			"y": 1713.4716796875,
			"z": 5.2251968383789,
			"Tag": "Crowds_Door",
			"district": "Watson",
			"subdistrict": "ArasakaWaterfront",
			"inVehicule": false,
			"x": -960.01531982422
		},
		{
			"y": 1686.4055175781,
			"z": 5.2424621582031,
			"Tag": "Crowds_Door",
			"district": "Watson",
			"subdistrict": "ArasakaWaterfront",
			"inVehicule": false,
			"x": -991.37524414063
		},
		{
			"y": 1713.9163818359,
			"z": 13.403038024902,
			"Tag": "Crowds_Door",
			"district": "Watson",
			"subdistrict": "ArasakaWaterfront",
			"inVehicule": false,
			"x": -989.04071044922
		},
		{
			"y": 1737.8931884766,
			"z": 14.370079040527,
			"Tag": "Crowds_Door",
			"district": "Watson",
			"subdistrict": "ArasakaWaterfront",
			"inVehicule": false,
			"x": -978.43804931641
		},
		{
			"y": 1754.365234375,
			"z": 22.843727111816,
			"Tag": "Crowds_Door",
			"district": "Watson",
			"subdistrict": "ArasakaWaterfront",
			"inVehicule": false,
			"x": -1021.4983520508
		},
		{
			"y": 1762.2770996094,
			"z": 22.81477355957,
			"Tag": "Crowds_Door",
			"district": "Watson",
			"subdistrict": "ArasakaWaterfront",
			"inVehicule": false,
			"x": -999.15466308594
		},
		{
			"y": 1774.6773681641,
			"z": 22.85863494873,
			"Tag": "Crowds_Door",
			"district": "Watson",
			"subdistrict": "ArasakaWaterfront",
			"inVehicule": false,
			"x": -953.82012939453
		},
		{
			"y": 1784.8229980469,
			"z": 22.906127929688,
			"Tag": "Crowds_Door",
			"district": "Watson",
			"subdistrict": "ArasakaWaterfront",
			"inVehicule": false,
			"x": -986.66320800781
		},
		{
			"y": 1765.7864990234,
			"z": 28.350646972656,
			"Tag": "Crowds_Door",
			"district": "Watson",
			"subdistrict": "ArasakaWaterfront",
			"inVehicule": false,
			"x": -1044.7817382813
		},
		{
			"y": 1547.0270996094,
			"z": 2.1136245727539,
			"Tag": "Crowds_Door",
			"district": "Watson",
			"subdistrict": "ArasakaWaterfront",
			"inVehicule": false,
			"x": -1083.255859375
		},
		{
			"y": 1515.595703125,
			"z": 4.1271820068359,
			"Tag": "Crowds_Door",
			"district": "Watson",
			"subdistrict": "ArasakaWaterfront",
			"inVehicule": false,
			"x": -1113.1597900391
		},
		{
			"y": 1474.1077880859,
			"z": 4.3078689575195,
			"Tag": "Crowds_Door",
			"district": "Watson",
			"subdistrict": "ArasakaWaterfront",
			"inVehicule": false,
			"x": -1111.4340820313
		},
		{
			"y": 1449.2352294922,
			"z": 4.3853073120117,
			"Tag": "Crowds_Door",
			"district": "Watson",
			"subdistrict": "ArasakaWaterfront",
			"inVehicule": false,
			"x": -1110.6071777344
		},
		{
			"y": 1430.9404296875,
			"z": 5.4330749511719,
			"Tag": "Crowds_Door",
			"district": "Watson",
			"subdistrict": "ArasakaWaterfront",
			"inVehicule": false,
			"x": -1105.9666748047
		},
		{
			"y": 1402.0933837891,
			"z": 5.6685104370117,
			"Tag": "Crowds_Door",
			"district": "Watson",
			"subdistrict": "ArasakaWaterfront",
			"inVehicule": false,
			"x": -1096.115234375
		},
		{
			"y": 1372.7658691406,
			"z": 5.7019119262695,
			"Tag": "Crowds_Door",
			"district": "Watson",
			"subdistrict": "ArasakaWaterfront",
			"inVehicule": false,
			"x": -1086.6108398438
		},
		{
			"y": 1379.5112304688,
			"z": 5.0659561157227,
			"Tag": "Crowds_Door",
			"district": "Watson",
			"subdistrict": "ArasakaWaterfront",
			"inVehicule": false,
			"x": -1066.0406494141
		},
		{
			"y": 1403.1716308594,
			"z": 5.7653732299805,
			"Tag": "Crowds_Door",
			"district": "Watson",
			"subdistrict": "ArasakaWaterfront",
			"inVehicule": false,
			"x": -1067.6047363281
		},
		{
			"y": 1413.5268554688,
			"z": 3.7340469360352,
			"Tag": "Crowds_Door",
			"district": "Watson",
			"subdistrict": "ArasakaWaterfront",
			"inVehicule": false,
			"x": -1053.53515625
		},
		{
			"y": 1364.2211914063,
			"z": 5.3006439208984,
			"Tag": "Crowds_Door",
			"district": "Watson",
			"subdistrict": "ArasakaWaterfront",
			"inVehicule": false,
			"x": -1042.48828125
		}
	],
	"desc": "Crowds_Door",
	"isFor": 77
}