{
    "desc": "TYPE2BDL",
    "isFor": 2,
    "locations": [{
            "Tag": "TYPE2BDL",
            "district": "Badlands",
            "inVehicule": false,
            "pitch": 0,
            "roll": 0,
            "subdistrict": "Badlands_RedPeaks",
            "x": -172.08589172363,
            "y": -2595.0778808594,
            "yaw": -39.757503509521,
            "z": 28.552673339844
        }, {
            "Tag": "TYPE2BDL",
            "district": "Badlands",
            "inVehicule": false,
            "subdistrict": "Badlands_RedPeaks",
            "x": -295.46868896484,
            "y": -2616.681640625,
            "z": 28.567817687988
        }, {
            "Tag": "TYPE2BDL",
            "district": "Badlands",
            "inVehicule": false,
            "subdistrict": "Badlands_RedPeaks",
            "x": -385.58660888672,
            "y": -2628.73828125,
            "z": 30.08048248291
        }, {
            "Tag": "TYPE2BDL",
            "district": "Badlands",
            "inVehicule": false,
            "subdistrict": "Badlands_RedPeaks",
            "x": -351.31369018555,
            "y": -2492.8137207031,
            "z": 27.21272277832
        }, {
            "Tag": "TYPE2BDL",
            "district": "Badlands",
            "inVehicule": false,
            "subdistrict": "Badlands_RedPeaks",
            "x": -345.10629272461,
            "y": -2561.1843261719,
            "z": 27.219345092773
        }, {
            "Tag": "TYPE2BDL",
            "district": "Badlands",
            "inVehicule": false,
            "subdistrict": "Badlands_RedPeaks",
            "x": 1167.3903808594,
            "y": -569.58966064453,
            "z": 30.390907287598
        }, {
            "Tag": "TYPE2BDL",
            "district": "Badlands",
            "inVehicule": false,
            "subdistrict": "Badlands_RedPeaks",
            "x": 1184.4761962891,
            "y": -537.82220458984,
            "z": 31.890480041504
        }, {
            "Tag": "TYPE2BDL",
            "district": "Badlands",
            "inVehicule": false,
            "subdistrict": "Badlands_RedPeaks",
            "x": 1212.7082519531,
            "y": -456.85092163086,
            "z": 35.07772064209
        }, {
            "Tag": "TYPE2BDL",
            "district": "Badlands",
            "inVehicule": false,
            "subdistrict": "Badlands_RedPeaks",
            "x": 1784.4285888672,
            "y": -566.31811523438,
            "z": 53.672698974609
        }, {
            "Tag": "TYPE2BDL",
            "district": "Badlands",
            "inVehicule": false,
            "subdistrict": "Badlands_RedPeaks",
            "x": 1843.3698730469,
            "y": -553.96044921875,
            "z": 54.675521850586
        }, {
            "Tag": "TYPE2BDL",
            "district": "Badlands",
            "inVehicule": false,
            "subdistrict": "Badlands_RedPeaks",
            "x": 2152.9904785156,
            "y": -693.53295898438,
            "z": 60.401062011719
        }, {
            "Tag": "TYPE2BDL",
            "district": "Badlands",
            "inVehicule": false,
            "subdistrict": "Badlands_RedPeaks",
            "x": 2390.6081542969,
            "y": -754.90197753906,
            "z": 66.877014160156
        }, {
            "Tag": "TYPE2BDL",
            "district": "Badlands",
            "inVehicule": false,
            "subdistrict": "Badlands_RedPeaks",
            "x": 2393.7497558594,
            "y": -1299.4398193359,
            "z": 63.408226013184
        }, {
            "Tag": "TYPE2BDL",
            "district": "Badlands",
            "inVehicule": false,
            "subdistrict": "Badlands_RedPeaks",
            "x": 1373.1029052734,
            "y": -1664.2416992188,
            "z": 49.274284362793
        }, {
            "Tag": "TYPE2BDL",
            "district": "Badlands",
            "inVehicule": false,
            "subdistrict": "Badlands_RedPeaks",
            "x": 1255.3537597656,
            "y": -1384.6931152344,
            "z": 39.688064575195
        }, {
            "Tag": "TYPE2BDL",
            "district": "Badlands",
            "inVehicule": false,
            "subdistrict": "Badlands_RedPeaks",
            "x": 1363.1887207031,
            "y": -1132.3807373047,
            "z": 45.54434967041
        }, {
            "Tag": "TYPE2BDL",
            "district": "Badlands",
            "inVehicule": false,
            "subdistrict": "Badlands_RedPeaks",
            "x": 1610.4223632813,
            "y": -1049.9348144531,
            "z": 55.418228149414
        }, {
            "Tag": "TYPE2BDL",
            "district": "Badlands",
            "inVehicule": false,
            "subdistrict": "Badlands_RedPeaks",
            "x": 1730.8815917969,
            "y": -746.126953125,
            "z": 49.783096313477
        }, {
            "Tag": "TYPE2BDL",
            "district": "Badlands",
            "inVehicule": false,
            "subdistrict": "Badlands_RedPeaks",
            "x": 1683.935546875,
            "y": -773.23223876953,
            "z": 49.790199279785
        }
    ],
    "tag": "TYPE2BDL"
}
