{
  "desc": "Type 3s",
  "locations": [ {
    "x": -1243.3184814453,
    "Tag": "",
    "inVehicule": false,
    "y": 1230.8120117188,
    "subdistrict": "ArasakaWaterfront",
    "z": 17.020126342773,
    "district": "Watson"
  }, {
    "x": -1246.783203125,
    "Tag": "",
    "inVehicule": false,
    "y": 1171.5196533203,
    "subdistrict": "ArasakaWaterfront",
    "z": 16.987121582031,
    "district": "Watson"
  }, {
    "x": -1249.3413085938,
    "Tag": "",
    "inVehicule": false,
    "y": 1147.2626953125,
    "subdistrict": "ArasakaWaterfront",
    "z": 16.810791015625,
    "district": "Watson"
  }, {
    "x": -1250.1877441406,
    "Tag": "",
    "inVehicule": false,
    "y": 1142.4854736328,
    "subdistrict": "ArasakaWaterfront",
    "z": 16.810791015625,
    "district": "Watson"
  }, {
    "x": -1246.1499023438,
    "Tag": "",
    "inVehicule": false,
    "y": 1104.2657470703,
    "subdistrict": "ArasakaWaterfront",
    "z": 16.792304992676,
    "district": "Watson"
  }, {
    "x": -848.33447265625,
    "Tag": "",
    "inVehicule": false,
    "y": 1204.6906738281,
    "subdistrict": "ArasakaWaterfront",
    "z": 28.089332580566,
    "district": "Watson"
  }, {
    "x": -786.38806152344,
    "Tag": "",
    "inVehicule": false,
    "y": 1268.3601074219,
    "subdistrict": "ArasakaWaterfront",
    "z": 28.092483520508,
    "district": "Watson"
  }, {
    "x": -783.41125488281,
    "Tag": "",
    "inVehicule": false,
    "y": 1291.3500976563,
    "subdistrict": "ArasakaWaterfront",
    "z": 28.097557067871,
    "district": "WestBrook"
  }, {
    "x": -602.61804199219,
    "Tag": "",
    "inVehicule": false,
    "y": 1250.5834960938,
    "subdistrict": "ArasakaWaterfront",
    "z": 32.738082885742,
    "district": "Watson"
  }, {
    "x": -588.66101074219,
    "Tag": "",
    "inVehicule": false,
    "y": 1268.6296386719,
    "subdistrict": "ArasakaWaterfront",
    "z": 32.748840332031,
    "district": "Watson"
  }, {
    "x": -582.45196533203,
    "Tag": "",
    "inVehicule": false,
    "y": 1281.6026611328,
    "subdistrict": "ArasakaWaterfront",
    "z": 32.738082885742,
    "district": "Watson"
  }, {
    "x": -633.43530273438,
    "Tag": "",
    "inVehicule": false,
    "y": 1333.1446533203,
    "subdistrict": "ArasakaWaterfront",
    "z": 37.261901855469,
    "district": "Watson"
  }, {
    "x": -645.4814453125,
    "Tag": "",
    "inVehicule": false,
    "y": 1385.1997070313,
    "subdistrict": "ArasakaWaterfront",
    "z": 29.540939331055,
    "district": "Watson"
  }, {
    "x": -676.33221435547,
    "Tag": "",
    "inVehicule": false,
    "y": 1332.5216064453,
    "subdistrict": "ArasakaWaterfront",
    "z": 29.562774658203,
    "district": "Watson"
  }, {
    "x": -694.00769042969,
    "Tag": "",
    "inVehicule": false,
    "y": 1354.5366210938,
    "subdistrict": "ArasakaWaterfront",
    "z": 29.689544677734,
    "district": "Watson"
  }, {
    "x": -640.72973632813,
    "Tag": "",
    "inVehicule": false,
    "y": 324.14221191406,
    "subdistrict": "ArasakaWaterfront",
    "z": 21.385810852051,
    "district": "Watson"
  }, {
    "x": -658.11938476563,
    "Tag": "",
    "inVehicule": false,
    "y": 337.65014648438,
    "subdistrict": "ArasakaWaterfront",
    "z": 20.600326538086,
    "district": "Watson"
  }, {
    "x": -616.87646484375,
    "Tag": "",
    "inVehicule": false,
    "y": 349.166015625,
    "subdistrict": "ArasakaWaterfront",
    "z": 22.411598205566,
    "district": "Watson"
  }, {
    "x": -635.41455078125,
    "Tag": "",
    "inVehicule": false,
    "y": 375.41760253906,
    "subdistrict": "ArasakaWaterfront",
    "z": 20.259796142578,
    "district": "Watson"
  }, {
    "x": -611.55944824219,
    "Tag": "",
    "inVehicule": false,
    "y": 444.40808105469,
    "subdistrict": "ArasakaWaterfront",
    "z": 18.297500610352,
    "district": "Watson"
  }, {
    "x": -568.10363769531,
    "Tag": "",
    "inVehicule": false,
    "y": 486.02517700195,
    "subdistrict": "ArasakaWaterfront",
    "z": 18.297500610352,
    "district": "Watson"
  }, {
    "x": -617.05340576172,
    "Tag": "",
    "inVehicule": false,
    "y": 566.59924316406,
    "subdistrict": "ArasakaWaterfront",
    "z": 18.321876525879,
    "district": "Watson"
  }, {
    "x": -650.78869628906,
    "Tag": "",
    "inVehicule": false,
    "y": 589.17126464844,
    "subdistrict": "ArasakaWaterfront",
    "z": 19.365852355957,
    "district": "Watson"
  }, {
    "x": -674.02526855469,
    "Tag": "",
    "inVehicule": false,
    "y": 626.33276367188,
    "subdistrict": "ArasakaWaterfront",
    "z": 34.074287414551,
    "district": "Watson"
  }, {
    "x": -611.2978515625,
    "Tag": "",
    "inVehicule": false,
    "y": 681.296875,
    "subdistrict": "ArasakaWaterfront",
    "z": 34.954536437988,
    "district": "Watson"
  }, {
    "x": -606.38403320313,
    "Tag": "",
    "inVehicule": false,
    "y": 687.59350585938,
    "subdistrict": "ArasakaWaterfront",
    "z": 34.954536437988,
    "district": "Watson"
  }, {
    "x": -526.91821289063,
    "Tag": "",
    "inVehicule": false,
    "y": 647.59313964844,
    "subdistrict": "ArasakaWaterfront",
    "z": 43.97184753418,
    "district": "Watson"
  }, {
    "x": -505.01544189453,
    "Tag": "",
    "inVehicule": false,
    "y": 676.06164550781,
    "subdistrict": "ArasakaWaterfront",
    "z": 46.711303710938,
    "district": "Watson"
  }, {
    "x": 34.000389099121,
    "Tag": "",
    "inVehicule": false,
    "y": 107.81230163574,
    "subdistrict": "ArasakaWaterfront",
    "z": 14.691627502441,
    "district": "Watson"
  }, {
    "x": 60.973327636719,
    "Tag": "",
    "inVehicule": false,
    "y": 88.549499511719,
    "subdistrict": "ArasakaWaterfront",
    "z": 14.659996032715,
    "district": "Watson"
  }, {
    "x": 8.5522918701172,
    "Tag": "",
    "inVehicule": false,
    "y": 125.39053344727,
    "subdistrict": "ArasakaWaterfront",
    "z": 14.660003662109,
    "district": "Watson"
  }, {
    "x": -61.409111022949,
    "Tag": "",
    "inVehicule": false,
    "y": 27.465087890625,
    "subdistrict": "ArasakaWaterfront",
    "z": 11.330169677734,
    "district": "Watson"
  }, {
    "x": -228.23524475098,
    "Tag": "",
    "inVehicule": false,
    "y": -42.50675201416,
    "subdistrict": "ArasakaWaterfront",
    "z": 0.79222106933594,
    "district": "Watson"
  }, {
    "x": -218.14582824707,
    "Tag": "",
    "inVehicule": false,
    "y": -44.595687866211,
    "subdistrict": "ArasakaWaterfront",
    "z": 0.79222106933594,
    "district": "Watson"
  }, {
    "x": -564.423828125,
    "Tag": "",
    "inVehicule": false,
    "y": -194.95965576172,
    "subdistrict": "ArasakaWaterfront",
    "z": 7.6800003051758,
    "district": "Watson"
  }, {
    "x": -642.67199707031,
    "Tag": "",
    "inVehicule": false,
    "y": -121.3447265625,
    "subdistrict": "ArasakaWaterfront",
    "z": 7.9825820922852,
    "district": "Watson"
  }, {
    "x": -735.73840332031,
    "Tag": "",
    "inVehicule": false,
    "y": -228.1831817627,
    "subdistrict": "ArasakaWaterfront",
    "z": 8.3380279541016,
    "district": "Watson"
  }, {
    "x": -760.01000976563,
    "Tag": "",
    "inVehicule": false,
    "y": -202.91024780273,
    "subdistrict": "ArasakaWaterfront",
    "z": 8.0191879272461,
    "district": "Watson"
  }, {
    "x": -749.85729980469,
    "Tag": "",
    "inVehicule": false,
    "y": -185.87113952637,
    "subdistrict": "ArasakaWaterfront",
    "z": 8.0102081298828,
    "district": "Watson"
  }, {
    "x": -888.87036132813,
    "Tag": "",
    "inVehicule": false,
    "y": -131.37059020996,
    "subdistrict": "ArasakaWaterfront",
    "z": 7.2454299926758,
    "district": "Watson"
  }, {
    "x": -894.00811767578,
    "Tag": "",
    "inVehicule": false,
    "y": -138.41729736328,
    "subdistrict": "ArasakaWaterfront",
    "z": 7.2613067626953,
    "district": "Watson"
  }, {
    "x": -899.65356445313,
    "Tag": "",
    "inVehicule": false,
    "y": -146.54104614258,
    "subdistrict": "ArasakaWaterfront",
    "z": 7.2803421020508,
    "district": "Watson"
  }, {
    "x": -915.17755126953,
    "Tag": "",
    "inVehicule": false,
    "y": -167.796875,
    "subdistrict": "ArasakaWaterfront",
    "z": 7.3334274291992,
    "district": "Watson"
  }, {
    "x": -925.13214111328,
    "Tag": "",
    "inVehicule": false,
    "y": -182.70608520508,
    "subdistrict": "ArasakaWaterfront",
    "z": 7.3706741333008,
    "district": "Watson"
  }, {
    "x": -1006.3482055664,
    "Tag": "",
    "inVehicule": false,
    "y": -217.56811523438,
    "subdistrict": "ArasakaWaterfront",
    "z": 7.6983642578125,
    "district": "Watson"
  }, {
    "x": -1011.0303344727,
    "Tag": "",
    "inVehicule": false,
    "y": -212.21990966797,
    "subdistrict": "ArasakaWaterfront",
    "z": 7.4650192260742,
    "district": "Watson"
  }, {
    "x": -1022.8418579102,
    "Tag": "",
    "inVehicule": false,
    "y": -203.93049621582,
    "subdistrict": "ArasakaWaterfront",
    "z": 7.4650192260742,
    "district": "Watson"
  }, {
    "x": -1028.3236083984,
    "Tag": "",
    "inVehicule": false,
    "y": -200.46243286133,
    "subdistrict": "ArasakaWaterfront",
    "z": 7.4650192260742,
    "district": "Watson"
  }, {
    "x": -1040.6762695313,
    "Tag": "",
    "inVehicule": false,
    "y": -191.32945251465,
    "subdistrict": "ArasakaWaterfront",
    "z": 7.4650192260742,
    "district": "Watson"
  }, {
    "x": -1059.57421875,
    "Tag": "",
    "inVehicule": false,
    "y": -196.4535369873,
    "subdistrict": "ArasakaWaterfront",
    "z": 7.5281143188477,
    "district": "Watson"
  }, {
    "x": -1060.0908203125,
    "Tag": "",
    "inVehicule": false,
    "y": -224.13948059082,
    "subdistrict": "ArasakaWaterfront",
    "z": 7.4438705444336,
    "district": "Watson"
  }, {
    "x": -1114.9973144531,
    "Tag": "",
    "inVehicule": false,
    "y": -232.17854309082,
    "subdistrict": "ArasakaWaterfront",
    "z": 7.6463851928711,
    "district": "Watson"
  }, {
    "x": -1177.4202880859,
    "Tag": "",
    "inVehicule": false,
    "y": -368.89505004883,
    "subdistrict": "ArasakaWaterfront",
    "z": 8.4805374145508,
    "district": "Watson"
  }, {
    "x": -1182.9547119141,
    "Tag": "",
    "inVehicule": false,
    "y": -376.67666625977,
    "subdistrict": "ArasakaWaterfront",
    "z": 8.4805374145508,
    "district": "Watson"
  }, {
    "x": -1255.4958496094,
    "Tag": "",
    "inVehicule": false,
    "y": -434.24697875977,
    "subdistrict": "ArasakaWaterfront",
    "z": 8.0766143798828,
    "district": "Watson"
  }, {
    "x": -1226.5341796875,
    "Tag": "",
    "inVehicule": false,
    "y": -526.275390625,
    "subdistrict": "ArasakaWaterfront",
    "z": 8.1999969482422,
    "district": "Watson"
  }, {
    "x": -1222.7686767578,
    "Tag": "",
    "inVehicule": false,
    "y": -608.55700683594,
    "subdistrict": "ArasakaWaterfront",
    "z": 8.2268753051758,
    "district": "Watson"
  }, {
    "x": -1193.8411865234,
    "Tag": "",
    "inVehicule": false,
    "y": -615.06146240234,
    "subdistrict": "ArasakaWaterfront",
    "z": 8.1733169555664,
    "district": "Watson"
  }, {
    "x": -1176.1208496094,
    "Tag": "",
    "inVehicule": false,
    "y": -646.25823974609,
    "subdistrict": "ArasakaWaterfront",
    "z": 8.1409683227539,
    "district": "Watson"
  }, {
    "x": -1218.6567382813,
    "Tag": "",
    "inVehicule": false,
    "y": -707.64868164063,
    "subdistrict": "ArasakaWaterfront",
    "z": 8.0751724243164,
    "district": "Watson"
  }, {
    "x": -1242.5867919922,
    "Tag": "",
    "inVehicule": false,
    "y": -678.28051757813,
    "subdistrict": "ArasakaWaterfront",
    "z": 8.8602142333984,
    "district": "Watson"
  }, {
    "x": -1293.4438476563,
    "Tag": "",
    "inVehicule": false,
    "y": -653.45874023438,
    "subdistrict": "ArasakaWaterfront",
    "z": 8.2221603393555,
    "district": "Watson"
  }, {
    "x": -1305.4304199219,
    "Tag": "",
    "inVehicule": false,
    "y": -651.94390869141,
    "subdistrict": "ArasakaWaterfront",
    "z": 8.2221603393555,
    "district": "Watson"
  }, {
    "x": -1307.1457519531,
    "Tag": "",
    "inVehicule": false,
    "y": -645.64379882813,
    "subdistrict": "ArasakaWaterfront",
    "z": 8.3495254516602,
    "district": "Watson"
  }, {
    "x": -1355.7165527344,
    "Tag": "",
    "inVehicule": false,
    "y": -647.71209716797,
    "subdistrict": "ArasakaWaterfront",
    "z": 7.7821350097656,
    "district": "Watson"
  }, {
    "x": -1358.3974609375,
    "Tag": "",
    "inVehicule": false,
    "y": -609.19586181641,
    "subdistrict": "ArasakaWaterfront",
    "z": 9.3113174438477,
    "district": "Watson"
  }, {
    "x": -1438.4718017578,
    "Tag": "",
    "inVehicule": false,
    "y": -602.34259033203,
    "subdistrict": "ArasakaWaterfront",
    "z": 7.7919464111328,
    "district": "Watson"
  }, {
    "x": -1444.0275878906,
    "Tag": "",
    "inVehicule": false,
    "y": -635.2109375,
    "subdistrict": "ArasakaWaterfront",
    "z": 7.6759796142578,
    "district": "Watson"
  }, {
    "x": -1464.7689208984,
    "Tag": "",
    "inVehicule": false,
    "y": -686.20971679688,
    "subdistrict": "ArasakaWaterfront",
    "z": 7.7600021362305,
    "district": "Watson"
  }, {
    "x": -1543.6489257813,
    "Tag": "",
    "inVehicule": false,
    "y": -308.29022216797,
    "subdistrict": "ArasakaWaterfront",
    "z": -4.5303649902344,
    "district": "Watson"
  }, {
    "x": -1529.0065917969,
    "Tag": "",
    "inVehicule": false,
    "y": -324.14437866211,
    "subdistrict": "ArasakaWaterfront",
    "z": -4.5303649902344,
    "district": "Watson"
  }, {
    "x": -1875.6063232422,
    "Tag": "",
    "inVehicule": false,
    "y": -37.950942993164,
    "subdistrict": "ArasakaWaterfront",
    "z": 7.7540054321289,
    "district": "Watson"
  }, {
    "x": -1874.5479736328,
    "Tag": "",
    "inVehicule": false,
    "y": -22.833778381348,
    "subdistrict": "ArasakaWaterfront",
    "z": 7.6999969482422,
    "district": "Watson"
  }, {
    "x": -1906.720703125,
    "Tag": "",
    "inVehicule": false,
    "y": -56.361061096191,
    "subdistrict": "ArasakaWaterfront",
    "z": 7.5824737548828,
    "district": "Watson"
  }, {
    "x": -2132.919921875,
    "Tag": "",
    "inVehicule": false,
    "y": 258.73291015625,
    "subdistrict": "ArasakaWaterfront",
    "z": 8.0134048461914,
    "district": "Watson"
  }, {
    "x": -2152.5959472656,
    "Tag": "",
    "inVehicule": false,
    "y": 250.06121826172,
    "subdistrict": "ArasakaWaterfront",
    "z": 7.828010559082,
    "district": "Watson"
  } ],
  "isFor": 3,
  "tag": "Type 3s"
}