{
    "desc": "TYPE2CiyCenter",
    "locations": [{
            "x": -1464.3065185547,
            "pitch": 0,
            "inVehicule": false,
            "y": 358.34796142578,
            "yaw": -39.757503509521,
            "roll": 0,
            "district": "CityCenter",
            "z": 6.8606185913086,
            "subdistrict": "CharterHill",
            "Tag": "TYPE2CiyCenter"
        }, {
            "x": -1541.2945556641,
            "Tag": "TYPE2CiyCenter",
            "inVehicule": false,
            "y": 289.96328735352,
            "subdistrict": "CorpoPlaza",
            "z": 8.2237167358398,
            "district": "CityCenter",
        }, {
            "x": -1616.5095214844,
            "Tag": "TYPE2CiyCenter",
            "inVehicule": false,
            "y": 265.36337280273,
            "subdistrict": "CorpoPlaza",
            "z": 10.213722229004,
            "district": "CityCenter",
        }, {
            "x": -1618.6235351563,
            "Tag": "TYPE2CiyCenter",
            "inVehicule": false,
            "y": 149.38862609863,
            "subdistrict": "CorpoPlaza",
            "z": 7.3461303710938,
            "district": "CityCenter",
        }, {
            "x": -1543.4533691406,
            "Tag": "TYPE2CiyCenter",
            "inVehicule": false,
            "y": 90.46321105957,
            "subdistrict": "CorpoPlaza",
            "z": 9.3534927368164,
            "district": "CityCenter",
        }, {
            "x": -1453.8947753906,
            "Tag": "TYPE2CiyCenter",
            "inVehicule": false,
            "y": 99.865692138672,
            "subdistrict": "CorpoPlaza",
            "z": 15.359489440918,
            "district": "CityCenter",
        }, {
            "x": -1248.8530273438,
            "Tag": "TYPE2CiyCenter",
            "inVehicule": false,
            "y": -117.6190032959,
            "subdistrict": "CorpoPlaza",
            "z": 16.141738891602,
            "district": "CityCenter",
        }, {
            "x": -1444.3922119141,
            "Tag": "TYPE2CiyCenter",
            "inVehicule": false,
            "y": -229.98756408691,
            "subdistrict": "CorpoPlaza",
            "z": 16.123428344727,
            "district": "CityCenter",
        }, {
            "x": -1472.5637207031,
            "Tag": "TYPE2CiyCenter",
            "inVehicule": false,
            "y": -168.33857727051,
            "subdistrict": "CorpoPlaza",
            "z": 24.294303894043,
            "district": "CityCenter",
        }, {
            "x": -1500.4578857422,
            "Tag": "TYPE2CiyCenter",
            "inVehicule": false,
            "y": -73.221084594727,
            "subdistrict": "CorpoPlaza",
            "z": 30.181549072266,
            "district": "CityCenter",
        }, {
            "x": -1492.1030273438,
            "Tag": "TYPE2CiyCenter",
            "inVehicule": false,
            "y": -3.0575790405273,
            "subdistrict": "CorpoPlaza",
            "z": 24.181655883789,
            "district": "CityCenter",
        }, {
            "x": -1464.1008300781,
            "Tag": "TYPE2CiyCenter",
            "inVehicule": false,
            "y": -15.477340698242,
            "subdistrict": "CorpoPlaza",
            "z": 30.181549072266,
            "district": "CityCenter",
        }, {
            "x": -1357.3220214844,
            "Tag": "TYPE2CiyCenter",
            "inVehicule": false,
            "y": -6.1687469482422,
            "subdistrict": "CorpoPlaza",
            "z": 24.181655883789,
            "district": "CityCenter",
        }, {
            "x": -1268.1343994141,
            "Tag": "TYPE2CiyCenter",
            "inVehicule": false,
            "y": -1.2099761962891,
            "subdistrict": "CorpoPlaza",
            "z": 16.105888366699,
            "district": "CityCenter",
        }, {
            "x": -1472.6032714844,
            "Tag": "TYPE2CiyCenter",
            "inVehicule": false,
            "y": -52.098991394043,
            "subdistrict": "CorpoPlaza",
            "z": 37.313247680664,
            "district": "CityCenter",
        }, {
            "x": -1387.6341552734,
            "Tag": "TYPE2CiyCenter",
            "inVehicule": false,
            "y": -100.54270935059,
            "subdistrict": "Downtown",
            "z": 31.677574157715,
            "district": "CityCenter",
        }, {
            "x": -1515.90625,
            "Tag": "TYPE2CiyCenter",
            "inVehicule": false,
            "y": -89.999252319336,
            "subdistrict": "CorpoPlaza",
            "z": 7.8942642211914,
            "district": "CityCenter",
        }, {
            "x": -1477.4365234375,
            "Tag": "TYPE2CiyCenter",
            "inVehicule": false,
            "y": -70.626403808594,
            "subdistrict": "Downtown",
            "z": 7.8942642211914,
            "district": "CityCenter",
        }, {
            "x": -1602.3361816406,
            "Tag": "TYPE2CiyCenter",
            "inVehicule": false,
            "y": -146.37831115723,
            "subdistrict": "Downtown",
            "z": 7.7606964111328,
            "district": "CityCenter",
        }, {
            "x": -1618.2388916016,
            "Tag": "TYPE2CiyCenter",
            "inVehicule": false,
            "y": -219.04147338867,
            "subdistrict": "CorpoPlaza",
            "z": 4.0969924926758,
            "district": "CityCenter",
        }, {
            "x": -1643.1053466797,
            "Tag": "TYPE2CiyCenter",
            "inVehicule": false,
            "y": -234.58480834961,
            "subdistrict": "CorpoPlaza",
            "z": -4.5586700439453,
            "district": "CityCenter",
        }, {
            "x": -1587.1320800781,
            "Tag": "TYPE2CiyCenter",
            "inVehicule": false,
            "y": -291.09823608398,
            "subdistrict": "Downtown",
            "z": -4.5303649902344,
            "district": "CityCenter",
        }, {
            "x": -1541.8205566406,
            "Tag": "TYPE2CiyCenter",
            "inVehicule": false,
            "y": -319.03393554688,
            "subdistrict": "Downtown",
            "z": -4.5303649902344,
            "district": "CityCenter",
        }, {
            "x": -1507.990234375,
            "Tag": "TYPE2CiyCenter",
            "inVehicule": false,
            "y": -267.697265625,
            "subdistrict": "Downtown",
            "z": 7.6790313720703,
            "district": "CityCenter",
        }, {
            "x": -1472.0246582031,
            "Tag": "TYPE2CiyCenter",
            "inVehicule": false,
            "y": -267.18133544922,
            "subdistrict": "CorpoPlaza",
            "z": 7.6578979492188,
            "district": "CityCenter",
        }, {
            "x": -1418.4174804688,
            "Tag": "TYPE2CiyCenter",
            "inVehicule": false,
            "y": -268.17767333984,
            "subdistrict": "CorpoPlaza",
            "z": 7.6561660766602,
            "district": "CityCenter",
        }, {
            "x": -1345.3193359375,
            "Tag": "TYPE2CiyCenter",
            "inVehicule": false,
            "y": -253.78286743164,
            "subdistrict": "Downtown",
            "z": 7.8767395019531,
            "district": "CityCenter",
        }, {
            "x": -1286.6063232422,
            "Tag": "TYPE2CiyCenter",
            "inVehicule": false,
            "y": -216.98107910156,
            "subdistrict": "CorpoPlaza",
            "z": 7.726188659668,
            "district": "CityCenter",
        }, {
            "x": -1188.7210693359,
            "Tag": "TYPE2CiyCenter",
            "inVehicule": false,
            "y": -270.24307250977,
            "subdistrict": "Downtown",
            "z": 7.7072296142578,
            "district": "CityCenter",
        }, {
            "x": -1219.9583740234,
            "Tag": "TYPE2CiyCenter",
            "inVehicule": false,
            "y": -76.762969970703,
            "subdistrict": "Downtown",
            "z": 7.7323913574219,
            "district": "CityCenter",
        }, {
            "x": -1254.70703125,
            "Tag": "TYPE2CiyCenter",
            "inVehicule": false,
            "y": 35.290565490723,
            "subdistrict": "Downtown",
            "z": 7.7323913574219,
            "district": "CityCenter",
        }, {
            "x": -1234.4294433594,
            "Tag": "TYPE2CiyCenter",
            "inVehicule": false,
            "y": 101.14306640625,
            "subdistrict": "Downtown",
            "z": 7.2613983154297,
            "district": "CityCenter",
        }, {
            "x": -1207.7106933594,
            "Tag": "TYPE2CiyCenter",
            "inVehicule": false,
            "y": 78.728012084961,
            "subdistrict": "Downtown",
            "z": 7.2560729980469,
            "district": "CityCenter",
        }, {
            "x": -1666.1448974609,
            "Tag": "TYPE2CiyCenter",
            "inVehicule": false,
            "y": 125.88638305664,
            "subdistrict": "Downtown",
            "z": 7.4759140014648,
            "district": "CityCenter",
        }, {
            "x": -1716.2847900391,
            "Tag": "TYPE2CiyCenter",
            "inVehicule": false,
            "y": 160.60269165039,
            "subdistrict": "Downtown",
            "z": 7.4250106811523,
            "district": "CityCenter",
        }, {
            "x": -1760.4212646484,
            "Tag": "TYPE2CiyCenter",
            "inVehicule": false,
            "y": 213.56973266602,
            "subdistrict": "Downtown",
            "z": 7.4815139770508,
            "district": "CityCenter",
        }, {
            "x": -1810.2156982422,
            "Tag": "TYPE2CiyCenter",
            "inVehicule": false,
            "y": 195.87449645996,
            "subdistrict": "Downtown",
            "z": -2.4552612304688,
            "district": "CityCenter",
        }, {
            "x": -1752.7333984375,
            "Tag": "TYPE2CiyCenter",
            "inVehicule": false,
            "y": -63.804901123047,
            "subdistrict": "Downtown",
            "z": 7.5936737060547,
            "district": "CityCenter",
        }, {
            "x": -1767.8625488281,
            "Tag": "TYPE2CiyCenter",
            "inVehicule": false,
            "y": -117.74485778809,
            "subdistrict": "Downtown",
            "z": 7.4580764770508,
            "district": "CityCenter",
        }, {
            "x": -1341.1650390625,
            "Tag": "TYPE2CiyCenter",
            "inVehicule": false,
            "y": 293.83331298828,
            "subdistrict": "Downtown",
            "z": 7.0499954223633,
            "district": "CityCenter",
        }, {
            "x": -1277.4868164063,
            "Tag": "TYPE2CiyCenter",
            "inVehicule": false,
            "y": 263.79934692383,
            "subdistrict": "Downtown",
            "z": 6.629997253418,
            "district": "CityCenter",
        }, {
            "x": -1156.2132568359,
            "Tag": "TYPE2CiyCenter",
            "inVehicule": false,
            "y": 216.4969329834,
            "subdistrict": "Downtown",
            "z": 5.2800369262695,
            "district": "CityCenter",
        }, {
            "x": -1141.9888916016,
            "Tag": "TYPE2CiyCenter",
            "inVehicule": false,
            "y": 147.38107299805,
            "subdistrict": "Downtown",
            "z": 5.2800369262695,
            "district": "CityCenter",
        }, {
            "x": -1121.8206787109,
            "Tag": "TYPE2CiyCenter",
            "inVehicule": false,
            "y": 100.3440246582,
            "subdistrict": "Downtown",
            "z": 7.370002746582,
            "district": "CityCenter",
        }, {
            "x": -1134.8092041016,
            "Tag": "TYPE2CiyCenter",
            "inVehicule": false,
            "y": 38.470924377441,
            "subdistrict": "Downtown",
            "z": 7.536003112793,
            "district": "CityCenter",
        }, {
            "x": -1073.4459228516,
            "Tag": "TYPE2CiyCenter",
            "inVehicule": false,
            "y": 71.602874755859,
            "subdistrict": "Downtown",
            "z": 7.3517608642578,
            "district": "CityCenter",
        }, {
            "x": -1560.3172607422,
            "Tag": "TYPE2CiyCenter",
            "inVehicule": false,
            "y": 262.13879394531,
            "subdistrict": "Downtown",
            "z": 8.2137145996094,
            "district": "CityCenter",
        }, {
            "x": -1814.2268066406,
            "Tag": "TYPE2CiyCenter",
            "inVehicule": false,
            "y": -46.615142822266,
            "subdistrict": "Downtown",
            "z": 7.7700729370117,
            "district": "CityCenter",
        }
    ],
    "tag": "TYPE2CiyCenter",
    "isFor": 2
}
