{
	"name": "GNC_Affinity_Edit",
	"tag": "GNC_Affinity_Edit",
	"action": [{
		"name": "if",
		"trigger": {
			"name": "compare",
			"trigger": {
				"name": "player_current_gang",
				"value": "faction_mox"
			},
			"expected": true
		},
		"if_action": [{
			"name": "gang_affinity",
			"value": "faction_tygerclaws",
			"score": -50
		}, {
			"name": "gang_affinity",
			"value": "faction_valentinos",
			"score": -10
		}, {
			"name": "gang_affinity",
			"value": "faction_maelstrom",
			"score": -10
		}, {
			"name": "gang_affinity",
			"value": "faction_scavengers",
			"score": -10
		}, {
			"name": "set_gang_relation",
			"tag": "player",
			"target": "faction_tygerclaws",
			"mode": "gang",
			"score": -10
		}, {
			"name": "set_gang_relation",
			"tag": "player",
			"target": "faction_maelstrom",
			"mode": "gang",
			"score": -10
		}, {
			"name": "set_gang_relation",
			"tag": "player",
			"target": "faction_scavengers",
			"mode": "gang",
			"score": -10
			}, {
			"name": "set_gang_relation",
			"tag": "player",
			"target": "faction_ncpd",
			"mode": "gang",
			"score": 10
		}, {
			"name": "set_gang_relation",
			"tag": "player",
			"target": "faction_afterlife",
			"mode": "gang",
			"score": 10
		}, {
			"name": "set_gang_relation",
			"tag": "player",
			"target": "faction_mox",
			"mode": "gang",
			"score": 10
		}],
		"else_action": [{
		}]
	}, {
		"name": "if",
		"trigger": {
			"name": "compare",
			"trigger": {
				"name": "player_current_gang",
				"value": "faction_tygerclaws"
			},
			"expected": true
		},
		"if_action": [{
			"name": "gang_affinity",
			"value": "faction_mox",
			"score": -50
		}, {
			"name": "set_gang_relation",
			"tag": "player",
			"target": "faction_mox",
			"mode": "gang",
			"score": -10
		}, {
		"name": "set_gang_relation",
			"tag": "player",
			"target": "faction_tygerclaws",
			"mode": "gang",
			"score": 10
		}, {
			"name": "gang_affinity",
			"value": "faction_valentinos",
			"score": -10
		}, {
			"name": "gang_affinity",
			"value": "faction_ncpd",
			"score": -10
		}, {
			"name": "gang_affinity",
			"value": "faction_maelstrom",
			"score": -10
		}, {
			"name": "gang_affinity",
			"value": "faction_scavengers",
			"score": -10
		}, {
			"name": "set_gang_relation",
			"tag": "player",
			"target": "faction_arasaka",
			"mode": "gang",
			"score": 10
		}, {}],
		"else_action": [{
		}]
	}, {

		"name": "if",
		"trigger": {
			"name": "compare",
			"trigger": {
				"name": "player_current_gang",
				"value": "faction_afterlife"
			},
			"expected": true
		},
		"if_action": [{
			"name": "gang_affinity",
			"value": "faction_arasaka",
			"score": -20
		}, {
			"name": "gang_affinity",
			"value": "faction_kangtao",
			"score": -20
		}, {
			"name": "gang_affinity",
			"value": "faction_militech",
			"score": -20
		}, {
			"name": "set_gang_relation",
			"tag": "player",
			"target": "faction_maelstrom",
			"mode": "gang",
			"score": -10
		}, {
			"name": "set_gang_relation",
			"tag": "player",
			"target": "faction_scavengers",
			"mode": "gang",
			"score": -10
		}, {
			"name": "set_gang_relation",
			"tag": "player",
			"target": "faction_afterlife",
			"mode": "gang",
			"score": 10
		}, {
			"name": "set_gang_relation",
			"tag": "player",
			"target": "faction_ncpd",
			"mode": "gang",
			"score": -10
		}, {
			"name": "set_gang_relation",
			"tag": "player",
			"target": "faction_arasaka",
			"mode": "gang",
			"score": -10
		}, {
			"name": "set_gang_relation",
			"tag": "player",
			"target": "faction_militech",
			"mode": "gang",
			"score": -10
		}, {
			"name": "set_gang_relation",
			"tag": "player",
			"target": "faction_kangtao",
			"mode": "gang",
			"score": -10
		}],
		"else_action": [{
		}]
	}, {
		"name": "if",
		"trigger": {
			"name": "compare",
			"trigger": {
				"name": "player_current_gang",
				"value": "faction_valentinos"
			},
			"expected": true
		},
		"if_action": [{
			"name": "gang_affinity",
			"value": "faction_sixthstreet",
			"score": -50
		}, {
			"name": "gang_affinity",
			"value": "faction_maelstrom",
			"score": -10
		}, {
			"name": "gang_affinity",
			"value": "faction_scavengers",
			"score": -10
		}, {
			"name": "set_gang_relation",
			"tag": "player",
			"target": "faction_tygerclaws",
			"mode": "gang",
			"score": -10
		}, {
			"name": "set_gang_relation",
			"tag": "player",
			"target": "faction_valentinos",
			"mode": "gang",
			"score": 10
		}, {
			"name": "set_gang_relation",
			"tag": "player",
			"target": "faction_ncpd",
			"mode": "gang",
			"score": -10
		}, {
			"name": "set_gang_relation",
			"tag": "player",
			"target": "faction_sixthstreet",
			"mode": "gang",
			"score": -10
		}],
		"else_action": [{
		}]
	}, {

		"name": "if",
		"trigger": {
			"name": "compare",
			"trigger": {
				"name": "player_current_gang",
				"value": "faction_sixthstreet"
			},
			"expected": true
		},
		"if_action": [{
			"name": "gang_affinity",
			"value": "faction_valentinos",
			"score": -50
		}, {
			"name": "set_gang_relation",
			"tag": "player",
			"target": "faction_militech",
			"mode": "gang",
			"score": -10
		}, {
			"name": "gang_affinity",
			"value": "faction_valentinos",
			"score": -10
		}, {
			"name": "gang_affinity",
			"value": "faction_maelstrom",
			"score": -10
		}, {
			"name": "gang_affinity",
			"value": "faction_scavengers",
			"score": -10
		}, {
			"name": "set_gang_relation",
			"tag": "player",
			"target": "faction_ncpd",
			"mode": "gang",
			"score": -10
		}, {
			"name": "set_gang_relation",
			"tag": "player",
			"target": "faction_valentinos",
			"mode": "gang",
			"score": -10
		}, {
			"name": "set_gang_relation",
			"tag": "player",
			"target": "faction_sixthstreet",
			"mode": "gang",
			"score": 10
		}],
		"else_action": [{
		}]

	}, {
		"name": "if",
		"trigger": {
			"name": "compare",
			"trigger": {
				"name": "player_current_gang",
				"value": "faction_maelstrom"
			},
			"expected": true
		},
		"if_action": [{
			"name": "gang_affinity",
			"value": "faction_scavengers",
			"score": -50
		}, {
			"name": "set_gang_relation",
			"tag": "player",
			"target": "faction_scavengers",
			"mode": "gang",
			"score": -10
		}, {
			"name": "set_gang_relation",
			"tag": "player",
			"target": "faction_mox",
			"mode": "gang",
			"score": -10
		}, {
			"name": "set_gang_relation",
			"tag": "player",
			"target": "faction_tygerclaws",
			"mode": "gang",
			"score": -10
		}, {
			"name": "set_gang_relation",
			"tag": "player",
			"target": "faction_ncpd",
			"mode": "gang",
			"score": -10
		}, {
			"name": "set_gang_relation",
			"tag": "player",
			"target": "faction_maelstrom",
			"mode": "gang",
			"score": 10
		}],
		"else_action": [{
		}]

	}, {
		"name": "if",
		"trigger": {
			"name": "compare",
			"trigger": {
				"name": "player_current_gang",
				"value": "faction_scavengers"
			},
			"expected": true
		},
		"if_action": [{
			"name": "gang_affinity",
			"value": "faction_maelstrom",
			"score": -50
		}, {
			"name": "gang_affinity",
			"value": "faction_valentinos",
			"score": -10
		}, {
			"name": "set_gang_relation",
			"tag": "player",
			"target": "faction_mox",
			"mode": "gang",
			"score": -10
		}, {
			"name": "gang_affinity",
			"value": "faction_sixthstreet",
			"score": -10
		}, {
			"name": "set_gang_relation",
			"tag": "player",
			"target": "faction_maelstrom",
			"mode": "gang",
			"score": -10
		}, {
			"name": "set_gang_relation",
			"tag": "player",
			"target": "faction_tygerclaws",
			"mode": "gang",
			"score": -10
		}, {
			"name": "set_gang_relation",
			"tag": "player",
			"target": "faction_ncpd",
			"mode": "gang",
			"score": -10
		}, {
			"name": "set_gang_relation",
			"tag": "player",
			"target": "faction_maxtac",
			"mode": "gang",
			"score": -10
		}],
		"else_action": [{
		}]
	}, {
		"name": "if",
		"trigger": {
			"name": "compare",
			"trigger": {
				"name": "player_current_gang",
				"value": "faction_aldecaldos"
			},
			"expected": true
		},
		"if_action": [{
			"name": "gang_affinity",
			"value": "faction_wraiths",
			"score": -50
		}, {
			"name": "set_gang_relation",
			"tag": "player",
			"target": "faction_wraiths",
			"mode": "gang",
			"score": -10
		}, {
			"name": "set_gang_relation",
			"tag": "player",
			"target": "faction_mox",
			"mode": "gang",
			"score": 10
		}, {
			"name": "set_gang_relation",
			"tag": "player",
			"target": "faction_militech",
			"mode": "gang",
			"score": -10
		}, {
			"name": "set_gang_relation",
			"tag": "player",
			"target": "faction_aldecaldos",
			"mode": "gang",
			"score": 10
		}],
		"else_action": [{
		}]
	}, {
		"name": "if",
		"trigger": {
			"name": "compare",
			"trigger": {
				"name": "player_current_gang",
				"value": "faction_ncpd"
			},
			"expected": true
		},
		"if_action": [{
			"name": "set_gang_relation",
			"tag": "player",
			"target": "faction_maelstrom",
			"mode": "gang",
			"score": -10
		}, {
			"name": "set_gang_relation",
			"tag": "player",
			"target": "faction_scavengers",
			"mode": "gang",
			"score": -10
		}, {
			"name": "set_gang_relation",
			"tag": "player",
			"target": "faction_tygerclaws",
			"mode": "gang",
			"score": -10
		}, {
			"name": "set_gang_relation",
			"tag": "player",
			"target": "faction_sixthstreet",
			"mode": "gang",
			"score": -10
		}, {
			"name": "set_gang_relation",
			"tag": "player",
			"target": "faction_maxtac",
			"mode": "gang",
			"score": 10
		}, {
			"name": "set_gang_relation",
			"tag": "player",
			"target": "faction_mox",
			"mode": "gang",
			"score": 10
		}, {
			"name": "set_gang_relation",
			"tag": "player",
			"target": "faction_valentinos",
			"mode": "gang",
			"score": -10
		}, {
			"name": "set_gang_relation",
			"tag": "player",
			"target": "faction_ncpd",
			"mode": "gang",
			"score": 10
		}],
		"else_action": [{
		}]
	}, {
		"name": "if",
		"trigger": {
			"name": "compare",
			"trigger": {
				"name": "player_current_gang",
				"value": "faction_wraiths"
			},
			"expected": true
		},
		"if_action": [{
			"name": "gang_affinity",
			"value": "faction_aldecaldos",
			"score": -50
		}, {
			"name": "set_gang_relation",
			"tag": "player",
			"target": "faction_aldecaldos",
			"mode": "gang",
			"score": -10
		}, {
			"name": "set_gang_relation",
			"tag": "player",
			"target": "faction_militech",
			"mode": "gang",
			"score": -10
		}, {
			"name": "set_gang_relation",
			"tag": "player",
			"target": "faction_wraiths",
			"mode": "gang",
			"score": 10
		}],
		"else_action": [{
		}]
	}, {
		"name": "if",
		"trigger": {
			"name": "compare",
			"trigger": {
				"name": "player_current_gang",
				"value": "faction_voodooboys"
			},
			"expected": true
		},
		"if_action": [{
			"name": "gang_affinity",
			"value": "faction_animals",
			"score": -50
		}, {
			"name": "set_gang_relation",
			"tag": "player",
			"target": "faction_animals",
			"mode": "gang",
			"score": -10
		}, {
			"name": "gang_affinity",
			"value": "faction_valentinos",
			"score": -10
		}, {
			"name": "gang_affinity",
			"value": "faction_sixthstreet",
			"score": -10
		}, {
			"name": "gang_affinity",
			"value": "faction_maelstrom",
			"score": -10
		}, {
			"name": "gang_affinity",
			"value": "faction_scavengers",
			"score": -10
		}, {
			"name": "set_gang_relation",
			"tag": "player",
			"target": "faction_ncpd",
			"mode": "gang",
			"score": -10
		}, {
			"name": "set_gang_relation",
			"tag": "player",
			"target": "faction_voodooboys",
			"mode": "gang",
			"score": 10
		}],
		"else_action": [{
		}]
	}, {
		"name": "if",
		"trigger": {
			"name": "compare",
			"trigger": {
				"name": "player_current_gang",
				"value": "faction_animals"
			},
			"expected": true
		},
		"if_action": [{
			"name": "gang_affinity",
			"value": "faction_voodooboys",
			"score": -50
		}, {
			"name": "set_gang_relation",
			"tag": "player",
			"target": "faction_ncpd",
			"mode": "gang",
			"score": -10
		}, {
			"name": "gang_affinity",
			"value": "faction_valentinos",
			"score": -10
		}, {
			"name": "gang_affinity",
			"value": "faction_sixthstreet",
			"score": -10
		}, {
			"name": "gang_affinity",
			"value": "faction_maelstrom",
			"score": -10
		}, {
			"name": "gang_affinity",
			"value": "faction_scavengers",
			"score": -10
		}, {
			"name": "set_gang_relation",
			"tag": "player",
			"target": "faction_voodooboys",
			"mode": "gang",
			"score": -10
		}, {
			"name": "set_gang_relation",
			"tag": "player",
			"target": "faction_animals",
			"mode": "gang",
			"score": 10
		}],
		"else_action": [{
		}]
	}]
}