{
	"name": "current_star_lets_meet",
	"tag": "current_star_lets_meet",
	"way": "event",
	"bypassmenu": true,
	"trigger": {
		"auto": {
			"name": "auto"
		}
	},
	"requirement": [
		[
			"auto"
		]
	],
	"action": [{



			"name": "set_mappin",
			"x": 0,
			"y": 0,
			"z": 0,
			"tag": "current_star_meet",
			"typemap": "ExclamationMarkVariant",
			"wall": true,
			"active": true,
			"mapgroup": "",
			"title": "Star Meet Up",
			"desc": "CM pin.",

			"position": "poi_district",
			"position_random": false,
			"position_helper": "at||poi_district|| poi_subdistrict|| poi_current_district|| poi_current_subdistrict|| relative_to_entity||on_entity||on_group|| node|| current_node|| poi_tag|| fasttravel|| custom_place||custom_room",

			"position_tag": "",
			"position_tag_helper": "judy01||playerhouse01||playerhouse_bed||",

			"position_way": "normal",
			"position_way_helper": "normal||behind||forward",

			"position_poi_district": "",
			"position_poi_subdistrict": "",
			"position_poi_is_for_car": false,
			"position_poi_from_position": false,
			"position_poi_use_location_tag": false,
			"position_poi_range": 3000,
			"position_poi_type": 3,


			"position_distance": 50,

			"position_house_way": "default||enter||exit",

			"position_house_tag": "playerhouse01",

			"position_node_current_detection_range": 70,
			"position_node_usegameplay": false
		},
		{

			"name": "notify",
			"value": "Join your Friend at their Posistion on the map"

		},
		{
			"name": "wait_for_trigger",
			"trigger": {
				"name": "entity_is_at_mappin_position",
				"tag": "current_star_meet",
				"entity": "player",
				"range": 20,
				"helper": "This trigger will be triggered when a entity is at mappin position",
				"helperTitle": "Entity : Entity is at mappin position"
			},

			"help": "Wait that trigger condition is valid",
			"helper": "This action will wait that the trigger is valid before do the next action ",
			"helperTitle": "Logic : Wait For Trigger"



		}, {

			"name": "spawn_npc",
			"tag": "current_star",
			"spawnlevel": 36,
			"use_police_prevention_system": false,
			"group": "",
			"scriptlevel": 0,
			"appearance": "none",
			"create_group_if_not_exist": false,
			"source": "current_star",
			"source_helper": "npc||current_star||faction||current_district_leader||current_subdistrict_leader||district_leader||subdistrict_leader||random||from_list||district_rival||subdistrict_rival||current_district_rival||current_subdistrict_rival",
			"source_gang": "faction_mox",
			"source_tag": "Character.Judy",
			"source_tag_helper": "Character.Judy||faction_mox||district_westbrook||NorthOaks",
			"source_list": ["Character.Judy"],
			"source_use_vip": false,
			"source_use_rival": false,

			"position": "mappin",
			"position_helper": "at||relative_to_entity||node||current_node||poi||mappin||fasttravel||current_fasttravel||custom_place||custom_room||current_custom_place||current_custom_room||current_custom_mappin",

			"position_tag": "current_star_meet",
			"position_tag_helper": "judy01||playerhouse01||playerhouse_bed||",

			"position_way": "normal",
			"position_way_helper": "normal||behind||forward",

			"position_poi_district": "",
			"position_poi_subdistrict": "",
			"position_poi_is_for_car": false,
			"position_poi_from_position": false,
			"position_poi_use_location_tag": false,
			"position_poi_range": 50,
			"position_poi_type": 1,

			"position_distance": 5,

			"position_house_way": "default||enter||exit",

			"position_house_tag": "playerhouse01",

			"position_node_current_detection_range": 70,
			"position_node_usegameplay": false,
			"x": 0,
			"y": 0,
			"z": 0,
			"amount": 1,
			"help": "This action will summon a custom npc with several custom parameter ",
			"helper": "This action will summon a custom npc with several custom parameter ",
			"helperTitle": "Entity : Spawn NPC"
		},
		{
			"name": "wait_second",
			"value": 2,
			"help": "Wait x second",
			"helper": "This action will wait x second before perform the next action",
			"helperTitle": "Logic : Wait X seconds"

		},
		{

			"name": "delete_map_point",
			"tag": "current_star_meet"
		},
		{

			

			"name": "attitude_entity_against_entity",
			"tag": "current_star",
			"entity": "player",
			"attitude": "companion",

			"help": "companion will work only for entity player",
			"helper": "This action will change attitude of an custom entity to another one",
			"helperTitle": "Entity : change attitude against another entity"
		},
		{

			"name": "random_subtitle",
			"title": [
				"I'm here!",
				"Look at what we have...",
				"Lookin' good!",
				"Long time no see !",
				"Did You miss Me ?"

			],
			"type": 1,
			"target": "player",
			"speaker": "current_star",
			"duration": 4,
			"helper": "This action will fire an subtitle, it act live wait for second",
			"helperTitle": "Dialog : run an subtitle"
		},
		{

			"name": "wait_second",
			"value": 5

		}


	]

}