{
	"action": [{
		"name": "wait_for_trigger",
		"trigger": {
			"logic": "or",
			"name": "testFor",
			"triggers": [{
				"logic": "and",
				"name": "testFor",
				"triggers": [{
					"expected": false,
					"name": "compare",
					"trigger": {
						"name": "player_inbuilding"
					}
				}, {
					"name": "quest_fact",
					"value": "q112_done"
				}]
			}, {
				"district": "",
				"iscar": true,
				"name": "player_in_poi",
				"range": 100,
				"subdistrict": "",
				"tag": "",
				"type": 30,
				"uselocationtag": false
			}, {
				"district": "",
				"iscar": true,
				"name": "player_in_poi",
				"range": 100,
				"subdistrict": "",
				"tag": "",
				"type": 21,
				"uselocationtag": false
			}, {
				"district": "",
				"iscar": true,
				"name": "player_in_poi",
				"range": 100,
				"subdistrict": "",
				"tag": "",
				"type": 20,
				"uselocationtag": false
			}, {
				"district": "",
				"iscar": false,
				"name": "player_in_poi",
				"range": 100,
				"subdistrict": "",
				"tag": "",
				"type": 77,
				"uselocationtag": false
			}]
		}
	}, {
		"name": "wait_second",
		"value": 5
	}, {
		"else_action": [{}],
		"if_action": [{
			"action": [{
				"funcs": ["Patrol_watson", "crowd", "crowd_war", "crowd", "crowd", "crowd", "crowd", "crowd", "crowd", "crowd", "crowd", "Car chase", "Car chase ncpd"],
				"name": "do_random_function",
				"parallele": true
			}, {
				"name": "wait_second",
				"value": 60
			}],
			"amount": 2,
			"name": "for"
		}],
		"name": "if",
		"trigger": {
			"name": "current_district",
			"value": "Watson"
		}
	}, {
		"else_action": [{
		}],
		"if_action": [{
			"action": [{
				"funcs": ["Patrol_westbrook", "crowd", "crowd_war", "crowd", "Car chase", "Car chase ncpd", "crowd", "crowd", "crowd", "crowd", "crowd", "crowd", "crowd", "crowd", "Car chase ncpd"],
				"name": "do_random_function",
				"parallele": true
			}, {
				"name": "wait_second",
				"value": 60
			}],
			"amount": 2,
			"name": "for"
		}],
		"name": "if",
		"trigger": {
			"name": "current_district",
			"value": "Westbrook"
		}
	}, {
		"else_action": [{
			"name": "nothing"
		}],
		"if_action": [{
			"action": [{
				"funcs": ["Patrol_heywood", "crowd", "crowd", "crowd", "crowd_war", "crowd_war", "Car chase ncpd", "crowd", "crowd", "Car chase ncpd"],
				"name": "do_random_function",
				"parallele": true
			}, {
				"name": "wait_second",
				"value": 60
			}],
			"amount": 2,
			"name": "for"
		}],
		"name": "if",
		"trigger": {
			"name": "current_district",
			"value": "Heywood"
		}
	}, {
		"else_action": [{
			"name": "nothing"
		}],
		"if_action": [{
			"action": [{
				"funcs": ["Patrol_santodomingo", "crowd_war", "crowd_war", "crowd_war", "crowd", "crowd", "crowd", "crowd", "crowd", "crowd", "Car chase 2P", "Car chase 2P", "crowd", "Car chase ncpd"],
				"name": "do_random_function",
				"parallele": true
			}, {
				"name": "wait_second",
				"value": 60
			}],
			"amount": 2,
			"name": "for"
		}],
		"name": "if",
		"trigger": {
			"name": "current_district",
			"value": "SantoDomingo"
		}
	}, {
		"else_action": [{
			"name": "nothing"
		}],
		"if_action": [{
			"action": [{
				"funcs": ["Patrol_CityCenter", "crowd", "crowd", "crowd", "crowd_war", "crowd_war", "crowd", "crowd", "crowd", "crowd", "Car chase Corpos"],
				"name": "do_random_function",
				"parallele": true
			}, {
				"name": "wait_second",
				"value": 60
			}],
			"amount": 3,
			"name": "for"
		}],
		"name": "if",
		"trigger": {
			"name": "current_district",
			"value": "Citycenter"
		}
	}, {
		"else_action": [{
			"name": "if",
			"trigger": {
				"name": "testFor",
				"triggers": [{
					"name": "current_subdistrict",
					"value": "Coastview"
				}, {
					"name": "time",
					"min": 1800,
					"max": 2400
				}],
				"logic": "and"
			},
			"if_action": [{
				"action": [{
					"funcs": ["crowd_war ", "crowd_war ", "crowd_war ", "Car chase 2P", "Car chase"],
					"name": "do_random_function",
					"parallele": true
				}, {
					"name": "wait_second",
					"value": 60
				}],
				"amount": 1,
				"name": "for"
			}],
			"else_action": [{
				"action": [{
					"funcs": ["Patrol_pacifica", "Car chase", "Car chase 2P", "Car chase ncpd"],
					"name": "do_random_function",
					"parallele": true
				}, {
					"name": "wait_second",
					"value": 50
				}],
				"amount": 1,
				"name": "for"
			}]
		}],
		"if_action": [{
			"action": [{
				"funcs": ["Patrol_pacifica", "crowd_war", "crowd_war", "Car chase", "Car chase 2P"],
				"name": "do_random_function",
				"parallele": true
			}, {
				"name": "wait_second",
				"value": 50
			}],
			"amount": 2,
			"name": "for"
		}],
		"name": "if",
		"trigger": {
			"name": "current_district",
			"value": "Pacifica"
		}
	}, {
		"else_action": [{
			"name": "nothing"
		}],
		"if_action": [{
			"funcs": ["Car chase BD", "crowd_war"],
			"name": "do_random_function",
			"parallele": true
		}, {
			"name": "wait_second",
			"value": 60
		}],
		"name": "if",
		"trigger": {
			"name": "current_district",
			"value": "Badlands"
		}
	}, {
		"name": "wait_second",
		"value": 5
	}, {
		"name": "do_event",
		"parallele": false,
		"value": "Refresher"
	}],
	"name": "Life_manager",
	"requirement": [
		["trigger03"]
	],
	"tag": "Life_manager",
	"trigger": {
		"trigger03": {
			"name": "auto"
		}
	},
	"way": "init"
}