{
	"action": [{
			"name": "wait_for_trigger",
			"trigger": {
				"name": "testFor",
				"triggers": [{
						"expected": false,
						"name": "compare",
						"trigger": {
							"name": "event_is_triggered",
							"tag": "Life_manager"
						}
					},
					{
						"name": "quest_fact",
						"value": "q110_done"
					}
				],
				"logic": "or"
			}
		},
		{
			"name": "do_event",
			"parallele": true,
			"value": "Life_manager"
		}
	],
	"name": "Refresher",
	"requirement": [
		["auto"]
	],
	"tag": "Refresher",
	"trigger": {
		"auto": {
			"name": "auto"
		}
	},
	"way": "init"
}