{
	"name": "dnc_districtmanager",
	"tag": "dnc_districtmanager",
	"way": "ambush",
	"trigger": {
		"trigger03": {
			"name": "compare",
			"trigger": {
				"name": "player_inbuilding"
			},
			"expected": false
		},
		"noincar": {
			"name": "compare",
			"trigger": {
				"name": "in_car"
			},
			"expected": false
		},
		"trigger04": {
			"name": "quest_fact",
			"value": "q001_tt_put_girl_stretchers"
		},
		"trigger05": {
			"trigger": {
				"name": "current_district",
				"value": "Badlands"
			},
			"name": "compare",
			"expected": false
		}
	},
	"requirement": [
		[
			"trigger03",
			"noincar",
			"trigger04",
			"trigger05"
		]
	],
	"action": [{
		"name": "wait_for_trigger",
		"trigger": {
			"name": "time",
			"min": 1300,
			"max": 2400
		}
	}, {
		"name": "if",
		"trigger": {
			"name": "current_district",
			"value": "Watson"
		},
		"if_action": [{
			"funcs": ["GangWar", "nothing", "nothing", "GangFight", "Ambush", "kill_JPT_NS_SD_HEY", "maxtac010"],
			"name": "do_random_function",
			"parallele": true
		}],
		"else_action": [{
			"name": "nothing"
		}]
	}, {
		"name": "if",
		"trigger": {

			"name": "current_district",
			"value": "Westbrook",
			"parallele": false,
			"applyto": ""
		},
		"if_action": [{
			"funcs": ["GangWar", "nothing", "nothing", "Ambush",  "GangFight", "kill_JPT_NS_SD_HEY",  "maxtac010", "carchase", "carbush"],
			"name": "do_random_function",
			"parallele": true
		}],
		"else_action": [{
			"name": "nothing"
		}]
	}, {
		"name": "if",
		"trigger": {
			"name": "current_district",
			"value": "CityCenter",
			"parallele": false,
			"applyto": ""
		},
		"if_action": [{
			"funcs": ["GangWar", "GangFight", "nothing",  "nothing", "kill_JPT_NS_SD_HEY", "carchase", "carbush", "maxtac010"],
			"name": "do_random_function",
			"parallele": true
		}],
		"else_action": [{
			"name": "nothing"
		}]
	}, {
		"name": "if",
		"trigger": {

			"name": "current_district",
			"value": "Heywood"
		},
		"if_action": [{
			"funcs": ["GangWar", "GangFight", "Ambush",  "nothing", "nothing", "kill_JPT_NS_SD_HEY", "maxtac010"],
			"name": "do_random_function",
			"parallele": true
		}],
		"else_action": [{}]
	}, {

		"name": "if",
		"trigger": {

			"name": "current_district",
			"value": "SantoDomingo"
		},
		"if_action": [{
			"funcs": ["GangWar", "nothing", "nothing", "Ambush",  "GangFight", "kill_JPT_NS_SD_HEY", "maxtac010", "carchase", "carbush"],
			"name": "do_random_function",
			"parallele": true
		}],
		"else_action": [{
			"name": "nothing"
		}]
	}, {
		"name": "if",
		"trigger": {
			"name": "current_district",
			"value": "Pacifica"
		},
		"if_action": [{
			"funcs": ["GangWar", "GangFight",  "Ambush", "Ambush",  "nothing", "kill_JPT_NS_SD_HEY", "maxtac010", "carchase", "carbush"],
			"name": "do_random_function",
			"parallele": true
		}],
		"else_action": [{}]
	}, {
		"name": "if",
		"trigger": {
			"name": "current_district",
			"value": "Badlands"
		},
		"if_action": [{
			"name": "do_function",
			"value": "Badlands_dnc",
			"parallele": false,
			"applyto": ""
		}],
		"else_action": [{}]
	}]
}