{
	"name": "dnccar_districtmanager",
	"tag": "dnccar_districtmanager",
	"way": "ambush",
	"trigger": {
		"trigger03": {
			"name": "compare",
			"trigger": {
				"name": "player_inbuilding"
			},
			"expected": false
		},
		"noincar": {
			"name": "compare",
			"trigger": {
				"name": "in_car"
			},
			"expected": true
		},
		"trigger04": {

			"name": "quest_fact",
			"value": "q001_tt_put_girl_stretchers"
		},
		"trigger05": {
			"trigger": {
				"name": "current_district",
				"value": "Badlands"
			},
			"name": "compare",
			"expected": false
		}
	},
	"requirement": [
		[
			"trigger03",
			"noincar",
			"trigger04",
			"trigger05"
		]
	],
	"action": [{
		"name": "if",
		"trigger": {
			"name": "current_district",
			"value": "Watson"
		},
		"if_action": [{
			"name": "do_function",
			"value": "Watsoncar_dnc"
		}],
		"else_action": [{
			"name": "nothing"
		}]
	}, {
		"name": "if",
		"trigger": {
			"name": "current_district",
			"value": "Westbrook",
			"parallele": false,
			"applyto": ""
		},
		"if_action": [{
			"name": "do_function",
			"value": "Westbrookcar_dnc",
			"parallele": false,
			"applyto": ""
		}],
		"else_action": [{
			"name": "nothing"
		}]
	}, {
		"name": "if",
		"trigger": {
			"name": "current_district",
			"value": "Heywood"
		},
		"if_action": [{
			"name": "do_function",
			"value": "Heywoodcar_dnc",
			"parallele": false,
			"applyto": ""
		}],
		"else_action": [{
			"name": "nothing"
		}]
	}, {
		"name": "if",
		"trigger": {

			"name": "current_district",
			"value": "SantoDomingo"
		},
		"if_action": [{
			"name": "do_function",
			"value": "SantoDomingocar_dnc",
			"parallele": false,
			"applyto": ""
		}],
		"else_action": [{
			"name": "nothing"
		}]
	}, {
		"name": "if",
		"trigger": {

			"name": "current_district",
			"value": "Pacifica"
		},
		"if_action": [{
			"name": "do_function",
			"value": "Pacificacar_dnc",
			"parallele": false,
			"applyto": ""
		}],
		"else_action": [{
			"name": "nothing"
		}]
	}, {
         "name": "if",
		"trigger": {

			"name": "current_district",
			"value": "CityCenter"
		},
		"if_action": [{
			"name": "do_function",
			"value": "Roamernpc",
			"parallele": false,
			"applyto": ""
		}],
		"else_action": [{
			"name": "nothing"
		}]
	}]
}