{
    "action": [
		{
        "name": "open_interface",
		"tag": "trauma_membership_ui"
		}
		
		
		
		
    ],
    "display": "phone_service",
    "input": 2,
    "name": "CS : TraumaTeam Membership Offers",
    "requirement": [["a"]],
    "sorttag": "",
    "tag": "open_trauma_interface",
    "timer": 0,
    "trigger": {
        "a": {
		"name": "auto",
		"value": "medcenter",
		"helper": "This trigger will be triggered when you are at an specific custom place",
		"helperTitle": "House : in specific Custom Place"
	}
    }
}
