{
	"tag": "del_msg_service",
	"unlock": true,
	"speaker": "Delamain Services",
	"conversation": [
		{
			"tag": "del_taxi_service",
			"name": "Taxi Services",
			"unlock": true,
			"message": [
				
				{
					"tag": "del_taxi_01",
					"text": "Dear user, we send an Taxi at your position. It should comes in less than 10 seconds.",
					"sender": 0,
					"unlock": true,
					"readed": true,
					
					"choices": [
						
						
						
					]


				},
				
				
				{
					"tag": "del_taxi_02",
					"text": "Thanks to use our services. We hope to see you soon !",
					"sender": 1,
					"unlock": true,
					"readed": true,
					"unlocknext":"",
					"choices": [
						
						
						
					]


				}
				
			]


		},
		
		{
			"tag": "del_taxi_service_av",
			"name": "AV Services",
			"unlock": true,
			"message": [
				
				{
					"tag": "del_av_01",
					"text": "Dear user, we send an AV at your position.",
					"sender": 0,
					"unlock": true,
					"readed": false,
					
					"choices": [
						
						
						
					]


				},
				
				
				{
					"tag": "del_av_02",
					"text": "Thanks to use our AV services. We hope to see you soon !",
					"sender": 1,
					"unlock": true,
					"readed": false,
					"unlocknext":"",
					"choices": [
						
						
						
					]


				}
				
			]


		}
		
		
	]


}