{
	"hash": -130848,
	"speaker": "Regina CM",
	"tag": "regina_msg_service",
	"unlock": true,
	"conversation": [{
		"hash": 13084829,
		"message": [{
			"choices": [],
			"readed": true,
			"sender": 0,
			"tag": "reg_msg_01",
			"text": "Heard You decided to help with Quota for the NCPD. Why is beyond my understanding. If you are This willing to help, I'll make sure you get rewarded for your voluntary efforts.",
			"unlock": true
		}],
		"name": "Helping Us?",
		"tag": "regina_msg_service1",
		"unlock": true
	}, {
		"currentchoices": [],
		"hash": 1308483,
		"index": 2,
		"loaded": 0,
		"message": [{
			"choices": [],
			"index": 1,
			"parent": "message",
			"readed": false,
			"sender": 0,
			"tag": "reg_msg_02",
			"tagprefix": "regina_msg_service2_",
			"text": "Hey!! We got some weird shit going on. The City feels 'awake' is how I can put it??! We got info about Drama between all Gangs. This talk about the black wall, it's Cracking? Rogue Ai getting up in their wires- IDFK. It's all bizarre. Let's get this Figured out.",
			"unlock": true
		}],
		"name": "Life of Night City Introduction",
		"parent": "conversation",
		"tag": "regina_msg_service2",
		"tagprefix": "regina_msg_service_",
		"unlock": true
	}, {
		"currentchoices": [{
			"action": [],
			"action_bypassmenu_execution": false,
			"parent": "reg_msg_3",
			"requirement": [
				["answer1"]
			],
			"tag": "choice_1_V",
			"tagprefix": "reg_msg_3_",
			"text": "I'll keep my eyes open.",
			"trigger": {
				"answer1": {
					"helper": "This trigger will be triggered without need anything (default)",
					"helperTitle": "Auto",
					"name": "auto"
				}
			},
			"unlocknext": "unlock_1"
		}, {
			"action": [],
			"action_bypassmenu_execution": false,
			"parent": "reg_msg_3",
			"requirement": [
				["answer1"]
			],
			"tag": "choice_1_V",
			"tagprefix": "reg_msg_3_",
			"text": "I'll keep my eyes open.",
			"trigger": {
				"answer1": {
					"helper": "This trigger will be triggered without need anything (default)",
					"helperTitle": "Auto",
					"name": "auto"
				}
			},
			"unlocknext": "unlock_1"
		}],
		"hash": 13084885,
		"loaded": 0,
		"message": [{
			"choices": [{
				"action": [],
				"action_bypassmenu_execution": false,
				"parent": "reg_msg_3",
				"requirement": [
					["answer1"]
				],
				"tag": "choice_1_V",
				"tagprefix": "reg_msg_3_",
				"text": "I'll keep my eyes open.",
				"trigger": {
					"answer1": {
						"helper": "This trigger will be triggered without need anything (default)",
						"helperTitle": "Auto",
						"name": "auto"
					}
				},
				"unlocknext": "unlock_1"
			}],
			"parent": "message",
			"readed": false,
			"sender": 0,
			"tag": "reg_msg_3",
			"tagprefix": "reg_conv_3_",
			"text": "There's talks about A massive Gang War, happening every Night. We need to be ready for this, but we are severely out-numbered in forces. If you can help us secure the Nights, You can reap the benefits, Eyes closed.",
			"unlock": true,
			"unlocknext": ""
		}, {
			"choices": [],
			"parent": "message",
			"readed": false,
			"sender": 0,
			"tag": "unlock_1",
			"tagprefix": "reg_conv_3_",
			"text": "Thanks for this, Seriously. Let's keep in touch about all this.",
			"unlock": false,
			"unlocknext": ""
		}],
		"name": "Chaos at Night",
		"parent": "conversation",
		"tag": "reg_conv_3",
		"tagprefix": "regina_msg_service_",
		"unlock": true
	}, {
		"message": [{
			"choices": [{
				"action": [],
				"action_bypassmenu_execution": false,
				"parent": "choices",
				"requirement": [
					["aa"]
				],
				"tag": "answerclone1",
				"tagprefix": "cmsg1_",
				"text": "I'll get to the root of the problem. I hope.",
				"trigger": {
					"aa": {
						"helper": "This trigger will be triggered without need anything (default)",
						"helperTitle": "Auto",
						"name": "auto"
					}
				},
				"unlocknext": "cmsg2"
			}],
			"parent": "message",
			"readed": false,
			"sender": 0,
			"tag": "cmsg1",
			"tagprefix": "clonses_message_1_",
			"text": "I got Cops on all channels, freaking the fuck out over Psychos?? my Psychos?! Did they get out? what the fuck is going on?! Help me find out, Please?",
			"unlock": true,
			"unlocknext": ""
		}, {
			"choices": [],
			"parent": "message",
			"readed": false,
			"sender": 0,
			"tag": "cmsg2",
			"tagprefix": "clonses_message_1_",
			"text": "Luckily, I have eyes everywhere. We are on the assumption that Biotechnica is doing some fucked up shit in those labs of theirs. We need to figure out why.",
			"unlock": false,
			"unlocknext": ""
		}],
		"name": "Pyscho Clones!!?",
		"parent": "conversation",
		"tag": "clonses_message_1",
		"tagprefix": "regina_msg_service_",
		"unlock": true
	}]


}