{

	"Name":"Dino Dinovic",
	"LOC_X":-1967,
	"LOC_Y":378,
	"LOC_Z":0,
	"range":5,
	"Faction":"faction_scavengers",
	"Tag": "fixer_dino",
	"exist":true,
	"npcexist":true,
	"NPCId":"Character.ow_dino_driver",
	"trigger":{
		"always_enable":{
			"name":"auto"
		}
	},
	"requirement":[["always_enable"]],
	"spawn_action":[
		
		{
			
			
			
			
			
			
			"name": "if",
			"trigger": {
				"name": "player_current_gang",
				"value": "faction_scavengers"
			},
			"if_action": [{

				"name": "subtitle",
				"title": "Hey We got some jobs for you, Comrade.",
				"type": 1,
				"target": "player",
				"speaker": "Dino",
				"duration": 3,
				"helper": "This action will fire an random subtitle, it act live wait for second",
				"helperTitle": "Dialog : run random subtitle"
			}],
			"else_action": [{
				
					"name": "subtitle",
			"title": "Merc we got jobs",
			"type": 1,
			"target": "player",
			"speaker": "Scavenger Fixer",
			"duration": 3,
			"helper": "This action will fire an random subtitle, it act live wait for second",
			"helperTitle": "Dialog : run random subtitle"
			}]
		}
		
		],
	"despawn_action":[]
}