{

	"Name":"Wakako Okada",
	"LOC_X":-668,
	"LOC_Y":822,
	"LOC_Z":0,
	"range":5,
	"Faction":"faction_tygerclaws",
	"Tag": "fixer_wakako",
	"NPCId":"Character.wakako_okada",
	"exist":true,
	"npcexist":true,
	"trigger":{
		"always_enable":{
			"name":"auto"
		}
	},
	"requirement":[["always_enable"]],
	"spawn_action":[
		{
				"name": "if",
			"trigger": {
				"name": "player_current_gang",
				"value": "faction_tygerclaws"
			},
			"if_action": [{

				"name": "subtitle",
				"title": "A pleasure to see you, Let's get to work.",
				"type": 1,
				"target": "player",
				"speaker": "Wakako",
				"duration": 3,
				"helper": "This action will fire an random subtitle, it act live wait for second",
				"helperTitle": "Dialog : run random subtitle"
			}],
			"else_action": [{
				
					"name": "subtitle",
			"title": "Ah, Are you trying to help us with our work?",
			"type": 1,
			"target": "player",
			"speaker": "Tygerclaws Fixer",
			"duration": 3,
			"helper": "This action will fire an random subtitle, it act live wait for second",
			"helperTitle": "Dialog : run random subtitle"
			}]
		}
		
		],
	"despawn_action":[]
}