{

	"Name":"MaxTac Agent",
	"LOC_X": -670.384,
	"LOC_Y": 3043.699,
	"LOC_Z": 26.207,

	"range":15,
	"Faction":"faction_maxtac",
	"Tag": "fixer_maxtac",
	"exist":false,
	"npcexist":false,
	"NPCId":"Character.mq030_max_tac",
	"trigger":{
		"always_enable":{
			"name":"auto"
		}
	},
	"requirement":[["always_enable"]],
	"spawn_action":[
		
		{
			"name": "wait_second",
		"value": 2
		}, {
			"name": "attitude_entity_against_entity",
		"tag": "fixer_maxtac",
		"entity": "player",
		"attitude": "passive"
		}, {
			"name": "subtitle",
			"title": " Ah, you. Listen, we have some missions to carry out.",
			"type": 1,
			"target": "player",
			"speaker": "MaxTac Agent",
			"duration": 3,
			"helper": "This action will fire an random subtitle, it act live wait for second",
			"helperTitle": "Dialog : run random subtitle"
		}
		
		],
	"despawn_action":[]
}