{

	"Name":"Patricia",
	"LOC_X":-1730,
	"LOC_Y":2185,
	"LOC_Z":86,
	"range":8,
	"Faction":"faction_maelstrom",
	"Tag": "fixer_patricia",
	"exist":false,
	"npcexist":false,
	"NPCId":"Character.sq011_patricia",
	"trigger":{
		"always_enable":{
			"name":"auto"
		}
	},
	"requirement":[["always_enable"]],
	"spawn_action":[
		
		
		{
			"name": "wait_second",
		"value": 2
		}, {
			"name": "attitude_entity_against_entity",
		"tag": "fixer_patricia",
		"entity": "player",
		"attitude": "friendly"
		}, {
			"name": "if",
			"trigger": {
				"name": "player_current_gang",
				"value": "faction_maelstrom"
			},
			"if_action": [{

				"name": "subtitle",
				"title": "Let's Get to work, Metal head.",
				"type": 1,
				"target": "player",
				"speaker": "Patricia",
				"duration": 3,
				"helper": "This action will fire an random subtitle, it act live wait for second",
				"helperTitle": "Dialog : run random subtitle"
			}],
			"else_action": [{
				
					"name": "subtitle",
			"title": "Merc. Tryin' to help us out?",
			"type": 1,
			"target": "player",
			"speaker": "Maelstrom Fixer",
			"duration": 3,
			"helper": "This action will fire an random subtitle, it act live wait for second",
			"helperTitle": "Dialog : run random subtitle"
			}]
		}
		
		
		],
	"despawn_action":[]
}