{

	"Name":"Meredith Stout",
	"LOC_X": -1444.649,
	"LOC_Y": -290.132,
	"LOC_Z": 16.106,

	"range":8,
	"Faction":"faction_militech",
	"Tag": "fixer_meredith",
	"exist":false,
	"npcexist":false,
	"NPCId":"Character.Stout",
	"trigger":{
		"always_enable":{
			"name":"auto"
		}
	},
	"requirement":[["always_enable"]],
	"spawn_action":[
		
		{
			"name": "wait_second",
		"value": 2
		}, {
			"name": "attitude_entity_against_entity",
		"tag": "fixer_meredith",
		"entity": "player",
		"attitude": "friendly"
		}, {
			
			
			
			"name": "if",
			"trigger": {
				"name": "player_current_gang",
				"value": "faction_militech"
			},
			"if_action": [{

				"name": "subtitle",
				"title": "Solider! We have jobs to carry out, Let's get them over with.",
				"type": 1,
				"target": "player",
				"speaker": "Meredith Stout",
				"duration": 3,
				"helper": "This action will fire an random subtitle, it act live wait for second",
				"helperTitle": "Dialog : run random subtitle"
			}],
			"else_action": [{
				
					"name": "subtitle",
			"title": "Merc. I need work done. Shall we Converse?",
			"type": 1,
			"target": "player",
			"speaker": "Militech Lady",
			"duration": 3,
			"helper": "This action will fire an random subtitle, it act live wait for second",
			"helperTitle": "Dialog : run random subtitle"
			}]
			
		}
		
		],
	"despawn_action":[]
}