{

	"Name":"Dakota",
	"LOC_X":2420,
	"LOC_Y":-795,
	"LOC_Z":0,
	"range":5,
	"Faction":"faction_aldecaldos",
	"Tag": "fixer_dakota",
	"exist":true,
	"npcexist":true,
	"NPCId":"Character.dakota_smith",
	"trigger":{
		"always_enable":{
			"name":"auto"
		}
	},
	"requirement":[["always_enable"]],
	"spawn_action":[
		{
			"name": "wait_second",
		"value": 2
		}, {
			"name": "attitude_entity_against_entity",
		"tag": "fixer_dakota",
		"entity": "player",
		"attitude": "friendly"
		}, {
				"name": "if",
			"trigger": {
				"name": "player_current_gang",
				"value": "faction_aldecaldos"
			},
			"if_action": [{

				"name": "subtitle",
				"title": "Hey There, I have Contracts for you, Interested?",
				"type": 1,
				"target": "player",
				"speaker": "Dakota",
				"duration": 3,
				"helper": "This action will fire an random subtitle, it act live wait for second",
				"helperTitle": "Dialog : run random subtitle"
			}],
			"else_action": [{
				
					"name": "subtitle",
			"title": "Want to help us in our line of work, Merc?",
			"type": 1,
			"target": "player",
			"speaker": "Aldecaldos Fixer",
			"duration": 3,
			"helper": "This action will fire an random subtitle, it act live wait for second",
			"helperTitle": "Dialog : run random subtitle"
			}]
		}
		
		],
	"despawn_action":[]
}