{

	"Name":"Meredith Stout",
	"LOC_X": -1444.649,
	"LOC_Y": -290.132,
	"LOC_Z": 16.106,

	"range":8,
	"Faction":"faction_militech",
	"Tag": "fixer_meredith",
	"exist":false,
	"npcexist":false,
	"NPCId":"Character.Stout",
	"trigger":{
		"always_enable":{
			"name":"auto"
		}
	},
	"requirement":[["always_enable"]],
	"spawn_action":[
		
		{
			"name": "wait_second",
		"value": 2
		}, {
			"name": "attitude_entity_against_entity",
		"tag": "fixer_meredith",
		"entity": "player",
		"attitude": "passive"
		}, {
			"name": "subtitle",
			"title": "Well, well Look at what the dump brought to me. Do these assignments for me.",
			"type": 1,
			"target": "player",
			"speaker": "Meredith Stout",
			"duration": 3,
			"helper": "This action will fire an random subtitle, it act live wait for second",
			"helperTitle": "Dialog : run random subtitle"
		}
		
		],
	"despawn_action":[]
}