{

	"Name":"Sebastian « Padre » Ibarra",
	"LOC_X":-1247.109,
	"LOC_Y":-1004.15215,
	"LOC_Z":16.027,
	"range": 8,
	"Faction":"faction_valentinos",
	"Tag": "fixer_padre",
	"NPCId":"Character.Padre",
	"exist":true,
	"npcexist":false,
	"trigger":{
		"always_enable":{
			"name":"auto"
		}
	},
	"requirement":[["always_enable"]],
	"spawn_action":[
		
		{
			"name": "wait_second",
		"value": 2
		}, {
			"name": "attitude_entity_against_entity",
		"tag": "fixer_padre",
		"entity": "player",
		"attitude": "passive"
		}, {
			"name": "subtitle",
			"title": "V, My friend. I have some jobs for you.",
			"type": 1,
			"target": "player",
			"speaker": "Padre",
			"duration": 3,
			"helper": "This action will fire an random subtitle, it act live wait for second",
			"helperTitle": "Dialog : run random subtitle"
		}
		
		],
	"despawn_action":[]
}