{

	"Name":"Rita Wheeler",
	"LOC_X":-1202,
	"LOC_Y":1562,
	"LOC_Z":20,
	"range":8,
	"Faction":"faction_mox",
	"Tag": "fixer_rita",
	"exist":false,
	"npcexist":true,
	"NPCId":"Character.q000_corpo_mox_bouncer",
	"trigger":{
		"always_enable":{
			"name":"auto"
		}
	},
	"requirement":[["always_enable"]],
	"spawn_action":[
		
		{
			"name": "wait_second",
		"value": 2
		}, {
			"name": "attitude_entity_against_entity",
		"tag": "fixer_rita",
		"entity": "player",
		"attitude": "passive"
		}, {
			"name": "subtitle",
			"title": "Hey, it's you! Wanna give us a hand?",
			"type": 1,
			"target": "player",
			"speaker": "Rita Wheeler",
			"duration": 3,
			"helper": "This action will fire an random subtitle, it act live wait for second",
			"helperTitle": "Dialog : run random subtitle"
		}
		
		],
	"despawn_action":[]
}