{

	"Name":"Nash",
	"LOC_X":2577,
	"LOC_Y":-5,
	"LOC_Z":85,
	"range":15,
	"Faction":"faction_wraith",
	"Tag": "fixer_nash",
	"exist":false,
	"npcexist":false,
	"NPCId":"Character.q103_raffen_nash",
	"trigger":{
		"always_enable":{
			"name":"auto"
		}
	},
	"requirement":[["always_enable"]],
	"spawn_action":[
		
		{
				"name": "wait_second",
		"value": 2
		}, {
			"name": "attitude_entity_against_entity",
		"tag": "fixer_nash",
		"entity": "player",
		"attitude": "passive"
		}, {
			"name": "subtitle",
			"title": "You!. ah , well I could use your help, ironically enough.",
			"type": 1,
			"target": "player",
			"speaker": "Nash",
			"duration": 3,
			"helper": "This action will fire an random subtitle, it act live wait for second",
			"helperTitle": "Dialog : run random subtitle"
		}
		
		],
	"despawn_action":[]
}