{

	"Name":"Wakako Okada",
	"LOC_X":-668,
	"LOC_Y":822,
	"LOC_Z":0,
	"range":5,
	"Faction":"faction_tygerclaws",
	"Tag": "fixer_wakako",
	"NPCId":"Character.wakako_okada",
	"exist":true,
	"npcexist":true,
	"trigger":{
		"always_enable":{
			"name":"auto"
		}
	},
	"requirement":[["always_enable"]],
	"spawn_action":[
		{
			"name": "subtitle",
			"title": "V, what a pleasure. Come see what contracts I have.",
			"type": 1,
			"target": "player",
			"speaker": "Wakako Okada",
			"duration": 3,
			"helper": "This action will fire an random subtitle, it act live wait for second",
			"helperTitle": "Dialog : run random subtitle"
		}
		
		],
	"despawn_action":[]
}