{

	"Name":"Dakota",
	"LOC_X":2420,
	"LOC_Y":-795,
	"LOC_Z":0,
	"range":5,
	"Faction":"faction_aldecaldos",
	"Tag": "fixer_dakota",
	"exist":true,
	"npcexist":true,
	"NPCId":"Character.dakota_smith",
	"trigger":{
		"always_enable":{
			"name":"auto"
		}
	},
	"requirement":[["always_enable"]],
	"spawn_action":[
		{
			"name": "subtitle",
			"title": "V, Would you like to lend us a hand with some contracts?",
			"type": 1,
			"target": "player",
			"speaker": "Dakota",
			"duration": 3,
			"helper": "This action will fire an random subtitle, it act live wait for second",
			"helperTitle": "Dialog : run random subtitle"
		}
		
		],
	"despawn_action":[]
}