{

	"Name":"Delamain",
	"LOC_X":0,
	"LOC_Y":0,
	"LOC_Z":0,
	"range":5,
	"Faction":"faction_delamain",
	"Tag": "fixer_delamain",
	"exist":true,
	"npcexist":true,
	"NPCId":"Character.Delamain",
	"trigger":{
		"always_enable":{
			"name":"auto"
		}
	},
	"requirement":[["always_enable"]],
	"spawn_action":[
		
		{
			"name": "subtitle",
			"title": "Mister V, I got some business for you, look at your journal.",
			"type": 1,
			"target": "player",
			"speaker": "Delamain",
			"duration": 3,
			"helper": "This action will fire an random subtitle, it act live wait for second",
			"helperTitle": "Dialog : run random subtitle"
		}
		
		],
	"despawn_action":[]
}