{

	"Name":"Dino Dinovic",
	"LOC_X":-1967,
	"LOC_Y":378,
	"LOC_Z":0,
	"range":5,
	"Faction":"faction_scavengers",
	"Tag": "fixer_dino",
	"exist":true,
	"npcexist":true,
	"NPCId":"Character.ow_dino_driver",
	"trigger":{
		"always_enable":{
			"name":"auto"
		}
	},
	"requirement":[["always_enable"]],
	"spawn_action":[
		
		{
			"name": "subtitle",
			"title": "Hey, V, got some gigs, if you wanna check em out.",
			"type": 1,
			"target": "player",
			"speaker": "Dino Dinovic",
			"duration": 3,
			"helper": "This action will fire an random subtitle, it act live wait for second",
			"helperTitle": "Dialog : run random subtitle"
		}
		
		],
	"despawn_action":[]
}