{

	"Name":"TraumaTeam Agent",
	"LOC_X": -1334.792,
	"LOC_Y": 1742.348,
	"LOC_Z": 18.190,

	"range":10,
	"Faction":"faction_trauma",
	"Tag": "fixer_traumateam",
	"exist":false,
	"npcexist":false,
	"NPCId":"Character.trauma_team_operator",
	"trigger":{
		"always_enable":{
			"name":"auto"
		}
	},
	"requirement":[["always_enable"]],
	"spawn_action":[
		
		{
			"name": "wait_second",
		"value": 2
		}, {
			"name": "attitude_entity_against_entity",
		"tag": "fixer_traumateam",
		"entity": "player",
		"attitude": "friendly"
		}, {
			"name": "if",
			"trigger": {
				"name": "player_current_gang",
				"value": "faction_trauma"
			},
			"if_action": [{

				"name": "subtitle",
				"title": "Hey, We got some jobs to do, you in?",
				"type": 1,
				"target": "player",
				"speaker": "TT Member",
				"duration": 3,
				"helper": "This action will fire an random subtitle, it act live wait for second",
				"helperTitle": "Dialog : run random subtitle"
			}],
			"else_action": [{
				"name": "subtitle",
				"title": "Merc, we need you for some missions to carry out.",
				"type": 1,
				"target": "player",
				"speaker": "TT Fixer",
				"duration": 3,
				"helper": "This action will fire an random subtitle, it act live wait for second",
				"helperTitle": "Dialog : run random subtitle"
			}]
			
		}
		
		
		],
	"despawn_action":[]
}