{

	"Name":"Muamar « El Captain » Reyes",
	"LOC_X":406,
	"LOC_Y":-2361,
	"LOC_Z":0,
	"range":5,
	"Faction":"faction_sixthstreet",
	"Tag": "fixer_captain",
	"NPCId":"Character.muamar_reyes",
	"exist":true,
	"npcexist":true,
	"trigger":{
		"always_enable":{
			"name":"auto"
		}
	},
	"requirement":[["always_enable"]],
	"spawn_action":[
		
		{
			"name": "subtitle",
			"title": "Hey V!, Check out what I got for ya.",
			"type": 1,
			"target": "player",
			"speaker": "El Captain",
			"duration": 3,
			"helper": "This action will fire an random subtitle, it act live wait for second",
			"helperTitle": "Dialog : run random subtitle"
		}
		
		],
	"despawn_action":[]
}