{

	"Name":"Rogue Amendiares",
	"LOC_X":-1424,
	"LOC_Y":1013,
	"LOC_Z":0,
	"range":5,
	"Faction":"faction_afterlife",
	"Tag": "fixer_rogue",
	"NPCId":"Character.Rogue",
	"exist":true,
	"npcexist":true,
	"trigger":{
		"always_enable":{
			"name":"auto"
		}
	},
	"requirement":[["always_enable"]],
	"spawn_action":[
		
		{
			"name": "wait_second",
		"value": 2
		}, {
			"name": "attitude_entity_against_entity",
		"tag": "fixer_rogue",
		"entity": "player",
		"attitude": "passive"
		}, {
			"name": "subtitle",
			"title": "Wouldn't ya know, I have jobs for you, for once. Check them.",
			"type": 1,
			"target": "player",
			"speaker": "Rogue",
			"duration": 3,
			"helper": "This action will fire an random subtitle, it act live wait for second",
			"helperTitle": "Dialog : run random subtitle"
		}
		
		
		],
	"despawn_action":[]
}