{

	"Name":"Regina Jones",

	"LOC_X":-1142.957,

	"LOC_Y":1558.620,
	"LOC_Z":71.707,
	"range":15,
	"Faction":"faction_ncpd",
	"Tag": "fixer_regina",
	"exist":true,
	"npcexist":true,
	"NPCId":"Character.Reginald",
	"trigger":{
		"always_enable":{
			"name":"auto"
		}
	},
	"requirement":[["always_enable"]],
	"spawn_action":[
		{
			"name": "subtitle",
			"title": "Hey, V, Could use your help with some assignments",
			"type": 1,
			"target": "player",
			"speaker": "Regina Jones",
			"duration": 3,
			"helper": "This action will fire an random subtitle, it act live wait for second",
			"helperTitle": "Dialog : run random subtitle"
		}
		],
	"despawn_action":[]
}