{
	"x": 200,
	"width": 700,
	"title": "Join The Afterlife",
	"heigh": 700,
	"y": 200,
	"controls": [{
		"tag": "line1",
		"requirement": [],
		"style": {
			"fontsize": 40
		},
		"margin": {
			"left": 200
		},
		"trigger": {
			"a": {
				"helperTitle": "Auto",
				"name": "auto",
				"helper": "This trigger will be triggered without need anything (default)"
			}
		},
		"textcolor": {
			"red": 245,
			"opacity": 13,
			"blue": 3,
			"green": 95
		},
		"title": "",
		"value": {
			"type": "text",
			"value": "Help Afterlife Mercs get a better grip on Night City, and help them help you become a Legend. "
		},
		"type": "label",
		"action": [],
		"bgcolor": {
			"red": 217,
			"opacity": 20,
			"blue": 203,
			"green": 21
		},
		"parent": ""
	}, {
		"tag": "line2",
		"requirement": [],
		"style": {
			"fontsize": 40
		},
		"margin": {
			"top": 100,
			"left": 200
		},
		"trigger": {
			"a": {
				"helperTitle": "Auto",
				"name": "auto",
				"helper": "This trigger will be triggered without need anything (default)"
			}
		},
		"textcolor": {
			"red": 245,
			"opacity": 13,
			"blue": 3,
			"green": 95
		},
		"title": "",
		"value": {
			"type": "text",
			"value": "Joining The Afterlife grants the following: "
		},
		"type": "label",
		"action": [],
		"bgcolor": {
			"red": 217,
			"opacity": 20,
			"blue": 203,
			"green": 21
		},
		"parent": ""
	}, {
		"tag": "line3",
		"requirement": [],
		"style": {
			"fontsize": 40
		},
		"margin": {
			"top": 175,
			"left": 200
		},
		"trigger": {
			"a": {
				"helperTitle": "Auto",
				"name": "auto",
				"helper": "This trigger will be triggered without need anything (default)"
			}
		},
		"textcolor": {
			"red": 245,
			"opacity": 13,
			"blue": 3,
			"green": 95
		},
		"title": "",
		"value": {
			"type": "text",
			"value": "-  +20 to Affinity for this gang"
		},
		"type": "label",
		"action": [],
		"bgcolor": {
			"red": 217,
			"opacity": 20,
			"blue": 203,
			"green": 21
		},
		"parent": ""
	}, {
		"tag": "line4",
		"requirement": [],
		"style": {
			"fontsize": 40
		},
		"margin": {
			"top": 225,
			"left": 200
		},
		"trigger": {
			"a": {
				"helperTitle": "Auto",
				"name": "auto",
				"helper": "This trigger will be triggered without need anything (default)"
			}
		},
		"textcolor": {
			"red": 245,
			"opacity": 13,
			"blue": 3,
			"green": 95
		},
		"title": "",
		"value": {
			"type": "text",
			"value": "-  +20 to Current Subdistrict Score the Fixer is in"
		},
		"type": "label",
		"action": [],
		"bgcolor": {
			"red": 217,
			"opacity": 20,
			"blue": 203,
			"green": 21
		},
		"parent": ""
	}, {
		"tag": "line5",
		"requirement": [],
		"style": {
			"fontsize": 40
		},
		"margin": {
			"top": 280,
			"left": 200
		},
		"trigger": {
			"a": {
				"helperTitle": "Auto",
				"name": "auto",
				"helper": "This trigger will be triggered without need anything (default)"
			}
		},
		"textcolor": {
			"red": 245,
			"opacity": 13,
			"blue": 3,
			"green": 95
		},
		"title": "",
		"value": {
			"type": "text",
			"value": "- A large sum of negative affinity will be applied to the Rival of this gang"
		},
		"type": "label",
		"action": [],
		"bgcolor": {
			"red": 217,
			"opacity": 20,
			"blue": 203,
			"green": 21
		},
		"parent": ""
	}, {
		"tag": "line6",
		"requirement": [],
		"style": {
			"fontsize": 40
		},
		"margin": {
			"top": 330,
			"left": 200
		},
		"trigger": {
			"a": {
				"helperTitle": "Auto",
				"name": "auto",
				"helper": "This trigger will be triggered without need anything (default)"
			}
		},
		"textcolor": {
			"red": 245,
			"opacity": 13,
			"blue": 3,
			"green": 95
		},
		"title": "",
		"value": {
			"type": "text",
			"value": "-  Gang-Inspired Set of Clothing"
		},
		"type": "label",
		"action": [],
		"bgcolor": {
			"red": 217,
			"opacity": 20,
			"blue": 203,
			"green": 21
		},
		"parent": ""
	}, {
		"tweak": "",
		"tag": "joinmox",
		"requirement": [
			["aaa"]
		],
		"parent": "",
		"margin": {
			"right": 415,
			"left": 842,
			"top": 590
		},
		"trigger": {
			"aaa": {
				"helperTitle": "Auto",
				"name": "auto",
				"helper": "This trigger will be triggered without need anything (default)"
			}
		},
		"textcolor": {
			"red": 300,
			"opacity": 5,
			"blue": 0,
			"green": 0
		},
		"title": "Join the Afterlife",
		"value": {
			"type": ""
		},
		"type": "button",
		"action": [{

			"name": "set_player_current_gang",
			"tag": "faction_afterlife"
		}, {
			"help": "Wait x second",
			"name": "wait_second",
			"value": 2
		}, {
			"name": "close_interface"
		}, {
			"help": "Wait x second",
			"name": "wait_second",
			"value": 2
		}, {
			"name": "wait_for_trigger",
			"trigger": {
				"name": "player_current_gang",
				"value": "faction_afterlife"
			}



		}, {
			"score": 20,
			"name": "gang_affinity",
			"value": "faction_afterlife"
		}, {
			"score": -10,
			"name": "gang_affinity",
			"value": "faction_tygerclaws"
		}, {
			"score": -10,
			"name": "gang_affinity",
			"value": "faction_scavengers"
		}, {
			"score": -20,
			"name": "gang_affinity",
			"value": "faction_kangtao"
		}, {
			"score": -20,
			"name": "gang_affinity",
			"value": "faction_militech"
		}, {
			"score": -30,
			"name": "gang_affinity",
			"value": "faction_arasaka"
		}, {
			"score": -2,
			"name": "gang_affinity",
			"value": "faction_ncpd"
		}, {
			"score": -25,
			"name": "gang_affinity",
			"value": "faction_maelstrom"
		}, {
			"value": 20,
			"district": "district_watson",
			"name": "add_gang_district_score",
			"faction": "faction_afterlife"
		}, {
			"value": 20,
			"name": "add_gang_currentsubdistrict_score",
			"faction": "faction_afterlife"


		}, {
			"name": "if",
			"trigger": {
				"name": "player_gender",
				"value": "male"
			},

			"if_action": [{
				"amount": 1,
				"name": "give_item",
				"value": "Items.Cap_01_basic_02"
			}, {
				"amount": 1,
				"name": "give_item",
				"value": "Items.Mask_02_old_01"
			}, {
				"amount": 1,
				"name": "give_item",
				"value": "Items.Tech_01_rich_02"
			}, {
				"amount": 1,
				"name": "give_item",
				"value": "Items.Jacket_17_basic_04"
			}, {
				"amount": 1,
				"name": "give_item",
				"value": "Items.Shirt_02_basic_04"
			}, {
				"amount": 1,
				"name": "give_item",
				"value": "Items.Corporate_01_Set_Pants"
			}],

			"else_action": [{
				"name": "if",
				"trigger": {
					"name": "player_gender",
					"value": "female"
				},

				"if_action": [{

					"name": "give_item",
					"amount": 1,
					"value": "Items.Scarf_03_rich_01"
				}, {
					"name": "give_item",
					"amount": 1,
					"value": "Items.Mask_02_old_01"
				}, {
					"name": "give_item",
					"amount": 1,
					"value": "Items.Tech_01_rich_02"

				}, {
					"name": "give_item",
					"amount": 1,
					"value": "Items.Jacket_17_rich_01"
				}, {
					"name": "give_item",
					"amount": 1,
					"value": "Items.Shirt_02_old_02"
				}, {
					"name": "give_item",
					"amount": 1,
					"value": "Items.Solo_01_Set_Pants"
				}],
				"else_action": [{

				}]

			}]
		}, {
			"name": "do_event",
			"value": "GNC_reaction_system"
			}, {
		"name": "do_function",
		"value": "GNC_Affinity_Edit"
		}],
		"bgcolor": {
			"red": 0,
			"opacity": 0,
			"blue": 0,
			"green": 0
		},
		"style": {
			"fontsize": 30,
			"width": 400,
			"height": 300
		}
	}],
	"values": [],
	"tag": "afterlife_ui"
}