{
  "title": "Keystone Datapack Detail",
  "tag": "keystone_datapack_detail",
  "onload_action": [
		{
			"name": "set_variable",
			"variable": "keystone_ui_loading",
			"key": "visible",
			"value": "false"
		},
		{
			"name": "set_variable",
			"variable": "keystone_ui_root",
			"key": "visible",
			"value": "true"
		}
  	
  	],
  "controls": [
	 
	  {
      "type": "area",
      "tag": "rootarea",
      "rotation": 0,
      "anchor": 0,
      "opacity": 1,
	  "textcolor": {
        "red": 46,
        "blue": 209,
        "green": 209
      },
      "fittocontent": true,
	 
      "trigger": {
        "auto": {
          "name": "auto"
        }
      },
      "margin": {
        "left": 0,
        "top": 0
      },
      "size": {
        "width": 100,
        "height": 100
      },
      "scale": {
        "width": 1,
        "height": 1
      },
      "requirement": [
        [
          "auto"
        ]
      ]
    },
	
	

    {
      "type": "area",
      "tag": "scontainer",
	"parent": "rootarea",
      "rotation": 0,
      "anchor": 15,
      "opacity": 1,
	  "visible":true,
      "fittocontent": false,
	  "context": [
        {
          "trigger": {
            "auto": {
              "name": "nothing"
            }
          },
          "requirement": [
            [
              "auto"
            ]
          ],
          "prop": {
            "visible": {
              "text": "##loadingmsg",
              "type":"boolean",
              "values": {
                "loadingmsg": {
                  "type": "variable",
                  "variable": "keystone_ui_root",
                  "key": "visible"
                }
              }
            }
          }
        }
      ],
      "trigger": {
        "auto": {
          "name": "auto"
        }
      },
      "margin": {
        "left": 0,
        "top": 0
      },
      "size": {
        "width": 3150,
        "height": 1250
      },
      "scale": {
        "width": 1,
        "height": 1
      },
      "requirement": [
        [
          "auto"
        ]
      ]
    },
	
	 {
      "type": "rectangle",
      "tag": "title_background",
      "fittocontent": false,
      "anchor": 0,
      "opacity": 0.2,
	  "visible":true,
      "parent": "scontainer",
      "trigger": {
        "auto": {
          "name": "auto"
        }
      },
      "margin": {
        "top": 100,
        "left": 0
      },
      "textcolor": {
        "red": 46,
        "blue": 209,
        "green": 209
      },
      "size": {
        "width": 3150,
        "height": 150
      },
      "scale": {
        "width": 1,
        "height": 1
      },
      "requirement": [
        [
          "auto"
        ]
      ]
    },
	
	
    {
      "type": "area",
      "tag": "title_area",
      "parent": "scontainer",
      "rotation": 0,
      "anchor": 15,
      "opacity": 1,
	  "visible":true,
      "fittocontent": false,
      "trigger": {
        "auto": {
          "name": "auto"
        }
      },
      "margin": {
        "left": 0,
        "top": 0
      },
      "size": {
        "width": 3150,
        "height": 200
      },
      "scale": {
        "width": 1,
        "height": 1
      },
      "requirement": [
        [
          "auto"
        ]
      ]
    },
    {
      "type": "rectangle",
      "tag": "title_background",
      "fittocontent": false,
      "anchor": 0,
      "opacity": 0.2,
	  "visible":true,
      "parent": "title_area",
      "trigger": {
        "auto": {
          "name": "auto"
        }
      },
      "margin": {
        "top": 100,
        "left": 0
      },
      "textcolor": {
        "red": 46,
        "blue": 209,
        "green": 209
      },
      "size": {
        "width": 3150,
        "height": 150
      },
      "scale": {
        "width": 1,
        "height": 1
      },
      "requirement": [
        [
          "auto"
        ]
      ]
    },
    {
      "type": "label",
      "tag": "datapack_name",
      "rotation": 0,
      "anchor": 1,
      "fittocontent": false,
      "opacity": 1,
	  
	  "visible":true,
      "parent": "title_area",
      "context": [
        {
          "trigger": {
            "auto": {
              "name": "auto"
            }
          },
          "requirement": [
            [
              "auto"
            ]
          ],
          "prop": {
            "text": {
              "text": "##loadingmsg",
              "values": {
                "loadingmsg": {
                  "type": "variable",
                  "variable": "Keystone_currentSelectedDatapack",
                  "key": "name"
                }
              }
            }
          }
        }
      ],
      "trigger": {
        "auto": {
          "name": "auto"
        }
      },
      "margin": {
        "left": 0,
        "top": 75
      },
      "style": {
        "fontsize": 100
      },
      "textcolor": {
        "red": 255,
        "blue": 255,
        "green": 255
      },
      "size": {
        "width": 100,
        "height": 200
      },
      "scale": {
        "width": 1,
        "height": 1
      },
      "requirement": [
        [
          "auto"
        ]
      ],
      "text": "Loading..."
    },
    {
      "type": "area",
      "tag": "desc_area",
      "parent": "scontainer",
      "rotation": 0,
      "anchor": 15,
      "opacity": 1,
      "fittocontent": false,
      "trigger": {
        "auto": {
          "name": "auto"
        }
      },
      "margin": {
        "left": 0,
        "top": 150
      },
      "size": {
        "width": 2000,
        "height": 1100
      },
      "scale": {
        "width": 1,
        "height": 1
      },
      "requirement": [
        [
          "auto"
        ]
      ]
    },
    {
      "type": "rectangle",
      "tag": "desc_bkgr_border",
      "fittocontent": false,
      "anchor": 0,
      "opacity": 0.5,
      "parent": "desc_area",
      "trigger": {
        "auto": {
          "name": "auto"
        }
      },
      "margin": {
        "top": 100,
        "left": 0
      },
      "textcolor": {
        "red": 46,
        "blue": 209,
        "green": 209
      },
      "size": {
        "width": 2000,
        "height": 1100
      },
      "scale": {
        "width": 1,
        "height": 1
      },
      "requirement": [
        [
          "auto"
        ]
      ]
    },
    {
      "type": "rectangle",
      "tag": "desc_bkgr",
      
      "fittocontent": false,
      "anchor": 0,
      "opacity": 1,
      "parent": "desc_area",
      "trigger": {
        "auto": {
          "name": "auto"
        }
      },
      "margin": {
        "top": 100,
        "left": 0
      },
      "textcolor": {
        "red": 0,
        "blue": 0,
        "green": 0
      },
      "size": {
        "width": 2000,
        "height": 1100
      },
      "scale": {
        "width": 0.99,
        "height": 0.99
      },
      "requirement": [
        [
          "auto"
        ]
      ]
    },
    {
      "type": "label",
      "tag": "datapack_desc",
      "rotation": 0,
      "anchor": 0,
      "fittocontent": true,
      "opacity": 1,
      "horizontalalign": 0,
      "parent": "desc_area",
      "context": [
        {
          "trigger": {
            "auto": {
              "name": "auto"
            }
          },
          "requirement": [
            [
              "auto"
            ]
          ],
          "prop": {
            "text": {
              "text": "##loadingmsg",
              "values": {
                "loadingmsg": {
                  "type": "variable",
                  "variable": "Keystone_currentSelectedDatapack",
                  "key": "desc"
                }
              }
            }
          }
        }
      ],
      "trigger": {
        "auto": {
          "name": "auto"
        }
      },
      "margin": {
        "left": 50,
        "top": 100
      },
      "style": {
        "fontsize": 50
      },
      "textcolor": {
        "red": 255,
        "blue": 255,
        "green": 255
      },
      "size": {
        "width": 500,
        "height": 50
      },
      "scale": {
        "width": 1,
        "height": 1
      },
      "requirement": [
        [
          "auto"
        ]
      ],
      "text": "Lorem ipsum dolor sit amet, consectetur adipiscing elit. Pellentesque fermentum tincidunt ante, id sagittis"
    },
    {
      "type": "area",
      "tag": "action_area",
      "parent": "scontainer",
      "rotation": 0,
      "anchor": 2,
      "opacity": 1,
      "fittocontent": false,
      "trigger": {
        "auto": {
          "name": "auto"
        }
      },
      "margin": {
        "right": 1150,
        "top": 150
      },
      "size": {
        "width": 1150,
        "height": 1100
      },
      "scale": {
        "width": 1,
        "height": 1
      },
      "requirement": [
        [
          "auto"
        ]
      ]
    },
    {
      "type": "rectangle",
      "tag": "action_bkgr_border",
      "fittocontent": false,
      "anchor": 0,
      "opacity": 0.1,
      "parent": "action_area",
      "trigger": {
        "auto": {
          "name": "auto"
        }
      },
      "margin": {
        "top": 100
      },
      "textcolor": {
        "red": 0,
        "blue": 209,
        "green": 209
      },
      "size": {
        "width": 1150,
        "height": 1100
      },
      "scale": {
        "width": 1,
        "height": 1
      },
      "requirement": [
        [
          "auto"
        ]
      ]
    },
    {
      "type": "rectangle",
      "tag": "action_bkgr_border_info",
      "fittocontent": false,
      "anchor": 0,
      "opacity": 0.5,
      "parent": "action_area",
      "trigger": {
        "auto": {
          "name": "auto"
        }
      },
      "margin": {
        "top": 100
      },
      "textcolor": {
        "red": 0,
        "blue": 0,
        "green": 0
      },
      "size": {
        "width": 1150,
        "height": 500
      },
      "scale": {
        "width": 0.97,
        "height": 0.97
      },
      "requirement": [
        [
          "auto"
        ]
      ]
    },
    {
      "type": "vertical_area",
      "tag": "action_vertical",
      "fittocontent": false,
      "anchor": 0,
      "opacity": 1,
      "parent": "action_area",
      "trigger": {
        "auto": {
          "name": "auto"
        }
      },
      "margin": {
        "top": 100
      },
      "textcolor": {
        "red": 0,
        "blue": 209,
        "green": 209
      },
      "size": {
        "width": 1150,
        "height": 1100
      },
      "scale": {
        "width": 1,
        "height": 1
      },
      "requirement": [
        [
          "auto"
        ]
      ]
    },
    {
      "type": "vertical_area",
      "tag": "action_vertical_info",
      "fittocontent": false,
      "anchor": 0,
      "opacity": 1,
      "parent": "action_vertical",
      "trigger": {
        "auto": {
          "name": "auto"
        }
      },
      "margin": {
        "top": 100,
        "right": 0
      },
      "textcolor": {
        "red": 0,
        "blue": 209,
        "green": 209
      },
      "size": {
        "width": 1150,
        "height": 500
      },
      "scale": {
        "width": 1,
        "height": 1
      },
      "requirement": [
        [
          "auto"
        ]
      ]
    },
    {
      "type": "vertical_area",
      "tag": "action_vertical_action",
      "fittocontent": false,
      "anchor": 0,
      "opacity": 1,
      "parent": "action_vertical",
      "trigger": {
        "auto": {
          "name": "auto"
        }
      },
      "margin": {
        "top": 0,
        "right": 0
      },
      "textcolor": {
        "red": 0,
        "blue": 209,
        "green": 209
      },
      "size": {
        "width": 1150,
        "height": 500
      },
      "scale": {
        "width": 1,
        "height": 1
      },
      "requirement": [
        [
          "auto"
        ]
      ]
    },
    {
      "type": "label",
      "tag": "info_author",
      "rotation": 0,
      "anchor": 15,
      "fittocontent": false,
      "opacity": 1,
      "parent": "action_vertical_info",
      "context": [
        {
          "trigger": {
            "auto": {
              "name": "auto"
            }
          },
          "requirement": [
            [
              "auto"
            ]
          ],
          "prop": {
            "text": {
              "text": "Author : ##loadingmsg",
              "values": {
                "loadingmsg": {
                  "type": "variable",
                  "variable": "Keystone_currentSelectedDatapack",
                  "key": "author"
                }
              }
            }
          }
        }
      ],
      "trigger": {
        "auto": {
          "name": "auto"
        }
      },
      "margin": {
        "left": 0,
        "top": 0
      },
      "style": {
        "fontsize": 30
      },
      "textcolor": {
        "red": 255,
        "blue": 255,
        "green": 255
      },
      "size": {
        "width": 100,
        "height": 30
      },
      "scale": {
        "width": 1,
        "height": 1
      },
      "requirement": [
        [
          "auto"
        ]
      ],
      "text": "Loading..."
    },
    {
      "type": "label",
      "tag": "info_serverversion",
      "rotation": 0,
      "anchor": 15,
      "fittocontent": false,
      "opacity": 1,
      "parent": "action_vertical_info",
      "context": [
        {
          "trigger": {
            "auto": {
              "name": "auto"
            }
          },
          "requirement": [
            [
              "auto"
            ]
          ],
          "prop": {
            "text": {
              "text": "Server Version : ##loadingmsg",
              "values": {
                "loadingmsg": {
                  "type": "variable",
                  "variable": "Keystone_currentSelectedDatapack",
                  "key": "serverversion"
                }
              }
            }
          }
        }
      ],
      "trigger": {
        "auto": {
          "name": "auto"
        }
      },
      "margin": {
        "left": 0,
        "top": 0
      },
      "style": {
        "fontsize": 30
      },
      "textcolor": {
        "red": 255,
        "blue": 255,
        "green": 255
      },
      "size": {
        "width": 100,
        "height": 30
      },
      "scale": {
        "width": 1,
        "height": 1
      },
      "requirement": [
        [
          "auto"
        ]
      ],
      "text": "Loading..."
    },
    {
      "type": "label",
      "tag": "info_localversion",
      "rotation": 0,
      "anchor": 15,
      "fittocontent": false,
      "opacity": 1,
      "parent": "action_vertical_info",
      "context": [
        {
          "trigger": {
            "auto": {
              "name": "auto"
            }
          },
          "requirement": [
            [
              "auto"
            ]
          ],
          "prop": {
            "text": {
              "text": "Local Version : ##loadingmsg",
              "values": {
                "loadingmsg": {
                  "type": "variable",
                  "variable": "Keystone_currentSelectedDatapack",
                  "key": "localversion"
                }
              }
            }
          }
        }
      ],
      "trigger": {
        "auto": {
          "name": "auto"
        }
      },
      "margin": {
        "left": 0,
        "top": 0
      },
      "style": {
        "fontsize": 30
      },
      "textcolor": {
        "red": 255,
        "blue": 255,
        "green": 255
      },
      "size": {
        "width": 100,
        "height": 30
      },
      "scale": {
        "width": 1,
        "height": 1
      },
      "requirement": [
        [
          "auto"
        ]
      ],
      "text": "Loading..."
    },
    {
      "type": "button",
      "title": "Download ",
      "tag": "action_ddl",
      "rotation": 0,
      "anchor": 15,
      "fittocontent": false,
      "opacity": 1,
      "parent": "action_vertical_action",
      "style": {
        "fontsize": 35
      },
      "size": {
        "width": 100,
        "height": 100
      },
      "margin": {
        "top": 0,
        "left": 0
      },
      "trigger": {
        "money": {
          "name": "check_variable",
          "variable": "Keystone_currentSelectedDatapack",
          "key": "isdownloaded",
          "value": "false",
          "operator": "=",
          "helper": "This trigger will be triggered when the value of the key of custom variable is the same that trigger value. Operator can be \u003d, !\u003d, contains, empty, notempty",
          "helperTitle": "Score : Custom Variable"
        },
		 "money2": {
          "name": "check_variable",
          "variable": "Keystone_currentSelectedDatapack",
          "key": "canbedownload",
          "value": "true",
          "operator": "=",
          "helper": "This trigger will be triggered when the value of the key of custom variable is the same that trigger value. Operator can be \u003d, !\u003d, contains, empty, notempty",
          "helperTitle": "Score : Custom Variable"
        }
      },
      "requirement": [
        [
          "money","money2"
        ]
      ],
      "action": [
      	{
			"name": "set_variable",
			"variable": "keystone_ui_loading",
			"key": "visible",
			"value": "true"
		},
		{
					"name": "do_function",
					"value": "keystone_spinner",
					"parallele": true
		},
		{
			"name": "set_variable",
			"variable": "keystone_ui_root",
			"key": "visible",
			"value": "false"
		},
        {
          "name": "download_datapack",
          "tag": "placeholder",
          "value":"zip",
          "context": [
            {
              "trigger": {
                "auto": {
                  "name": "auto"
                }
              },
              "requirement": [
                [
                  "auto"
                ]
              ],
              "prop": {
                "tag": {
                  "text": "##loadingmsg",
                  "values": {
                    "loadingmsg": {
                      "type": "variable",
                      "variable": "Keystone_currentSelectedDatapack",
                      "key": "tag"
                    }
                  }
                },
                "value":
                 {
                  "text": "##loadingmsg",
                  "values": {
                    "loadingmsg": {
                      "type": "variable",
                      "variable": "Keystone_currentSelectedDatapack",
                      "key": "file"
                    }
                  }
                }
              }
            }
          ],
          "helper": "This action will close the current interface",
          "helperTitle": "Interface : Close custom interface"
        },
        {
          "name": "wait_for_framework"
        },
        {
        	"name":"wait_second",
        	"value":3
        },
        {
			"name": "check_datapack_cache"
        },
		{
          "name": "refresh_datapack_cache"
        },
		{
          "name":"wait_second",
          "value":1
          
        },
        {
          "name": "set_selected_keystone_datapack",
          "value": "default",
          "context": [
            {
              "trigger": {
                "auto": {
                  "name": "auto"
                }
              },
              "requirement": [
                [
                  "auto"
                ]
              ],
              "prop": {
                "value": {
                  "text": "##loadingmsg",
                  "values": {
                    "loadingmsg": {
                      "type": "variable",
                      "variable": "Keystone_currentSelectedDatapack",
                      "key": "tag"
                    }
                  }
                }
              }
            }
          ]
        },
	
        {
          "name": "refreshBrowser",
          "address": "CyberScript",
          "subaddress": "datapack_detail",
          "helper": "This action will fire an function",
          "helperTitle": "Function : Do an function"
        }
      ]
    },
    {
      "type": "button",
      "title": "Update",
      "tag": "action_update",
      "rotation": 0,
      "anchor": 15,
      "fittocontent": false,
      "opacity": 1,
      "parent": "action_vertical_action",
      "style": {
        "fontsize": 35
      },
      "size": {
        "width": 100,
        "height": 100
      },
      "margin": {
        "top": 0,
        "left": 0
      },
      "trigger": {
        "money": {
          "name": "check_variable",
          "variable": "Keystone_currentSelectedDatapack",
          "key": "needupdate",
          "value": "true",
          "operator": "=",
          "helper": "This trigger will be triggered when the value of the key of custom variable is the same that trigger value. Operator can be \u003d, !\u003d, contains, empty, notempty",
          "helperTitle": "Score : Custom Variable"
        },
        "money2": {
          "name": "check_variable",
          "variable": "Keystone_currentSelectedDatapack",
          "key": "isdownloaded",
          "value": "true",
          "operator": "=",
          "helper": "This trigger will be triggered when the value of the key of custom variable is the same that trigger value. Operator can be \u003d, !\u003d, contains, empty, notempty",
          "helperTitle": "Score : Custom Variable"
        }
      
      },
      "requirement": [
        [
          "money","money2"
        ]
      ],
      "action": [
		{
			"name": "set_variable",
			"variable": "keystone_ui_loading",
			"key": "visible",
			"value": "true"
		},
		{
					"name": "do_function",
					"value": "keystone_spinner",
					"parallele": true
		},
		{
			"name": "set_variable",
			"variable": "keystone_ui_root",
			"key": "visible",
			"value": "false"
		},
        {
          "name": "update_datapack",
          "tag": "placeholder",
          "value":"zip",
          "context": [
            {
              "trigger": {
                "auto": {
                  "name": "auto"
                }
              },
              "requirement": [
                [
                  "auto"
                ]
              ],
              "prop": {
                "tag": {
                  "text": "##loadingmsg",
                  "values": {
                    "loadingmsg": {
                      "type": "variable",
                      "variable": "Keystone_currentSelectedDatapack",
                      "key": "tag"
                    }
                  }
                },
                "value": {
                  "text": "##loadingmsg",
                  "values": {
                    "loadingmsg": {
                      "type": "variable",
                      "variable": "Keystone_currentSelectedDatapack",
                      "key": "file"
                    }
                  }
                }
              }
            }
          ],
          "helper": "This action will close the current interface",
          "helperTitle": "Interface : Close custom interface"
        },
        {
          "name": "wait_for_framework"
        },
        {
          "name":"wait_second",
          "value":1
          
        },
		{
			"name": "check_datapack_cache"
        },
		{
          "name": "refresh_datapack_cache"
        },
		{
          "name":"wait_second",
          "value":1
          
        },
        {
          "name": "set_selected_keystone_datapack",
          "value": "default",
          "context": [
            {
              "trigger": {
                "auto": {
                  "name": "auto"
                }
              },
              "requirement": [
                [
                  "auto"
                ]
              ],
              "prop": {
                "value": {
                  "text": "##loadingmsg",
                  "values": {
                    "loadingmsg": {
                      "type": "variable",
                      "variable": "Keystone_currentSelectedDatapack",
                      "key": "tag"
                    }
                  }
                }
              }
            }
          ]
        },
        {
          "name": "refreshBrowser",
          "address": "CyberScript",
          "subaddress": "datapack_detail",
          "helper": "This action will fire an function",
          "helperTitle": "Function : Do an function"
        }
      ]
    },
    {
      "type": "button",
      "title": "Delete",
      "tag": "action_delete",
      "rotation": 0,
      "anchor": 15,
      "fittocontent": false,
      "opacity": 1,
      "parent": "action_vertical_action",
      "style": {
        "fontsize": 35
      },
      "size": {
        "width": 100,
        "height": 100
      },
      "margin": {
        "top": 0,
        "left": 0
      },
      "trigger": {
        "isdownloaded": {
          "name": "check_variable",
          "variable": "Keystone_currentSelectedDatapack",
          "key": "isdownloaded",
          "value": "true",
          "operator": "contains",
          "helper": "This trigger will be triggered when the value of the key of custom variable is the same that trigger value. Operator can be \u003d, !\u003d, contains, empty, notempty",
          "helperTitle": "Score : Custom Variable"
        },
		 "isessential": {
          "name": "check_variable",
          "variable": "Keystone_currentSelectedDatapack",
          "key": "isessential",
          "value": "false",
          "operator": "contains",
          "helper": "This trigger will be triggered when the value of the key of custom variable is the same that trigger value. Operator can be \u003d, !\u003d, contains, empty, notempty",
          "helperTitle": "Score : Custom Variable"
        },
      },
      "requirement": [
        [
          "isdownloaded","isessential"
        ]
      ],
      "action": [
		{
			"name": "set_variable",
			"variable": "keystone_ui_loading",
			"key": "visible",
			"value": "true"
		},
		{
					"name": "do_function",
					"value": "keystone_spinner",
					"parallele": true
		},
		{
			"name": "set_variable",
			"variable": "keystone_ui_root",
			"key": "visible",
			"value": "false"
		},
        {
          "name": "delete_datapack",
          "tag": "placeholder",
          "context": [
            {
              "trigger": {
                "auto": {
                  "name": "auto"
                }
              },
              "requirement": [
                [
                  "auto"
                ]
              ],
              "prop": {
                "tag": {
                  "text": "##loadingmsg",
                  "values": {
                    "loadingmsg": {
                      "type": "variable",
                      "variable": "Keystone_currentSelectedDatapack",
                      "key": "tag"
                    }
                  }
                }
              }
            }
          ],
          "helper": "This action will close the current interface",
          "helperTitle": "Interface : Close custom interface"
        },
        {
          "name": "wait_for_framework"
        },
		
        {
        	"name":"wait_second",
        	"value":1
        	
        },
		{
			"name": "check_datapack_cache"
        },
		{
          "name": "refresh_datapack_cache"
        },
		{
          "name":"wait_second",
          "value":1
          
        },
        {
          "name": "set_selected_keystone_datapack",
          "value": "default",
          
          "context": [
            {
              "trigger": {
                "auto": {
                  "name": "auto"
                }
              },
              "requirement": [
                [
                  "auto"
                ]
              ],
              "prop": {
                "value": {
                  "text": "##loadingmsg",
                  "values": {
                    "loadingmsg": {
                      "type": "variable",
                      "variable": "Keystone_currentSelectedDatapack",
                      "key": "tag"
                    }
                  }
                }
              }
            }
          ]
        },
        {
          "name": "refreshBrowser",
          "address": "CyberScript",
          "subaddress": "datapack_detail",
          "helper": "This action will fire an function",
          "helperTitle": "Function : Do an function"
        }
      ]
    },
	
	{
	  "type": "button",
      "title": "Back",
      "tag": "action_back",
      "rotation": 0,
      "anchor": 4,
      "fittocontent": false,
      "opacity": 1,
      "parent": "title_area",
      "style": {
        "fontsize": 35
      },
      "size": {
        "width": 200,
        "height": 100
      },
      "margin": {
        "top": 175,
        "left": 3000
      },
      "trigger": {
        "auto": {
          "name": "auto"
        }
      
      },
      "requirement": [
        [
          "auto"
        ]
      ],
      "action": [
		
        {
          "name": "refreshBrowser",
          "address": "CyberScript",
          "subaddress": "previous",
          "helper": "This action will fire an function",
          "helperTitle": "Function : Do an function"
        }
		
		
      ]
    },
	
	{
		"type": "button",
      "title": "Refresh",
      "tag": "action_back",
      "rotation": 0,
      "anchor": 4,
      "fittocontent": false,
      "opacity": 1,
      "parent": "title_area",
      "style": {
        "fontsize": 35
      },
      "size": {
        "width": 200,
        "height": 100
      },
      "margin": {
        "top": 175,
        "left": 2700
      },
      "trigger": {
        "auto": {
          "name": "auto"
        }
      
      },
      "requirement": [
        [
          "auto"
        ]
      ],
      "action": [
	  {
			"name": "set_variable",
			"variable": "keystone_ui_loading",
			"key": "visible",
			"value": "true"
		},
		{
					"name": "do_function",
					"value": "keystone_spinner",
					"parallele": true
		},
		{
			"name": "set_variable",
			"variable": "keystone_ui_root",
			"key": "visible",
			"value": "false"
		},
		{
          "name": "fetch_data"
        },
		{
          "name": "wait_for_framework"
        },
		{
          "name": "wait_second",
		  "value":2
        },
		{
          "name": "refreshBrowser",
          "address": "CyberScript",
          "subaddress": "datapack_detail",
          "helper": "This action will fire an function",
          "helperTitle": "Function : Do an function"
        }
		
		
      ]
    },
	
	
    {
      "type": "rectangle",
      "tag": "desc_bkgr2",
      "parent":"rootarea",
      "fittocontent": false,
      "anchor": 0,
      "opacity": 1,
      
            "context": [
        {
          "trigger": {
            "auto": {
              "name": "auto"
            }
          },
          "requirement": [
            [
              "auto"
            ]
          ],
          "prop": {
            "visible": {
              "text": "##loadingmsg",
              "type":"boolean",
              "values": {
                "loadingmsg": {
                  "type": "variable",
                  "variable": "keystone_ui_loading",
                  "key": "visible"
                }
              }
            }
          }
        }
      ],
      "trigger": {
        "auto": {
          "name": "auto"
        }
      },
      "margin": {
        "top": 100,
        "left": 0
      },
      "textcolor": {
        "red": 46,
        "blue": 209,
        "green": 209
      },
      "size": {
        "width": 3150,
        "height": 1100
      },
      "scale": {
        "width": 0.99,
        "height": 0.99
      },
      "requirement": [
        [
          "auto"
        ]
      ]
    },
	{
      "type": "label",
      "tag": "datapack_desc2",
      "rotation": 0,
      "anchor": 4,
      "parent":"rootarea",
      "fittocontent": true,
      "opacity": 1,
      "horizontalalign": 0,
      
      "context": [
        {
          "trigger": {
            "auto": {
              "name": "auto"
            }
          },
          "requirement": [
            [
              "auto"
            ]
          ],
          "prop": {
            "visible": {
              "text": "##loadingmsg",
              "type":"boolean",
              "values": {
                "loadingmsg": {
                  "type": "variable",
                  "variable": "keystone_ui_loading",
                  "key": "visible"
                }
              }
            }
			
          }
        }
      ],
      "trigger": {
        "auto": {
          "name": "auto"
        }
      },
      "margin": {
        "left": 0,
        "top": 100
      },
      "style": {
        "fontsize": 100
      },
      "textcolor": {
        "red": 255,
        "blue": 255,
        "green": 255
      },
      "size": {
        "width": 500,
        "height": 50
      },
      "scale": {
        "width": 1,
        "height": 1
      },
      "requirement": [
        [
          "auto"
        ]
      ],
      "text": "Loading.."
      },
	  
	   {
      "type": "label",
      "tag": "datapack_spinner",
      "rotation": 0,
      "anchor": 4,
      "parent":"rootarea",
      "fittocontent": true,
      "opacity": 1,
      "horizontalalign": 0,
      
      "context": [
        {
          "trigger": {
            "auto": {
              "name": "auto"
            }
          },
          "requirement": [
            [
              "auto"
            ]
          ],
          "prop": {
            "visible": {
              "text": "##loadingmsg",
              "type":"boolean",
              "values": {
                "loadingmsg": {
                  "type": "variable",
                  "variable": "keystone_ui_loading",
                  "key": "visible"
                }
              }
            },
			 "text": {
              "text": "##loadingmsg",
              
              "values": {
                "loadingmsg": {
                  "type": "variable",
                  "variable": "keystone",
                  "key": "spinner"
                }
              }
            }
          }
        }
      ],
      "trigger": {
        "auto": {
          "name": "auto"
        }
      },
      "margin": {
        "left": 0,
        "top": 200
      },
      "style": {
        "fontsize": 100
      },
      "textcolor": {
        "red": 255,
        "blue": 255,
        "green": 255
      },
      "size": {
        "width": 500,
        "height": 50
      },
      "scale": {
        "width": 1,
        "height": 1
      },
      "requirement": [
        [
          "auto"
        ]
      ],
      "text": "Loading.."
      },
  ]
}