{
	"title": "Keystone Loading",
	"tag": "Keystone_Load",


	"onload_action": [{
			"name": "set_variable",
			"variable": "keystone",
			"key": "loading",
			"value": "Fetching Data...(0%)"
		},
		{
			"name": "set_variable",
			"variable": "keystone_ui_loading",
			"key": "visible",
			"value": "false"
		},
		{
			"name": "set_variable",
			"variable": "keystone",
			"key": "loadinganim",
			"value": ""
		},
		{
			"name": "if",
			"trigger": {
				"name": "player_is_connected"
			},
			"if_action": [
				{
					"name": "set_variable",
					"variable": "keystone",
					"key": "loading",
					"value": "Fetching Data...(0%%)"
				},
				{
					"name": "do_function",
					"value": "keystone_loading_anim",
					"parallele": true
				},
				{
					"name": "wait_second",
					"value": 2
				},
				

				{
					"name": "fetch_data"
				},

				{
					"name": "wait_for_framework"
				},
				{
					"name": "wait_second",
					"value": 1
				},
				
				{
					"name": "wait_second",
					"value": 1
				},
				{
					"name": "set_variable",
					"variable": "keystone",
					"key": "loading",
					"value": "Welcome to CyberScript Network"
				},
				{
					"name": "set_variable",
					"variable": "keystone",
					"key": "loadinganim",
					"value": ""
				},
				{
					"name": "set_score",
					"score": "keystone",
					"key": "loadinganim_width",
					"value": 0
				},				
				{
					"name": "set_variable",
					"variable": "keystone",
					"key": "iceprotocolanim",
					"value": ""
				},			
				{
					"name": "wait_second",
					"value": 1
				},

				{
					"name": "refreshBrowser",
					"address": "CyberScript",
					"subaddress": "home"
				}

			],
			"else_action": [{
					"name": "set_variable",
					"variable": "keystone",
					"key": "loading",
					"value": "You are not connected, close this tab, open CET, go to multiplayer menu and click on Connect. \n If you still stuck on this windows, after checking that EXE framework is running in background, reload the mod or the game."
				}

			]
		}

	],
	"controls": [
		{
			"type": "area",
			"tag": "scontainer",
			"rotation": 0,
			"anchor": 0,
			"anchor": 0,
			"opacity": 1,
			"fittocontent": false,
			"trigger": {
				"auto": {
					"name": "auto"
				}

			},
			"margin": {
				"left": 0,
				"top": 0
			},
		
			
			"size": {
				"width": 3150,
				"height": 1200
			},
			"scale": {
				"width": 1,
				"height": 1
			},
			"requirement": [
				["auto"]
			]

		},
	
		{
			"type": "label",
			"tag": "title_label",
			"parent":"scontainer",
			"context": [{

				"trigger": {
					"auto": {
						"name": "auto"
					}
				},
				"requirement": [
					["auto"]
				],
				"prop": {

					"text": {
						"text": "##loadingmsg",
						"values": {
							"loadingmsg": {
								"type": "variable",
								"variable": "keystone",
								"key": "loading"
							}

						}

					}
				}
			}],
			"rotation": 0,
			"anchor": 1,
			"opacity": 1,
			"fittocontent": false,
			"trigger": {
				"auto": {
					"name": "auto"
				}

			},
			"margin": {
				"left": -200,
				"top": 100
			},
			"size": {
				"width": 500,
				"height": 100
			},
			"textcolor": {
				"red": 0,
				"blue": 0,
				"green": 255
			},
			"style": {
				"fontsize": 50
			},
			"requirement": [
				["auto"]
			],
			"text": "Loading..."

		},
		 
		{
			"type": "label",
			"parent":"scontainer",
			"visible":false,
			"tag": "title_label_anim",

			"context": [{

				"trigger": {
					"auto": {
						"name": "auto"
					}
				},
				"requirement": [
					["auto"]
				],
				"prop": {

					"text": {
						"text": "##loadingmsg",
						"values": {
							"loadingmsg": {
								"type": "variable",
								"variable": "keystone",
								"key": "loadinganim"
							}

						}

					}
				}
			}],

			"trigger": {
				"auto": {
					"name": "auto"
				}

			},
			
			"anchor": 1,
			"fittocontent": false,
			"margin": {
				"left": -200,
				"top": 200
			},
			"textcolor": {
				"red": 0,
				"blue": 0,
				"green": 255
			},
			"size": {
				"width": 500,
				"height": 150
			},
			"style": {
				"fontsize": 50
			},
			"requirement": [
				["auto"]
			],
			"text": "[]"

		},
		{
			"type": "rectangle",
			"parent":"scontainer",
			"tag": "title_label_anim_load",
			"output":false,
			"context": [{

				"trigger": {
					"auto": {
						"name": "auto"
					}
				},
				"requirement": [
					["auto"]
				],
				"prop": {

					"size.width": {
						"text": "##loadingmsg",
						"type":"number",
						"values": {
							"loadingmsg": {
								"type": "score",
								"variable": "keystone",
								"key": "loadinganim_width"
							}

						}

					}
				}
			}],

			"trigger": {
				"auto": {
					"name": "auto"
				}

			},
			
			"anchor": 1,
			"fittocontent": false,
			"margin": {
				"left": -200,
				"top": 200
			},
			"textcolor": {
				"red": 0,
				"blue": 0,
				"green": 255
			},
			"size": {
				"width": 5,
				"height": 50
			},
			"style": {
				"fontsize": 50
			},
			"requirement": [
				["auto"]
			],
			"text": "[]"

		},
		{
			"type": "label",
			"tag": "title_log",
			"parent":"scontainer",
			"context": [{

				"trigger": {
					"auto": {
						"name": "auto"
					}
				},
				"requirement": [
					["auto"]
				],
				"prop": {

					"text": {
						"text": "##loadingmsg",
						"values": {
							"loadingmsg": {
								"type": "variable",
								"variable": "keystone",
								"key": "iceprotocolanim"
							}

						}

					}
				}
			}],

			"trigger": {
				"auto": {
					"name": "auto"
				}

			},
		
			"anchor": 6,
			"horizontalalign":0,
			"verticalalign":2,
			"fittocontent": false,
			"margin": {
				"left": 50,
				"top": 0
			},
			"textcolor": {
				"red": 0,
				"blue": 0,
				"green": 255
			},
			"size": {
				"width": 500,
				"height": 150
			},
			"style": {
				"fontsize": 35
			},
			"requirement": [
				["auto"]
			],
			"text": "[]"

		},

	]

}