{
	"title": "keystone_item_market",
	"tag": "keystone_item_market",
	"onload_action": [{
			"name": "set_variable",
			"variable": "keystone_ui_loading",
			"key": "visible",
			"value": "true"
		}, {
			"name": "set_variable",
			"variable": "framework",
			"key": "notbusy",
			"value": "true"
		}, {
			"name": "set_variable",
			"variable": "keystone_ui_root",
			"key": "visible",
			"value": "false"
		},
		{
			"name": "wait_second",
			"value": 1

		}, {
			"name": "set_variable",
			"variable": "keystone_ui_loading",
			"key": "visible",
			"value": "false"
		}, {
			"name": "set_variable",
			"variable": "keystone_ui_root",
			"key": "visible",
			"value": "true"
		}

	],
	"controls": [
		{
			"type": "area",
			"tag": "rootarea",
			"rotation": 0,
			"anchor": 0,
			"dynamic": [],
			"opacity": 1,
			"textcolor": {
				"red": 46,
				"blue": 209,
				"green": 209
			},
			"fittocontent": true,

			"trigger": {
				"auto": {
					"name": "auto"
				}
			},
			"margin": {
				"left": 0,
				"top": 0
			},
			"size": {
				"width": 100,
				"height": 100
			},
			"scale": {
				"width": 1,
				"height": 1
			},
			"requirement": [
				[
					"auto"
				]
			]
		},

		{
			"type": "area",
			"tag": "scontainer",
			"parent": "rootarea",

			"dynamic": ["default"],
			"rotation": 0,
			"anchor": 15,
			"opacity": 1,
			"visible": true,
			"fittocontent": false,
			"context": [{
				"trigger": {
					"auto": {
						"name": "nothing"
					}
				},
				"requirement": [
					[
						"auto"
					]
				],
				"prop": {
					"visible": {
						"text": "##loadingmsg",
						"type": "boolean",
						"values": {
							"loadingmsg": {
								"type": "variable",
								"variable": "keystone_ui_root",
								"key": "visible"
							}
						}
					}
				}
			}],
			"trigger": {
				"auto": {
					"name": "auto"
				}
			},
			"margin": {
				"left": 0,
				"top": 0
			},
			"size": {
				"width": 3150,
				"height": 1250
			},
			"scale": {
				"width": 1,
				"height": 1
			},
			"requirement": [
				[
					"auto"
				]
			]
		},
		{
			"type": "area",
			"tag": "desc_area",
			"dynamic": [],
			"parent": "scontainer",
			"rotation": 0,
			"anchor": 0,
			"opacity": 1,
			"fittocontent": false,
			"trigger": {
				"auto": {
					"name": "auto"
				}
			},
			"margin": {
				"left": 0,
				"top": 400
			},
			"size": {
				"width": 3150,
				"height": 800
			},
			"scale": {
				"width": 1,
				"height": 1
			},
			"requirement": [
				[
					"auto"
				]
			]
		},

		{
			"type": "area",
			"tag": "title_area",
			"parent": "scontainer",
			"dynamic": [],
			"rotation": 0,
			"anchor": 15,
			"opacity": 1,
			"fittocontent": false,
			"trigger": {
				"auto": {
					"name": "auto"
				}
			},
			"margin": {
				"left": 0,
				"top": 0
			},
			"size": {
				"width": 3150,
				"height": 200
			},
			"scale": {
				"width": 1,
				"height": 1
			},
			"requirement": [
				[
					"auto"
				]
			]
		},
		{
			"type": "rectangle",
			"tag": "title_background",
			"fittocontent": false,
			"dynamic": [],
			"anchor": 0,
			"opacity": 0.2,
			"parent": "title_area",
			"trigger": {
				"auto": {
					"name": "auto"
				}
			},
			"margin": {
				"top": 100,
				"left": 0
			},
			"textcolor": {
				"red": 200,
				"blue": 0,
				"green": 125
			},
			"size": {
				"width": 3150,
				"height": 150
			},
			"scale": {
				"width": 1,
				"height": 1
			},
			"requirement": [
				[
					"auto"
				]
			]
		},
		{
			"type": "label",
			"tag": "datapack_name",
			"rotation": 0,
			"dynamic": [],
			"anchor": 1,
			"fittocontent": false,
			"opacity": 1,
			"parent": "title_area",

			"trigger": {
				"auto": {
					"name": "auto"
				}
			},
			"margin": {
				"left": 0,
				"top": 75
			},
			"style": {
				"fontsize": 100
			},
			"textcolor": {
				"red": 255,
				"blue": 255,
				"green": 255
			},
			"size": {
				"width": 100,
				"height": 200
			},
			"scale": {
				"width": 1,
				"height": 1
			},
			"requirement": [
				[
					"auto"
				]
			],
			"text": "CyberScript Item Market"
		},
		{
			"type": "label",
			"tag": "your_money",
			"rotation": 0,
			"anchor": 0,
			"fittocontent": false,
			"opacity": 1,
			"parent": "title_area",

			"trigger": {
				"auto": {
					"name": "auto"
				}
			},
			"margin": {
				"left": 200,
				"top": 200
			},
			"style": {
				"fontsize": 50
			},
			"textcolor": {
				"red": 235,
				"blue": 52,
				"green": 168
			},
			"size": {
				"width": 100,
				"height": 200
			},
			"scale": {
				"width": 1,
				"height": 1
			},
			"context": [{
				"trigger": {
					"auto": {
						"name": "auto"
					}
				},
				"requirement": [
					[
						"auto"
					]
				],
				"prop": {

					"text": {
						"text": "Money : ##loadingmsg",
						"type": "text",
						"values": {
							"loadingmsg": {
								"type": "score",
								"variable": "player",
								"key": "money"
							}
						}
					}
				}
			}],

			"requirement": [
				[
					"auto"
				]
			],
			"text": "Money : "
		},
		{
			"type": "label",
			"tag": "your_cart",
			"rotation": 0,
			"anchor": 0,
			"fittocontent": false,
			"opacity": 1,
			"parent": "title_area",
			"dynamic": ["default"],

			"trigger": {
				"auto": {
					"name": "auto"
				}
			},
			"margin": {
				"left": 1575,
				"top": 200
			},
			"style": {
				"fontsize": 50
			},
			"textcolor": {
				"red": 235,
				"blue": 52,
				"green": 168
			},
			"size": {
				"width": 100,
				"height": 200
			},
			"scale": {
				"width": 1,
				"height": 1
			},
			"context": [{
				"trigger": {
					"auto": {
						"name": "auto"
					}
				},
				"requirement": [
					[
						"auto"
					]
				],
				"prop": {

					"text": {
						"text": "Cart Total : ##loadingmsg Items in Cart : ##loadingmsg2",
						"type": "text",
						"values": {
							"loadingmsg": {
								"type": "score",
								"variable": "Item_Market",
								"key": "CartPrice"
							},
							"loadingmsg2": {
								"type": "score",
								"variable": "Item_Market",
								"key": "CartAmount"
							}
						}
					}
				}
			}],

			"requirement": [
				[
					"auto"
				]
			],
			"text": "Money : "
		},
		{
			"type": "button",
			"title": "Buy my Cart",
			"tag": "btn_buy_cart",
			"rotation": 0,
			"visible": false,
			"anchor": 0,
			"fittocontent": false,
			"context": [{
					"trigger": {
						"auto": {
							"name": "auto"
						}
					},
					"requirement": [
						[
							"auto"
						]
					],
					"prop": {
						"visible": {
							"text": "##loadingmsg",
							"type": "boolean",
							"values": {
								"loadingmsg": {
									"type": "variable",
									"variable": "framework",
									"key": "notbusy"
								}
							}
						}

					}
				}, {
					"trigger": {
						"auto": {
							"name": "check_value",
							"value": 5,
							"target": 1,
							"output":false,
							"operator": "<",
							"context": [{
								"trigger": {
									"auto": {
										"name": "auto"
									}
								},
								"requirement": [
									[
										"auto"
									]
								],
								"prop": {

									"target": {
										"text": "##loadingmsg",
										"type": "number",

										"values": {
											"loadingmsg": {
												"type": "score",
												"variable": "Item_Market",
												"key": "CartPrice"
											}
										}
									},
									"value": {
										"text": "##loadingmsg",
										"type": "number",

										"values": {
											"loadingmsg": {
												"type": "score",
												"variable": "player",
												"key": "money"
											}
										}
									}
								}
							}]

						},
						"framework": {
							"name": "check_value",
							"value": 5,
							"target": true,
							"output": false,
							"operator": "=",
							"context": [{
								"trigger": {
									"auto": {
										"name": "auto"
									}
								},
								"requirement": [
									[
										"auto"
									]
								],
								"prop": {

									"value": {
										"text": "##loadingmsg",
										"type": "boolean",
										"values": {
											"loadingmsg": {
												"type": "variable",
												"variable": "framework",
												"key": "notbusy"
											}
										}
									}
								}
							}]

						}
					},
					"requirement": [
						[
							"auto", "framework"
						]
					],
					"prop": {
						"visible": {
							"text": "##loadingmsg",
							"type": "boolean",
							"values": {
								"loadingmsg": {
									"type": "text",
									"value": "false"
								}
							}
						}

					}
				}

			],
			"opacity": 1,
			"parent": "title_area",
			"style": {
				"fontsize": 35
			},
			"size": {
				"width": 200,
				"height": 100
			},
			"margin": {
				"top": 300,
				"left": 2950
			},
			"trigger": {
				"auto": {
					"name": "auto"
				}
			},
			"requirement": [
				[
					"auto"
				]
			],
			"action": [{
					"name": "buy_cart"

				}

			]
		},
		{
			"type": "button",
			"title": "Back",
			"tag": "action_back",
			"rotation": 0,
			"anchor": 4,
			"dynamic": [],
			"fittocontent": false,
			"opacity": 1,
			"parent": "scontainer",
			"style": {
				"fontsize": 35
			},
			"size": {
				"width": 200,
				"height": 100
			},
			"margin": {
				"top": 175,
				"left": 3000
			},
			"trigger": {
				"auto": {
					"name": "auto"
				}

			},
			"requirement": [
				[
					"auto"
				]
			],
			"action": [{
					"name": "refreshBrowser",
					"address": "CyberScript",
					"subaddress": "previous",
					"helper": "This action will fire an function",
					"helperTitle": "Function : Do an function"
				}

			]
		},
		{
			"type": "button",
			"title": "Refresh",
			"tag": "action_reload",
			"rotation": 0,
			"anchor": 4,
			"dynamic": [],
			"fittocontent": false,
			"opacity": 1,
			"parent": "scontainer",
			"style": {
				"fontsize": 35
			},
			"size": {
				"width": 200,
				"height": 100
			},
			"margin": {
				"top": 175,
				"left": 2700
			},
			"trigger": {
				"auto": {
					"name": "auto"
				}

			},
			"requirement": [
				[
					"auto"
				]
			],
			"action": [{
					"name": "get_itemlist"

				}, {
					"name": "wait_for_framework"

				}, {
					"name": "refreshBrowser",
					"address": "CyberScript",
					"subaddress": "keystone_item_market",
					"helper": "This action will fire an function",
					"helperTitle": "Function : Do an function"
				}

			]
		},

		{
			"type": "rectangle",
			"tag": "desc_bkgr2",
			"parent": "rootarea",
			"fittocontent": false,
			"anchor": 0,

			"opacity": 1,

			"context": [{
				"trigger": {
					"auto": {
						"name": "auto"
					}
				},
				"requirement": [
					[
						"auto"
					]
				],
				"prop": {
					"visible": {
						"text": "##loadingmsg",
						"type": "boolean",
						"values": {
							"loadingmsg": {
								"type": "variable",
								"variable": "keystone_ui_loading",
								"key": "visible"
							}
						}
					}
				}
			}],
			"trigger": {
				"auto": {
					"name": "auto"
				}
			},
			"margin": {
				"top": 100,
				"left": 0
			},
			"textcolor": {
				"red": 46,
				"blue": 209,
				"green": 209
			},
			"size": {
				"width": 3150,
				"height": 1300
			},
			"scale": {
				"width": 0.99,
				"height": 0.99
			},
			"requirement": [
				[
					"auto"
				]
			]
		},
		{
			"type": "label",
			"tag": "lbl_loading",
			"rotation": 0,
			"anchor": 4,
			"parent": "rootarea",
			"fittocontent": true,
			"opacity": 1,
			"horizontalalign": 0,

			"context": [{
				"trigger": {
					"auto": {
						"name": "auto"
					}
				},
				"requirement": [
					[
						"auto"
					]
				],
				"prop": {
					"visible": {
						"text": "##loadingmsg",
						"type": "boolean",
						"values": {
							"loadingmsg": {
								"type": "variable",
								"variable": "keystone_ui_loading",
								"key": "visible"
							}
						}
					}

				}
			}],
			"trigger": {
				"auto": {
					"name": "auto"
				}
			},
			"margin": {
				"left": -500,
				"top": 600
			},
			"style": {
				"fontsize": 100
			},
			"textcolor": {
				"red": 255,
				"blue": 255,
				"green": 255
			},
			"size": {
				"width": 500,
				"height": 50
			},
			"scale": {
				"width": 1,
				"height": 1
			},
			"requirement": [
				[
					"auto"
				]
			],
			"text": "Fetching Market..."
		},
		{
			"type": "label",
			"tag": "datapack_spinner",
			"rotation": 0,
			"anchor": 4,
			"parent": "root",
			"fittocontent": true,
			"opacity": 1,
			"horizontalalign": 0,

			"context": [{
				"trigger": {
					"auto": {
						"name": "auto"
					}
				},
				"requirement": [
					[
						"auto"
					]
				],
				"prop": {
					"visible": {
						"text": "##loadingmsg",
						"type": "boolean",
						"values": {
							"loadingmsg": {
								"type": "variable",
								"variable": "keystone_ui_loading",
								"key": "visible"
							}
						}
					},
					"text": {
						"text": "##loadingmsg",

						"values": {
							"loadingmsg": {
								"type": "variable",
								"variable": "keystone",
								"key": "spinner"
							}
						}
					}
				}
			}],
			"trigger": {
				"auto": {
					"name": "auto"
				}
			},
			"margin": {
				"left": 0,
				"top": 200
			},
			"style": {
				"fontsize": 100
			},
			"textcolor": {
				"red": 255,
				"blue": 255,
				"green": 255
			},
			"size": {
				"width": 500,
				"height": 50
			},
			"scale": {
				"width": 1,
				"height": 1
			},
			"requirement": [
				[
					"auto"
				]
			],
			"text": "Loading.."
		},



		{
			"type": "scrollarea",
			"tag": "stock_scroll",
			"parent": "desc_area",
			"rotation": 0,
			"anchor": 0,

			"opacity": 1,
			"fittocontent": false,
			"trigger": {
				"auto": {
					"name": "auto"
				}
			},
			"margin": {
				"left": 0,
				"top": 400
			},
			"size": {
				"width": 2000,
				"height": 600
			},
			"scale": {
				"width": 1,
				"height": 1
			},
			"requirement": [
				[
					"auto"
				]
			]
		}, {
			"type": "vertical_area",
			"tag": "stock_vertical",
			"parent": "stock_scroll",
			"rotation": 0,
			"anchor": 0,
			"opacity": 1,
			"fittocontent": true,
			"trigger": {
				"auto": {
					"name": "auto"
				}
			},
			"margin": {
				"left": 0,
				"top": 0
			},
			"size": {
				"width": 2000,
				"height": 800
			},
			"childmargin": {
				"bottom": 50
			},
			"scale": {
				"width": 1,
				"height": 1
			},
			"requirement": [
				[
					"auto"
				]
			]
		}, {
			"type": "horizontal_area",
			"tag": "horizontal_area_01",
			"parent": "stock_vertical",
			"rotation": 0,
			"anchor": 0,
			"dynamic": [],
			"opacity": 1,
			"fittocontent": true,
			"trigger": {
				"auto": {
					"name": "auto"
				}
			},
			"margin": {
				"left": 0,
				"top": 0
			},
			"childmargin": {
				"left": 50
			},
			"size": {
				"width": 3150,
				"height": 300
			},
			"scale": {
				"width": 1,
				"height": 1
			},
			"requirement": [
				[
					"auto"
				]
			]
		},
		{
			"type": "area",
			"tag": "stock_vertical_item_01",
			"parent": "horizontal_area_01",
			"rotation": 0,
			"anchor": 0,
			"dynamic": [],
			"opacity": 1,
			"fittocontent": false,
			"trigger": {
				"auto": {
					"name": "auto"
				}
			},
			"margin": {
				"left": 0,
				"top": 0
			},
			"size": {
				"width": 500,
				"height": 500
			},
			"scale": {
				"width": 1,
				"height": 1
			},
			"requirement": [
				[
					"auto"
				]
			]
		},
		{
			"type": "shape",
			"tag": "bckg_01",
			"parent": "stock_vertical_item_01",
			"fittocontent": false,
			"anchor": 0,
			"opacity": 0.7,
			"dynamic": [],

			"shapevariant": "FillAndBorder",
			"linethickness": 10,
			"endcapstyle": "JOINED",
			"vertex": [{
					"x": 0,
					"y": 0
				}, {
					"x": 500,
					"y": 0
				}, {
					"x": 500,
					"y": 100
				}, {
					"x": 475,
					"y": 125
				}, {
					"x": 475,
					"y": 375
				}, {
					"x": 500,
					"y": 400
				}, {
					"x": 500,
					"y": 500
				}, {
					"x": 0,
					"y": 500
				}

			],

			"trigger": {
				"auto": {
					"name": "auto"
				}
			},
			"margin": {
				"top": 0,
				"left": 0
			},
			"textcolor": {
				"red": 200,
				"blue": 0,
				"green": 125
			},
			"size": {
				"width": 500,
				"height": 500
			},
			"scale": {
				"width": 0.99,
				"height": 0.99
			},
			"requirement": [
				[
					"auto"
				]
			]
		},
		{
			"type": "vertical_area",
			"tag": "stock_vertical_item_container_01",
			"parent": "stock_vertical_item_01",
			"rotation": 0,
			"dynamic": [],
			"anchor": 0,
			"opacity": 1,
			"fittocontent": false,
			"trigger": {
				"auto": {
					"name": "auto"
				}
			},
			"margin": {
				"left": 0,
				"top": 0
			},
			"childmargin": {
				"left": 0,
				"top": 10
			},
			"size": {
				"width": 500,
				"height": 500
			},
			"scale": {
				"width": 1,
				"height": 1
			},
			"requirement": [
				[
					"auto"
				]
			]
		},
		{
			"type": "label",
			"tag": "lbl_name_01",
			"rotation": 0,
			"anchor": 0,
			"parent": "stock_vertical_item_container_01",
			"fittocontent": true,
			"opacity": 1,
			"horizontalalign": 0,
			"dynamic": [],

			"trigger": {
				"auto": {
					"name": "auto"
				}
			},
			"margin": {
				"left": 120,
				"top": 0
			},
			"style": {
				"fontsize": 50
			},
			"textcolor": {
				"red": 255,
				"blue": 255,
				"green": 255
			},
			"size": {
				"width": 500,
				"height": 50
			},
			"scale": {
				"width": 1,
				"height": 1
			},
			"requirement": [
				[
					"auto"
				]
			],
			"context": [{
				"trigger": {
					"auto": {
						"name": "auto"
					}
				},
				"requirement": [
					[
						"auto"
					]
				],
				"prop": {

					"text": {
						"text": "##loadingmsg",

						"values": {
							"loadingmsg": {
								"type": "stock",
								"tag": "arasaka_action",
								"prop": "title"
							}
						}
					}
				}
			}],
			"text": "Stock Title"
		},
		{
			"type": "label",
			"tag": "lbl_price_1",
			"rotation": 0,
			"anchor": 0,
			"parent": "stock_vertical_item_container_01",
			"fittocontent": false,
			"opacity": 1,
			"horizontalalign": 0,
			"dynamic": [],

			"trigger": {
				"auto": {
					"name": "auto"
				}
			},
			"margin": {
				"left": 30,
				"top": 0
			},
			"style": {
				"fontsize": 50
			},
			"textcolor": {
				"red": 255,
				"blue": 255,
				"green": 255
			},
			"size": {
				"width": 100,
				"height": 50
			},
			"scale": {
				"width": 1,
				"height": 1
			},
			"requirement": [
				[
					"auto"
				]
			],
			"context": [{
				"trigger": {
					"auto": {
						"name": "auto"
					}
				},
				"requirement": [
					[
						"auto"
					]
				],
				"prop": {

					"text": {
						"text": "Price : ##loadingmsg €$",

						"values": {
							"loadingmsg": {
								"type": "stock",
								"tag": "arasaka_action",
								"prop": "price"
							}
						}
					}
				}
			}],
			"text": "Stock Value"
		},
		{
			"type": "label",
			"tag": "owned_01",
			"rotation": 0,
			"anchor": 1,
			"parent": "stock_vertical_item_container_01",
			"fittocontent": false,
			"opacity": 1,
			"output":false,
			"horizontalalign": 0,
			"dynamic":["text"],
			"trigger": {
				"auto": {
					"name": "auto"
				}
			},
			"margin": {
				"left": 30,
				"top": 0
			},
			"style": {
				"fontsize": 50
			},
			"textcolor": {
				"red": 255,
				"blue": 255,
				"green": 255
			},
			"size": {
				"width": 100,
				"height": 50
			},
			"scale": {
				"width": 1,
				"height": 1
			},
			"requirement": [
				[
					"auto"
				]
			],
			"context": [{
				"trigger": {
					"auto": {
						"name": "auto"
					}
				},
				"requirement": [
					[
						"auto"
					]
				],
				"prop": {

					"text": {
						"text": "Owned : ##loadingmsg",

						"values": {
							"loadingmsg": {
								"type": "stock",
								"tag": "arasaka_action",
								"prop": "userQuantity"
							}
						}
					}
				}
			}],
			"text": "Owned : 0"
		},
		{
			"type": "label",
			"tag": "incart_01",
			"rotation": 0,
			"anchor": 1,
			"dynamic":["text"],
			"parent": "stock_vertical_item_container_01",
			"fittocontent": false,
			"opacity": 1,
			"horizontalalign": 0,

			"trigger": {
				"auto": {
					"name": "auto"
				}
			},
			"margin": {
				"left": 30,
				"top": 0
			},
			"style": {
				"fontsize": 50
			},
			"textcolor": {
				"red": 255,
				"blue": 255,
				"green": 255
			},
			"size": {
				"width": 100,
				"height": 50
			},
			"scale": {
				"width": 1,
				"height": 1
			},
			"requirement": [
				[
					"auto"
				]
			],
			"context": [{
				"trigger": {
					"auto": {
						"name": "auto"
					}
				},
				"requirement": [
					[
						"auto"
					]
				],
				"prop": {

					"text": {
						"text": "In Cart : ##loadingmsg",

						"values": {
							"loadingmsg": {
								"type": "stock",
								"tag": "arasaka_action",
								"prop": "userQuantity"
							}
						}
					}
				}
			}],
			"text": "In cart : 0"
		},
		{
			"type": "horizontal_area",
			"tag": "horizontal_area_btn_01",
			"parent": "stock_vertical_item_container_01",
			"rotation": 0,
			"anchor": 0,
			"dynamic": [],
			"opacity": 1,
			"fittocontent": true,
			"trigger": {
				"auto": {
					"name": "auto"
				}
			},
			"margin": {
				"left": 0,
				"top": 50
			},
			"childmargin": {
				"left": 20,
				"bottom": 0
			},
			"size": {
				"width": 500,
				"height": 100
			},
			"scale": {
				"width": 1,
				"height": 1
			},
			"requirement": [
				[
					"auto"
				]
			]
		},
		{
			"type": "button",
			"title": "Add to Cart",
			"tag": "btn_buy_01",
			"rotation": 0,
			"anchor": 0,
			"fittocontent": false,
			"opacity": 1,
			"parent": "horizontal_area_btn_01",
			"context": [{
					"trigger": {
						"auto": {
							"name": "check_value",
							"value": 5,
							"target": 5,
							"operator": ">=",
							"context": [{
								"trigger": {
									"auto": {
										"name": "auto"
									}
								},
								"requirement": [
									[
										"auto"
									]
								],
								"prop": {

									"value": {
										"text": "##loadingmsg",
										"type": "number",

										"values": {
											"loadingmsg": {
												"type": "player",
												"key": "item_amount",
												"value": "Items.money"
											}
										}
									}
								}
							}]

						},
						"framework": {
							"name": "check_value",
							"value": 5,
							"target": true,
							"operator": "=",
							"context": [{
								"trigger": {
									"auto": {
										"name": "auto"
									}
								},
								"requirement": [
									[
										"auto"
									]
								],
								"prop": {

									"value": {
										"text": "##loadingmsg",
										"type": "boolean",
										"values": {
											"loadingmsg": {
												"type": "variable",
												"variable": "framework",
												"key": "notbusy"
											}
										}
									}
								}
							}]

						}
					},
					"requirement": [
						[
							"auto", "framework"
						]
					],
					"prop": {
						"visible": {
							"text": "##loadingmsg",
							"type": "boolean",
							"values": {
								"loadingmsg": {
									"type": "text",
									"value": "true"
								}
							}
						}

					}
				}, {
					"trigger": {
						"auto": {
							"name": "auto"
						}
					},
					"requirement": [
						[
							"auto"
						]
					],
					"prop": {
						"visible": {
							"text": "##loadingmsg",
							"type": "boolean",
							"values": {
								"loadingmsg": {
									"type": "variable",
									"variable": "framework",
									"key": "notbusy"
								}
							}
						}

					}
				}

			],
			"style": {
				"fontsize": 35
			},
			"size": {
				"width": 200,
				"height": 100
			},
			"margin": {
				"top": 0,
				"left": 0
			},
			"trigger": {
				"auto": {
					"name": "auto"
				}

			},
			"requirement": [
				[
					"auto"
				]
			],
			"action": [{
					"name": "add_to_cart_item",
					"tag": "placeholder"

				}

			]
		},
		{
			"type": "button",
			"title": "Remove from Cart",
			"tag": "btn_sell_01",
			"rotation": 0,
			"visible": false,
			"dynamic": ["visible"],
			"anchor": 0,
			"fittocontent": false,
			"context": [{
					"trigger": {
						"auto": {
							"name": "auto"
						}
					},
					"requirement": [
						[
							"auto"
						]
					],
					"prop": {
						"visible": {
							"text": "##loadingmsg",
							"type": "boolean",
							"values": {
								"loadingmsg": {
									"type": "variable",
									"variable": "framework",
									"key": "notbusy"
								}
							}
						}

					}
				}, {
					"trigger": {
						"auto": {
							"name": "check_value",
							"value": 5,
							"target": 1,

							"operator": "<",
							"context": [{
								"trigger": {
									"auto": {
										"name": "auto"
									}
								},
								"requirement": [
									[
										"auto"
									]
								],
								"prop": {

									"value": {
										"text": "##loadingmsg",
										"type": "number",

										"values": {
											"loadingmsg": {
												"type": "score",
												"variable": "Item_MarketCart",
												"key": "placeholder"
											}
										}
									}
								}
							}]

						},
						"framework": {
							"name": "check_value",
							"value": 5,
							"target": true,
							"output": false,
							"operator": "=",
							"context": [{
								"trigger": {
									"auto": {
										"name": "auto"
									}
								},
								"requirement": [
									[
										"auto"
									]
								],
								"prop": {

									"value": {
										"text": "##loadingmsg",
										"type": "boolean",
										"values": {
											"loadingmsg": {
												"type": "variable",
												"variable": "framework",
												"key": "notbusy"
											}
										}
									}
								}
							}]

						}
					},
					"requirement": [
						[
							"auto", "framework"
						]
					],
					"prop": {
						"visible": {
							"text": "##loadingmsg",
							"type": "boolean",
							"values": {
								"loadingmsg": {
									"type": "text",
									"value": "false"
								}
							}
						}

					}
				},
				{
					"trigger": {
						"auto": {
							"name": "check_value",
							"value": 5,
							"output":false,
							"target": 1,

							"operator": "nothing",
							"context": [{
								"trigger": {
									"auto": {
										"name": "auto"
									}
								},
								"requirement": [
									[
										"auto"
									]
								],
								"prop": {

									"value": {
										"text": "##loadingmsg",
										"type": "number",

										"values": {
											"loadingmsg": {
												"type": "score",
												"variable": "Item_MarketCart",
												"key": "placeholder"
											}
										}
									}
								}
							}]

						},
						"framework": {
							"name": "check_value",
							"value": 5,
							"target": true,
							"output": false,
							"operator": "=",
							"context": [{
								"trigger": {
									"auto": {
										"name": "auto"
									}
								},
								"requirement": [
									[
										"auto"
									]
								],
								"prop": {

									"value": {
										"text": "##loadingmsg",
										"type": "boolean",
										"values": {
											"loadingmsg": {
												"type": "variable",
												"variable": "framework",
												"key": "notbusy"
											}
										}
									}
								}
							}]

						}
					},
					"requirement": [
						[
							"auto", "framework"
						]
					],
					"prop": {
						"visible": {
							"text": "##loadingmsg",
							"type": "boolean",
							"values": {
								"loadingmsg": {
									"type": "text",
									"value": "false"
								}
							}
						}

					}
				}

			],
			"opacity": 1,
			"parent": "horizontal_area_btn_01",
			"style": {
				"fontsize": 35
			},
			"size": {
				"width": 200,
				"height": 100
			},
			"margin": {
				"top": 0,
				"left": 0
			},
			"trigger": {
				"auto": {
					"name": "auto"
				}
			},
			"requirement": [
				[
					"auto"
				]
			],
			"action": [{
					"name": "remove_to_cart_item",
					"tag": "placeholder"

				}

			]
		},





		{
			"type": "area",
			"tag": "bottom_area",
			"parent": "scontainer",
			"dynamic": [],
			"rotation": 0,
			"anchor": 15,
			"opacity": 1,
			"fittocontent": false,
			"trigger": {
				"auto": {
					"name": "auto"
				}
			},
			"margin": {
				"left": 0,
				"top": 1200
			},
			"size": {
				"width": 3150,
				"height": 200
			},
			"scale": {
				"width": 1,
				"height": 1
			},
			"requirement": [
				[
					"auto"
				]
			]
		},
		{
			"type": "rectangle",
			"tag": "bottom_background",
			"fittocontent": false,
			"dynamic": [],
			"anchor": 0,
			"opacity": 0.2,
			"parent": "bottom_area",
			"trigger": {
				"auto": {
					"name": "auto"
				}
			},
			"margin": {
				"top": 0,
				"left": 0
			},
			"textcolor": {
				"red": 200,
				"blue": 0,
				"green": 125
			},
			"size": {
				"width": 3150,
				"height": 150
			},
			"scale": {
				"width": 1,
				"height": 1
			},
			"requirement": [
				[
					"auto"
				]
			]
		},
		{
			"type": "label",
			"tag": "current_page",
			"rotation": 0,
			"anchor": 0,
			"fittocontent": false,
			"opacity": 1,
			"parent": "bottom_area",

			"trigger": {
				"auto": {
					"name": "auto"
				}
			},
			"margin": {
				"left": 500,
				"top": 0
			},
			"style": {
				"fontsize": 50
			},
			"textcolor": {
				"red": 235,
				"blue": 52,
				"green": 168
			},
			"size": {
				"width": 100,
				"height": 200
			},
			"scale": {
				"width": 1,
				"height": 1
			},
			"context": [{
				"trigger": {
					"auto": {
						"name": "auto"
					}
				},
				"requirement": [
					[
						"auto"
					]
				],
				"prop": {

					"text": {
						"text": "Current Category : ##loadingmsg    Page: ##page / ##totalpage",
						"type": "text",
						"values": {
							"loadingmsg": {
								"type": "variable",
								"variable": "Item_Market",
								"key": "CurrentCategory"
							},
							"page": {
								"type": "score",
								"variable": "Item_Market",
								"key": "CurrentItemPage"
							},
							"totalpage": {
								"type": "score",
								"variable": "Item_Market",
								"key": "CurrentCategory_TotalPage"
							}
						}
					}
				}
			}],

			"requirement": [
				[
					"auto"
				]
			],
			"text": "Current Category : "
		},
		{
			"type": "button",
			"title": "<<<< First Page",
			"tag": "action_prev_first",
			"rotation": 0,
			"anchor": 4,
			"dynamic": ["visible"],
			"fittocontent": false,
			"opacity": 1,
			"parent": "bottom_area",
			"style": {
				"fontsize": 35
			},
			"size": {
				"width": 300,
				"height": 100
			},
			"margin": {
				"top": 100,
				"left": 2000
			},
			"trigger": {
				"auto": {
					"name": "auto"
				}

			},
			"context": [ 
			{
					"trigger": {
						"auto": {
							"name": "check_value",
							"value": 5,
							"target": 1,
"output":false,
							"operator": "<=",
							"context": [{
								"trigger": {
									"auto": {
										"name": "auto"
									}
								},
								"requirement": [
									[
										"auto"
									]
								],
								"prop": {

									"value": {
										"text": "##loadingmsg",
										"type": "number",

										"values": {
											"loadingmsg": {
												"type": "score",
												"variable": "Item_Market",
												"key": "CurrentItemPage"
											}
										}
									}
								}
							}]

						},
						
					},
					"requirement": [
						[
							"auto"
						]
					],
					"prop": {
						"visible": {
							"text": "##loadingmsg",
							"type": "boolean",
							"values": {
								"loadingmsg": {
									"type": "text",
									"value": "false"
								}
							}
						}

					}
			}

			],
			"requirement": [
				[
					"auto"
				]
			],
			"action": [
				{
					"name": "set_current_item_page",
					"value": 1
					

				}, {
					"name": "refreshBrowser",
					"address": "CyberScript",
					"subaddress": "keystone_item_market",
					"helper": "This action will fire an function",
					"helperTitle": "Function : Do an function"
				}

			]
		},	
		{
			"type": "button",
			"title": "<< Previous Page",
			"tag": "action_prev",
			"rotation": 0,
			"anchor": 4,
			"dynamic": ["visible"],
			"fittocontent": false,
			"opacity": 1,
			"parent": "bottom_area",
			"style": {
				"fontsize": 35
			},
			"context": [ 
			{
					"trigger": {
						"auto": {
							"name": "check_value",
							"value": 5,
							"target": 1,
"output":false,
							"operator": "<=",
							"context": [{
								"trigger": {
									"auto": {
										"name": "auto"
									}
								},
								"requirement": [
									[
										"auto"
									]
								],
								"prop": {

									"value": {
										"text": "##loadingmsg",
										"type": "number",

										"values": {
											"loadingmsg": {
												"type": "score",
												"variable": "Item_Market",
												"key": "CurrentItemPage"
											}
										}
									}
								}
							}]

						},
						
					},
					"requirement": [
						[
							"auto"
						]
					],
					"prop": {
						"visible": {
							"text": "##loadingmsg",
							"type": "boolean",
							"values": {
								"loadingmsg": {
									"type": "text",
									"value": "false"
								}
							}
						}

					}
			}

			],
			"size": {
				"width": 300,
				"height": 100
			},
			"margin": {
				"top": 100,
				"left": 2300
			},
			"trigger": {
				"auto": {
					"name": "auto"
				}

			},
			"requirement": [
				[
					"auto"
				]
			],
			"action": [{
					"name": "do_math",
					"target": 0,
					"modifier": 1,
					"operator": "-",
					"store": {
						"score": "Item_Market",
						"key": "CurrentItemPage"
					},

					"context": [{
							"trigger": {
								"auto": {
									"name": "auto"
								}
							},
							"requirement": [
								[
									"auto"
								]
							],
							"prop": {
								"target": {
									"text": "##loadingmsg",
									"type": "number",
									"values": {
										"loadingmsg": {
											"type": "score",
											"variable": "Item_Market",
											"key": "CurrentItemPage"
										}
									}
								}

							}
						}

					]

				},
				{
					"name": "set_current_item_page",
					"value": 1,
					"context": [{
							"trigger": {
								"auto": {
									"name": "auto"
								}
							},
							"requirement": [
								[
									"auto"
								]
							],
							"prop": {
								"value": {
									"text": "##loadingmsg",
									"type": "number",
									"values": {
										"loadingmsg": {
											"type": "score",
											"variable": "Item_Market",
											"key": "CurrentItemPage"
										}
									}
								}

							}
						}

					]

				}, {
					"name": "refreshBrowser",
					"address": "CyberScript",
					"subaddress": "keystone_item_market",
					"helper": "This action will fire an function",
					"helperTitle": "Function : Do an function"
				}

			]
		},
		{
			"type": "button",
			"title": ">> Next Page",
			"tag": "action_next",
			"rotation": 0,
			"anchor": 4,
			"dynamic": ["visible"],
			"context": [ 
			{
					"trigger": {
						"auto": {
							"name": "check_value",
							"value": 5,
							"target": 1,
"output":false,
							"operator": ">=",
							"context": [{
								"trigger": {
									"auto": {
										"name": "auto"
									}
								},
								"requirement": [
									[
										"auto"
									]
								],
								"prop": {

									"value": {
										"text": "##loadingmsg",
										"type": "number",

										"values": {
											"loadingmsg": {
												"type": "score",
												"variable": "Item_Market",
												"key": "CurrentItemPage"
											}
										}
									},
									"target": {
										"text": "##loadingmsg",
										"type": "number",

										"values": {
											"loadingmsg": {
												"type": "score",
												"variable": "Item_Market",
												"key": "CurrentCategory_TotalPage"
											}
										}
									}
								}
							}]

						},
						
					},
					"requirement": [
						[
							"auto"
						]
					],
					"prop": {
						"visible": {
							"text": "##loadingmsg",
							"type": "boolean",
							"values": {
								"loadingmsg": {
									"type": "text",
									"value": "false"
								}
							}
						}

					}
			}

			],
			
			"fittocontent": false,
			"opacity": 1,
			"parent": "bottom_area",
			"style": {
				"fontsize": 35
			},
			"size": {
				"width": 300,
				"height": 100
			},
			"margin": {
				"top": 100,
				"left": 2650
			},
			"trigger": {
				"auto": {
					"name": "auto"
				}

			},
			"requirement": [
				[
					"auto"
				]
			],
			"action": [{
					"name": "do_math",
					"target": 0,
					"modifier": 1,
					"operator": "+",
					"store":{
						"score":"Item_Market",
						"key": "CurrentItemPage"
						},
					"context": [{
							"trigger": {
								"auto": {
									"name": "auto"
								}
							},
							"requirement": [
								[
									"auto"
								]
							],
							"prop": {
								"target": {
									"text": "##loadingmsg",
									"type": "number",
									"values": {
										"loadingmsg": {
											"type": "score",
											"variable": "Item_Market",
											"key": "CurrentItemPage"
										}
									}
								}

							}
						}

					]

				},
				{
					"name": "set_current_item_page",
					"value": 1,
					"store":{
						"score":"Item_Market",
						"key": "CurrentItemPage"
						},
					"context": [{
							"trigger": {
								"auto": {
									"name": "auto"
								}
							},
							"requirement": [
								[
									"auto"
								]
							],
							"prop": {
								"value": {
									"text": "##loadingmsg",
									"type": "number",
									"values": {
										"loadingmsg": {
											"type": "score",
											"variable": "Item_Market",
											"key": "CurrentItemPage"
										}
									}
								}

							}
						}

					]

				}, {
					"name": "refreshBrowser",
					"address": "CyberScript",
					"subaddress": "keystone_item_market",
					"helper": "This action will fire an function",
					"helperTitle": "Function : Do an function"
				}

			]
		},
		{
			"type": "button",
			"title": ">>>> Last Page",
			"tag": "action_next",
			"rotation": 0,
			"anchor": 4,
			"dynamic": ["visible"],
			"context": [ 
			{
					"trigger": {
						"auto": {
							"name": "check_value",
							"value": 5,
							"target": 1,
"output":false,
							"operator": ">=",
							"context": [{
								"trigger": {
									"auto": {
										"name": "auto"
									}
								},
								"requirement": [
									[
										"auto"
									]
								],
								"prop": {

									"value": {
										"text": "##loadingmsg",
										"type": "number",

										"values": {
											"loadingmsg": {
												"type": "score",
												"variable": "Item_Market",
												"key": "CurrentItemPage"
											}
										}
									},
									"target": {
										"text": "##loadingmsg",
										"type": "number",

										"values": {
											"loadingmsg": {
												"type": "score",
												"variable": "Item_Market",
												"key": "CurrentCategory_TotalPage"
											}
										}
									}
								}
							}]

						},
						
					},
					"requirement": [
						[
							"auto"
						]
					],
					"prop": {
						"visible": {
							"text": "##loadingmsg",
							"type": "boolean",
							"values": {
								"loadingmsg": {
									"type": "text",
									"value": "false"
								}
							}
						}

					}
			}

			],
			"fittocontent": false,
			"opacity": 1,
			"parent": "bottom_area",
			"style": {
				"fontsize": 35
			},
			
			"size": {
				"width": 300,
				"height": 100
			},
			"margin": {
				"top": 100,
				"left": 2950
			},
			"trigger": {
				"auto": {
					"name": "auto"
				}

			},
			"requirement": [
				[
					"auto"
				]
			],
			"action": [
				{
					"name": "set_current_item_page",
					"value": 1,
					"store":{
						"score":"Item_Market",
						"key": "CurrentItemPage"
						},
					"context": [{
							"trigger": {
								"auto": {
									"name": "auto"
								}
							},
							"requirement": [
								[
									"auto"
								]
							],
							"prop": {
								"value": {
									"text": "##loadingmsg",
									"type": "number",
									"values": {
										"loadingmsg": {
											"type": "score",
											"variable": "Item_Market",
											"key": "CurrentCategory_TotalPage"
										}
									}
								}

							}
						}

					]

				}, {
					"name": "refreshBrowser",
					"address": "CyberScript",
					"subaddress": "keystone_item_market",
					"helper": "This action will fire an function",
					"helperTitle": "Function : Do an function"
				}

			]
		}

	]
}