{
	"title": "keystone_wip",
	"tag": "keystone_wip",
	"onload_action": [


		




	],
	"controls": [
		{
			"type": "area",
			"tag": "rootarea",
			"rotation": 0,
			"anchor": 0,
			"opacity": 1,
			"textcolor": {
				"red": 46,
				"blue": 209,
				"green": 209
			},
			"fittocontent": true,

			"trigger": {
				"auto": {
					"name": "auto"
				}
			},
			"margin": {
				"left": 0,
				"top": 0
			},
			"size": {
				"width": 100,
				"height": 100
			},
			"scale": {
				"width": 1,
				"height": 1
			},
			"requirement": [
				[
					"auto"
				]
			]
		},



		{
			"type": "area",
			"tag": "scontainer",
			"parent": "rootarea",
			"rotation": 0,
			"anchor": 15,
			"opacity": 1,
			"visible": true,
			"fittocontent": false,
			"context": [{
				"trigger": {
					"auto": {
						"name": "nothing"
					}
				},
				"requirement": [
					[
						"auto"
					]
				],
				"prop": {
					"visible": {
						"text": "##loadingmsg",
						"type": "boolean",
						"values": {
							"loadingmsg": {
								"type": "variable",
								"variable": "keystone_ui_root",
								"key": "visible"
							}
						}
					}
				}
			}],
			"trigger": {
				"auto": {
					"name": "auto"
				}
			},
			"margin": {
				"left": 0,
				"top": 0
			},
			"size": {
				"width": 3150,
				"height": 1250
			},
			"scale": {
				"width": 1,
				"height": 1
			},
			"requirement": [
				[
					"auto"
				]
			]
		},

		{
			"type": "area",
			"tag": "title_area",
			"parent": "scontainer",
			"rotation": 0,
			"anchor": 15,
			"opacity": 1,
			"fittocontent": false,
			"trigger": {
				"auto": {
					"name": "auto"
				}
			},
			"margin": {
				"left": 0,
				"top": 0
			},
			"size": {
				"width": 3150,
				"height": 200
			},
			"scale": {
				"width": 1,
				"height": 1
			},
			"requirement": [
				[
					"auto"
				]
			]
		},
		




		{
			"type": "button",
			"title": "Back",
			"tag": "action_back",
			"rotation": 0,
			"anchor": 4,
			"fittocontent": false,
			"opacity": 1,
			"parent": "scontainer",
			"style": {
				"fontsize": 35
			},
			"size": {
				"width": 200,
				"height": 100
			},
			"margin": {
				"top": 175,
				"left": 3000
			},
			"trigger": {
				"auto": {
					"name": "auto"
				}

			},
			"requirement": [
				[
					"auto"
				]
			],
			"action": [

				{
					"name": "refreshBrowser",
					"address": "CyberScript",
					"subaddress": "previous",
					"helper": "This action will fire an function",
					"helperTitle": "Function : Do an function"
				}


			]
		},




		{
			"type": "rectangle",
			"tag": "desc_bkgr2",
			"parent": "rootarea",
			"fittocontent": false,
			"anchor": 0,
			"opacity": 1,

			
			"trigger": {
				"auto": {
					"name": "auto"
				}
			},
			"margin": {
				"top": 100,
				"left": 0
			},
			"textcolor": {
				"red": 0,
				"blue": 0,
				"green": 0
			},
			"size": {
				"width": 3150,
				"height": 1200
			},
			"scale": {
				"width": 0.99,
				"height": 0.99
			},
			"requirement": [
				[
					"auto"
				]
			]
		},
		{
			"type": "label",
			"tag": "lbl_loading",
			"rotation": 0,
			"anchor": 4,
			"parent": "rootarea",
			"fittocontent": true,
			"opacity": 1,
			"horizontalalign": 0,

			
			"trigger": {
				"auto": {
					"name": "auto"
				}
			},
			"margin": {
				"left": -500,
				"top": 600
			},
			"style": {
				"fontsize": 100
			},
			"textcolor": {
				"red": 255,
				"blue": 255,
				"green": 255
			},
			"size": {
				"width": 500,
				"height": 50
			},
			"scale": {
				"width": 1,
				"height": 1
			},
			"requirement": [
				[
					"auto"
				]
			],
			"text": "Work In Progress...Stay Tuned"
		},
		
	]
}