{
  "title": "keystone_account",
  "tag": "keystone_account",
  "onload_action": [
		{
			"name": "set_variable",
			"variable": "keystone_ui_loading",
			"key": "visible",
			"value": "false"
		},
		{
			"name": "set_variable",
			"variable": "keystone_ui_root",
			"key": "visible",
			"value": "true"
		}
		
		
		
  	
  	],
  "controls": [
	{
      "type": "area",
      "tag": "root",
      "rotation": 0,
      "anchor": 0,
      "opacity": 1,
	 
      "fittocontent": false,
	 
      "trigger": {
        "auto": {
          "name": "auto"
        }
      },
      "margin": {
        "left": 0,
        "top": 0
      },
      "size": {
        "width": 3150,
        "height": 1250
      },
      "scale": {
        "width": 1,
        "height": 1
      },
      "requirement": [
        [
          "auto"
        ]
      ]
    },
    {
      "type": "area",
      "tag": "scontainer",
	  "parent":"root",
      "rotation": 0,
      "anchor": 0,
      "opacity": 1,
	  "visible":true,
      "fittocontent": false,
	  "context": [
        {
          "trigger": {
            "auto": {
              "name": "auto"
            }
          },
          "requirement": [
            [
              "auto"
            ]
          ],
          "prop": {
            "visible": {
              "text": "##loadingmsg",
              "type":"boolean",
              "values": {
                "loadingmsg": {
                  "type": "variable",
                  "variable": "keystone_ui_root",
                  "key": "visible"
                }
              }
            }
          }
        }
      ],
      "trigger": {
        "auto": {
          "name": "auto"
        }
      },
      "margin": {
        "left": 0,
        "top": 0
      },
      "size": {
        "width": 3150,
        "height": 1250
      },
      "scale": {
        "width": 1,
        "height": 1
      },
      "requirement": [
        [
          "auto"
        ]
      ]
    },
   
   {
      "type": "area",
      "tag": "title_area",
      "parent": "scontainer",
      "rotation": 0,
      "anchor": 15,
      "opacity": 1,
      "fittocontent": false,
      "trigger": {
        "auto": {
          "name": "auto"
        }
      },
      "margin": {
        "left": 0,
        "top": 0
      },
      "size": {
        "width": 3150,
        "height": 200
      },
      "scale": {
        "width": 1,
        "height": 1
      },
      "requirement": [
        [
          "auto"
        ]
      ]
    },
    {
      "type": "rectangle",
      "tag": "title_background",
      "fittocontent": false,
      "anchor": 0,
      "opacity": 0.2,
      "parent": "title_area",
      "trigger": {
        "auto": {
          "name": "auto"
        }
      },
      "margin": {
        "top": 100,
        "left": 0
      },
      "textcolor": {
        "red": 46,
        "blue": 209,
        "green": 209
      },
      "size": {
        "width": 3150,
        "height": 150
      },
      "scale": {
        "width": 1,
        "height": 1
      },
      "requirement": [
        [
          "auto"
        ]
      ]
    },
    {
      "type": "label",
      "tag": "datapack_name",
      "rotation": 0,
      "anchor": 1,
      "fittocontent": false,
      "opacity": 1,
      "parent": "title_area",
      
      "trigger": {
        "auto": {
          "name": "auto"
        }
      },
      "margin": {
        "left": 0,
        "top": 75
      },
      "style": {
        "fontsize": 100
      },
      "textcolor": {
        "red": 255,
        "blue": 255,
        "green": 255
      },
      "size": {
        "width": 100,
        "height": 200
      },
      "scale": {
        "width": 1,
        "height": 1
      },
      "requirement": [
        [
          "auto"
        ]
      ],
      "text": "CyberScript Account"
    },
   
   
   
   
   
   
	{
      "type": "area",
      "tag": "desc_area",
      "parent": "scontainer",
      "rotation": 0,
      "anchor": 15,
      "opacity": 1,
      "fittocontent": false,
      "trigger": {
        "auto": {
          "name": "auto"
        }
      },
      "margin": {
        "left": 0,
        "top": 300
      },
      "size": {
        "width": 3150,
        "height": 1100
      },
      "scale": {
        "width": 1,
        "height": 1
      },
      "requirement": [
        [
          "auto"
        ]
      ]
    },
    {
      "type": "rectangle",
      "tag": "desc_bkgr_border",
      "fittocontent": false,
      "anchor": 0,
      "opacity": 0.5,
      "parent": "desc_area",
      "trigger": {
        "auto": {
          "name": "auto"
        }
      },
      "margin": {
        "top": 0,
        "left": 0
      },
      "textcolor": {
        "red": 46,
        "blue": 209,
        "green": 209
      },
      "size": {
        "width": 3150,
        "height": 1100
      },
      "scale": {
        "width": 1,
        "height": 1
      },
      "requirement": [
        [
          "auto"
        ]
      ]
    },
    {
      "type": "rectangle",
      "tag": "desc_bkgr",
      
      "fittocontent": false,
      "anchor": 0,
      "opacity": 1,
      "parent": "desc_area",
      "trigger": {
        "auto": {
          "name": "auto"
        }
      },
      "margin": {
        "top": 0,
        "left": 0
      },
      "textcolor": {
        "red": 0,
        "blue": 0,
        "green": 0
      },
      "size": {
        "width": 3150,
        "height": 1100
      },
      "scale": {
        "width": 0.99,
        "height": 0.99
      },
      "requirement": [
        [
          "auto"
        ]
      ]
    },
	
	
    {
      "type": "label",
      "tag": "datapack_desc_",
      "rotation": 0,
      "anchor": 0,
      "fittocontent": true,
      "opacity": 1,
      "horizontalalign": 0,
      "parent": "desc_area",
      "context": [
        {
          "trigger": {
            "auto": {
              "name": "auto"
            }
          },
          "requirement": [
            [
              "auto"
            ]
          ],
          "prop": {
            "text": {
              "text": "##loadingmsg",
              "values": {
                "loadingmsg": {
                  "type": "variable",
                  "variable": "cyberscript",
                  "key": "fetcheddata_account"
                }
              }
            }
          }
        }
      ],
      "trigger": {
        "auto": {
          "name": "auto"
        }
      },
      "margin": {
        "left": 50,
        "top": 150
      },
      "style": {
        "fontsize": 50
      },
      "textcolor": {
        "red": 255,
        "blue": 255,
        "green": 255
      },
      "size": {
        "width": 500,
        "height": 50
      },
      "scale": {
        "width": 1,
        "height": 1
      },
      "requirement": [
        [
          "auto"
        ]
      ],
      "text": "Lorem ipsum dolor sit amet, consectetur adipiscing elit. Pellentesque fermentum tincidunt ante, id sagittis"
    },
    
	
	

	{
	  "type": "button",
      "title": "Back",
      "tag": "action_back",
      "rotation": 0,
      "anchor": 4,
      "fittocontent": false,
      "opacity": 1,
      "parent": "title_area",
      "style": {
        "fontsize": 35
      },
      "size": {
        "width": 200,
        "height": 100
      },
      "margin": {
        "top": 175,
        "left": 3000
      },
      "trigger": {
        "auto": {
          "name": "auto"
        }
      
      },
      "requirement": [
        [
          "auto"
        ]
      ],
      "action": [
		
        {
          "name": "refreshBrowser",
          "address": "CyberScript",
          "subaddress": "previous",
          "helper": "This action will fire an function",
          "helperTitle": "Function : Do an function"
        }
		
		
      ]
    },
	
	
	
    {
      "type": "rectangle",
      "tag": "desc_bkgr2",
      "parent":"root",
      "fittocontent": false,
      "anchor": 0,
      "opacity": 1,
      
            "context": [
        {
          "trigger": {
            "auto": {
              "name": "auto"
            }
          },
          "requirement": [
            [
              "auto"
            ]
          ],
          "prop": {
            "visible": {
              "text": "##loadingmsg",
              "type":"boolean",
              "values": {
                "loadingmsg": {
                  "type": "variable",
                  "variable": "keystone_ui_loading",
                  "key": "visible"
                }
              }
            }
          }
        }
      ],
      "trigger": {
        "auto": {
          "name": "auto"
        }
      },
      "margin": {
        "top": 100,
        "left": 0
      },
      "textcolor": {
        "red": 46,
        "blue": 209,
        "green": 209
      },
      "size": {
        "width": 3150,
        "height": 1100
      },
      "scale": {
        "width": 0.99,
        "height": 0.99
      },
      "requirement": [
        [
          "auto"
        ]
      ]
    },
	
	{
		"type": "button",
      "title": "Refresh",
      "tag": "action_back",
      "rotation": 0,
      "anchor": 4,
      "fittocontent": false,
      "opacity": 1,
      "parent": "title_area",
      "style": {
        "fontsize": 35
      },
      "size": {
        "width": 200,
        "height": 100
      },
      "margin": {
        "top": 175,
        "left": 2700
      },
      "trigger": {
        "auto": {
          "name": "auto"
        }
      
      },
      "requirement": [
        [
          "auto"
        ]
      ],
      "action": [
		{
          "name": "fetch_data"
        }
		
		
      ]
    },
	
	{
      "type": "label",
      "tag": "datapack_desc2",
      "rotation": 0,
      "anchor": 3,
      "parent":"root",
      "fittocontent": true,
      "opacity": 1,
      "horizontalalign": 0,
      
      "context": [
        {
          "trigger": {
            "auto": {
              "name": "auto"
            }
          },
          "requirement": [
            [
              "auto"
            ]
          ],
          "prop": {
            "visible": {
              "text": "##loadingmsg",
              "type":"boolean",
              "values": {
                "loadingmsg": {
                  "type": "variable",
                  "variable": "keystone_ui_loading",
                  "key": "visible"
                }
              }
            },
			"text": {
              "text": "##loadingmsg",
              
              "values": {
                "loadingmsg": {
                  "type": "variable",
                  "variable": "keystone",
                  "key": "updatestate"
                }
              }
            }
			
          }
        }
      ],
      "trigger": {
        "auto": {
          "name": "auto"
        }
      },
      "margin": {
        "left": 1000,
        "top": -300
      },
      "style": {
        "fontsize": 100
      },
      "textcolor": {
        "red": 255,
        "blue": 255,
        "green": 255
      },
      "size": {
        "width": 500,
        "height": 50
      },
      "scale": {
        "width": 1,
        "height": 1
      },
      "requirement": [
        [
          "auto"
        ]
      ],
      "text": "Updating the Mod.."
      },	  
	{
      "type": "label",
      "tag": "datapack_spinner",
      "rotation": 0,
      "anchor": 4,
      "parent":"root",
      "fittocontent": true,
      "opacity": 1,
      "horizontalalign": 0,
      
      "context": [
        {
          "trigger": {
            "auto": {
              "name": "auto"
            }
          },
          "requirement": [
            [
              "auto"
            ]
          ],
          "prop": {
            "visible": {
              "text": "##loadingmsg",
              "type":"boolean",
              "values": {
                "loadingmsg": {
                  "type": "variable",
                  "variable": "keystone_ui_loading",
                  "key": "visible"
                }
              }
            },
			 "text": {
              "text": "##loadingmsg",
              
              "values": {
                "loadingmsg": {
                  "type": "variable",
                  "variable": "keystone",
                  "key": "spinner"
                }
              }
            }
          }
        }
      ],
      "trigger": {
        "auto": {
          "name": "auto"
        }
      },
      "margin": {
        "left": 0,
        "top": 200
      },
      "style": {
        "fontsize": 100
      },
      "textcolor": {
        "red": 255,
        "blue": 255,
        "green": 255
      },
      "size": {
        "width": 500,
        "height": 50
      },
      "scale": {
        "width": 1,
        "height": 1
      },
      "requirement": [
        [
          "auto"
        ]
      ],
      "text": "Loading.."
      },
  ]
}