{
	"width": 700,
	"title": "Join The Night City Police Defence",
	"heigh": 700,
	"y": 200,
	"tag": "ncpd_ui",
	"x": 200,
	"controls": [{
		"tag": "line1",
		"requirement": [],
		"parent": "",
		"margin": {
			"left": 200
		},
		"style": {
			"fontsize": 40
		},
		"textcolor": {
			"red": 245,
			"green": 95,
			"blue": 3,
			"opacity": 13
		},
		"title": "",
		"value": {
			"type": "text",
			"value": "Help the NCPD establish order within Night City "
		},
		"type": "label",
		"action": [],
		"bgcolor": {
			"red": 217,
			"green": 21,
			"blue": 203,
			"opacity": 20
		},
		"trigger": {
			"a": {
				"helperTitle": "Auto",
				"name": "auto",
				"helper": "This trigger will be triggered without need anything (default)"
			}
		}
	}, {
		"tag": "line2",
		"requirement": [],
		"parent": "",
		"margin": {
			"left": 200,
			"top": 100

		},
		"style": {
			"fontsize": 40
		},
		"textcolor": {
			"red": 245,
			"green": 95,
			"blue": 3,
			"opacity": 13
		},
		"title": "",
		"value": {
			"type": "text",
			"value": "Joining the NCPD grants the following: "
		},
		"type": "label",
		"action": [],
		"bgcolor": {
			"red": 217,
			"green": 21,
			"blue": 203,
			"opacity": 20
		},
		"trigger": {
			"a": {
				"helperTitle": "Auto",
				"name": "auto",
				"helper": "This trigger will be triggered without need anything (default)"
			}
		}
	}, {
		"tag": "line3",
		"requirement": [],
		"parent": "",
		"margin": {
			"left": 200,
			"top": 175

		},
		"style": {
			"fontsize": 40
		},
		"textcolor": {
			"red": 245,
			"green": 95,
			"blue": 3,
			"opacity": 13
		},
		"title": "",
		"value": {
			"type": "text",
			"value": "-  +20 to Affinity for NCPD"
		},
		"type": "label",
		"action": [],
		"bgcolor": {
			"red": 217,
			"green": 21,
			"blue": 203,
			"opacity": 20
		},
		"trigger": {
			"a": {
				"helperTitle": "Auto",
				"name": "auto",
				"helper": "This trigger will be triggered without need anything (default)"
			}
		}

	}, {
		"tag": "line4",
		"requirement": [],
		"parent": "",
		"margin": {
			"left": 200,
			"top": 225

		},
		"style": {
			"fontsize": 40
		},
		"textcolor": {
			"red": 245,
			"green": 95,
			"blue": 3,
			"opacity": 13
		},
		"title": "",
		"value": {
			"type": "text",
			"value": "- +15 to Subdistrict territory Regina is located in"
		},
		"type": "label",
		"action": [],
		"bgcolor": {
			"red": 217,
			"green": 21,
			"blue": 203,
			"opacity": 20
		},
		"trigger": {
			"a": {
				"helperTitle": "Auto",
				"name": "auto",
				"helper": "This trigger will be triggered without need anything (default)"
			}
		}
	}, {
		"tag": "line5",
		"requirement": [],
		"parent": "",
		"margin": {
			"left": 200,
			"top": 280

		},
		"style": {
			"fontsize": 40
		},
		"textcolor": {
			"red": 245,
			"green": 95,
			"blue": 3,
			"opacity": 13
		},
		"title": "",
		"value": {
			"type": "text",
			"value": "- A large sum of negative affinity will be applied to ALL gangs"
		},
		"type": "label",
		"action": [],
		"bgcolor": {
			"red": 217,
			"green": 21,
			"blue": 203,
			"opacity": 20
		},
		"trigger": {
			"a": {
				"helperTitle": "Auto",
				"name": "auto",
				"helper": "This trigger will be triggered without need anything (default)"
			}
		}
	}, {
		"tag": "line6",
		"requirement": [],
		"parent": "",
		"margin": {
			"left": 200,
			"top": 330

		},
		"style": {
			"fontsize": 40
		},
		"textcolor": {
			"red": 245,
			"green": 95,
			"blue": 3,
			"opacity": 13
		},
		"title": "",
		"value": {
			"type": "text",
			"value": "- NCPD Outfit"
		},
		"type": "label",
		"action": [],
		"bgcolor": {
			"red": 217,
			"green": 21,
			"blue": 203,
			"opacity": 20
		},
		"trigger": {
			"a": {
				"helperTitle": "Auto",
				"name": "auto",
				"helper": "This trigger will be triggered without need anything (default)"
			}
		}
	}, {
		"tweak": "",
		"tag": "joinn",
		"requirement": [
			["aaa"]
		],
		"style": {
			"fontsize": 30,
			"width": 400,
			"height": 300
		},
		"margin": {
			"right": 415,
			"top": 590,
			"left": 842
		},
		"parent": "",
		"textcolor": {
			"red": 300,
			"green": 0,
			"blue": 0,
			"opacity": 20
		},
		"title": "Join the NCPD",
		"value": {
			"type": ""
		},
		"type": "button",
		"action": [{
			"helper": "This action will set the Player's current Faction",
			"helperTitle": "Player : Current Gang",
			"name": "set_player_current_gang",
			"tag": "faction_ncpd"
		}, {

			"name": "wait_second",
			"value": 2,
			"help": "Wait x second"
		}, {
			"name": "close_interface"
		}, {
			"name": "wait_second",
			"value": 2,
			"help": "Wait x second"
		}, {
			"name": "wait_for_trigger",
			"trigger": {
				"name": "player_current_gang",
				"value": "faction_ncpd"
			}
		}, {
			"name": "gang_affinity",
		"value": "faction_ncpd",
		"score": 20
		}, {
			"name": "gang_affinity",
		"value": "faction_tygerclaws",
		"score": -50
		}, {
				"name": "gang_affinity",
		"value": "faction_maelstrom",
		"score": -50
		}, {
			"name": "gang_affinity",
		"value": "faction_valentinos",
		"score": -50
		}, {
			"name": "gang_affinity",
		"value": "faction_sixthstreet",
		"score": -50
		}, {
			"name": "gang_affinity",
		"value": "faction_scavengers",
		"score": -50
		}, {
			"name": "add_gang_district_score",
		"faction": "faction_ncpd",
		"district": "district_watson",
		"value": 25
		}, {
			"name": "add_gang_currentsubdistrict_score",
		"faction": "faction_ncpd",
		"value": 25
		}, {
			"name": "if",
		"trigger": {
		"name": "player_gender",
		"value": "male"
		},
		"if_action": [{
				"name": "give_item",
				"value": "Items.Helmet_02_basic_01",
				"amount": 1
			},
			{
				"name": "give_item",
				"value": "Items.SQ029_Police_Suit",
				"amount": 1
		}, {
				"name": "give_item",
				"value": "Items.Vest_03_basic_01",
				"amount": 1
			},
			{
				"name": "give_item",
				"value": "Items.Vest_04_basic_02",
				"amount": 1
			}
		],
		"else_action": [{
				"name": "give_item",
				"value": "Items.Vest_04_basic_02",
				"amount": 1
			},
			{
				"name": "give_item",
				"value": "Items.Helmet_02_basic_01",
				"amount": 1
			},
			{
				"name": "give_item",
				"value": "Items.SQ029_Police_Suit",
				"amount": 1
		}, {
				"name": "give_item",
				"value": "Items.Vest_03_basic_01",
				"amount": 1
			},
			{
				"name": "give_item",
				"value": "Items.Vest_11_old_01",
				"amount": 1
			
			}
		]
			}, {
				"name": "do_event",
		"value": "GNC_reaction_system"
		}, {
		"name": "do_function",
		"value": "GNC_Affinity_Edit"
		}, {
			"name": "set_vehicule_to_garage",
		"tweakid": "Vehicle.cs_savable_archer_hella_police_siren",
		"enabled": true,
		"asAV": false
		}],
		"bgcolor": {
			"red": 140,
			"green": 0,
			"blue": 240,
			"opacity": 0
		},
		"trigger": {
			"aaa": {
				"helperTitle": "Auto",
				"name": "auto",
				"helper": "This trigger will be triggered without need anything (default)"
			}
		}
	}]
}