{
	"controls": [{
		"action": [],
		"bgcolor": {
			"blue": 203,
			"green": 21,
			"opacity": 20,
			"red": 217
		},
		"margin": {
			"left": 200
		},
		"parent": "",
		"requirement": [],
		"style": {
			"fontsize": 40
		},
		"tag": "line1",
		"textcolor": {
			"blue": 3,
			"green": 95,
			"opacity": 13,
			"red": 245
		},
		"title": "",
		"trigger": {
			"a": {
				"helper": "This trigger will be triggered without need anything (default)",
				"helperTitle": "Auto",
				"name": "auto"
			}
		},
		"type": "label",
		"value": {
			"type": "text",
			"value": "Help the Tygerclaws get a better Reputation in Night City. "
		}
	}, {
		"action": [],
		"bgcolor": {
			"blue": 203,
			"green": 21,
			"opacity": 20,
			"red": 217
		},
		"margin": {
			"left": 200,
			"top": 100
		},
		"parent": "",
		"requirement": [],
		"style": {
			"fontsize": 40
		},
		"tag": "line2",
		"textcolor": {
			"blue": 3,
			"green": 95,
			"opacity": 13,
			"red": 245
		},
		"title": "",
		"trigger": {
			"a": {
				"helper": "This trigger will be triggered without need anything (default)",
				"helperTitle": "Auto",
				"name": "auto"
			}
		},
		"type": "label",
		"value": {
			"type": "text",
			"value": "Joining Tygerclaws grants the following: "
		}
	}, {
		"action": [],
		"bgcolor": {
			"blue": 203,
			"green": 21,
			"opacity": 20,
			"red": 217
		},
		"margin": {
			"left": 200,
			"top": 175
		},
		"parent": "",
		"requirement": [],
		"style": {
			"fontsize": 40
		},
		"tag": "line3",
		"textcolor": {
			"blue": 3,
			"green": 95,
			"opacity": 13,
			"red": 245
		},
		"title": "",
		"trigger": {
			"a": {
				"helper": "This trigger will be triggered without need anything (default)",
				"helperTitle": "Auto",
				"name": "auto"
			}
		},
		"type": "label",
		"value": {
			"type": "text",
			"value": "-  +20 to Affinity for this gang"
		}
	}, {
		"action": [],
		"bgcolor": {
			"blue": 203,
			"green": 21,
			"opacity": 20,
			"red": 217
		},
		"margin": {
			"left": 200,
			"top": 225
		},
		"parent": "",
		"requirement": [],
		"style": {
			"fontsize": 40
		},
		"tag": "line4",
		"textcolor": {
			"blue": 3,
			"green": 95,
			"opacity": 13,
			"red": 245
		},
		"title": "",
		"trigger": {
			"a": {
				"helper": "This trigger will be triggered without need anything (default)",
				"helperTitle": "Auto",
				"name": "auto"
			}
		},
		"type": "label",
		"value": {
			"type": "text",
			"value": "-  +20 to Current Subdistrict Score the Fixer is in"
		}
	}, {
		"action": [],
		"bgcolor": {
			"blue": 203,
			"green": 21,
			"opacity": 20,
			"red": 217
		},
		"margin": {
			"left": 200,
			"top": 280
		},
		"parent": "",
		"requirement": [],
		"style": {
			"fontsize": 40
		},
		"tag": "line5",
		"textcolor": {
			"blue": 3,
			"green": 95,
			"opacity": 13,
			"red": 245
		},
		"title": "",
		"trigger": {
			"a": {
				"helper": "This trigger will be triggered without need anything (default)",
				"helperTitle": "Auto",
				"name": "auto"
			}
		},
		"type": "label",
		"value": {
			"type": "text",
			"value": "- A large sum of negative affinity will be applied to the Rival of this gang"
		}
	}, {}, {
		"action": [],
		"bgcolor": {
			"blue": 203,
			"green": 21,
			"opacity": 20,
			"red": 217
		},
		"margin": {
			"left": 200,
			"top": 330
		},
		"parent": "",
		"requirement": [],
		"style": {
			"fontsize": 40
		},
		"tag": "line6",
		"textcolor": {
			"blue": 3,
			"green": 95,
			"opacity": 13,
			"red": 245
		},
		"title": "",
		"trigger": {
			"a": {
				"helper": "This trigger will be triggered without need anything (default)",
				"helperTitle": "Auto",
				"name": "auto"
			}
		},
		"type": "label",
		"value": {
			"type": "text",
			"value": "-  Gang-Inspired Set of Clothing"
		}
	}, {
		"action": [{
			"helper": "This action will set the Player's current Faction",
			"helperTitle": "Player : Current Gang",
			"name": "set_player_current_gang",
			"tag": "faction_tygerclaws"
		}, {
			"help": "Wait x second",
			"name": "wait_second",
			"value": 2
		}, {
			"name": "close_interface"
		}, {
			"help": "Wait x second",
			"name": "wait_second",
			"value": 2
		}, {
			"name": "wait_for_trigger",
			"trigger": {
				"name": "player_current_gang",
				"value": "faction_tygerclaws"
			}


		}, {
			"name": "gang_affinity",
			"score": 20,
			"value": "faction_tygerclaws"
		}, {
			"name": "gang_affinity",
			"score": 10,
			"value": "faction_arasaka"
		}, {
			"name": "gang_affinity",
			"score": -10,
			"value": "faction_mox"
		}, {

			"district": "district_westbrook",
			"faction": "faction_tygerclaws",
			"name": "add_gang_district_score",
			"value": 20
		}, {
			"faction": "faction_tygerclaws",
			"name": "add_gang_currentsubdistrict_score",
			"value": 20


		}, {
			"name": "if",
			"trigger": {
				"name": "player_gender",
				"value": "male"
			},
			"if_action": [{
				"amount": 1,
				"name": "give_item",
				"value": "Items.Helmet_04_rich_02"
			}, {
				"amount": 1,
				"name": "give_item",
				"value": "Items.Mask_03_rich_01"
			}, {
				"amount": 1,
				"name": "give_item",
				"value": "Items.Jacket_19_old_01"
			}, {
				"amount": 1,
				"name": "give_item",
				"value": "Items.Cop_01_Set_Pants"
			}, {
				"amount": 1,
				"name": "give_item",
				"value": "Items.Boots_09_rich_02"
			
			}],
			"else_action": [{
				"amount": 1,
				"name": "give_item",
				"value": "Items.Helmet_04_rich_02"
			}, {
				"amount": 1,
				"value": "Items.Mask_03_basic_02"
			}, {
				"amount": 1,
				"name": "give_item",
				"value": "Items.Jacket_19_old_01"
			}, {
				"amount": 1,
				"name": "give_item",
				"value": "Items.Pants_02_rich_03"
			}, {
				"amount": 1,
				"name": "give_item",
				"value": "Items.Boots_09_basic_01"
			}]
		}, {
			"name": "do_event",
			"value": "GNC_reaction_system"
			}, {
		"name": "do_function",
		"value": "GNC_Affinity_Edit"


		}],
		"bgcolor": {
			"blue": 5,
			"green": 75,
			"opacity": 15,
			"red": 100
		},
		"margin": {
			"left": 842,
			"right": 415,
			"top": 590
		},
		"parent": "",
		"requirement": [
			["aaa"]
		],
		"style": {
			"fontsize": 30,
			"height": 280,
			"width": 420
		},
		"tag": "joint",
		"textcolor": {
			"blue": 150,
			"green": 111,
			"opacity": 2,
			"red": 175
		},
		"title": "Join the Tygerclaws",
		"trigger": {
			"aaa": {
				"helper": "This trigger will be triggered without need anything (default)",
				"helperTitle": "Auto",
				"name": "auto"
			}
		},
		"tweak": "",
		"type": "button",
		"value": {
			"type": ""
		}
	}],
	"heigh": 700,
	"tag": "tygers_ui",
	"title": "Join The Tyger Claws",
	"width": 700,
	"x": 200,
	"y": 200
}