{
	"x": 200,
	"width": 700,
	"title": "Join The Mox",
	"heigh": 700,
	"y": 200,
	"controls": [{
		"tag": "line1",
		"requirement": [],
		"style": {
			"fontsize": 40
		},
		"margin": {
			"left": 200
		},
		"trigger": {
			"a": {
				"helperTitle": "Auto",
				"name": "auto",
				"helper": "This trigger will be triggered without need anything (default)"
			}
		},
		"textcolor": {
			"red": 245,
			"opacity": 13,
			"blue": 3,
			"green": 95
		},
		"title": "",
		"value": {
			"type": "text",
			"value": "Help the Mox get a better Reputation in Night City. "
		},
		"type": "label",
		"action": [],
		"bgcolor": {
			"red": 217,
			"opacity": 20,
			"blue": 203,
			"green": 21
		},
		"parent": ""
	}, {
		"tag": "line2",
		"requirement": [],
		"style": {
			"fontsize": 40
		},
		"margin": {
			"top": 100,
			"left": 200
		},
		"trigger": {
			"a": {
				"helperTitle": "Auto",
				"name": "auto",
				"helper": "This trigger will be triggered without need anything (default)"
			}
		},
		"textcolor": {
			"red": 245,
			"opacity": 13,
			"blue": 3,
			"green": 95
		},
		"title": "",
		"value": {
			"type": "text",
			"value": "Joining mox grants the following: "
		},
		"type": "label",
		"action": [],
		"bgcolor": {
			"red": 217,
			"opacity": 20,
			"blue": 203,
			"green": 21
		},
		"parent": ""
	}, {
		"tag": "line3",
		"requirement": [],
		"style": {
			"fontsize": 40
		},
		"margin": {
			"top": 175,
			"left": 200
		},
		"trigger": {
			"a": {
				"helperTitle": "Auto",
				"name": "auto",
				"helper": "This trigger will be triggered without need anything (default)"
			}
		},
		"textcolor": {
			"red": 245,
			"opacity": 13,
			"blue": 3,
			"green": 95
		},
		"title": "",
		"value": {
			"type": "text",
			"value": "-  +20 to Affinity for this gang"
		},
		"type": "label",
		"action": [],
		"bgcolor": {
			"red": 217,
			"opacity": 20,
			"blue": 203,
			"green": 21
		},
		"parent": ""
	}, {
		"tag": "line4",
		"requirement": [],
		"style": {
			"fontsize": 40
		},
		"margin": {
			"top": 225,
			"left": 200
		},
		"trigger": {
			"a": {
				"helperTitle": "Auto",
				"name": "auto",
				"helper": "This trigger will be triggered without need anything (default)"
			}
		},
		"textcolor": {
			"red": 245,
			"opacity": 13,
			"blue": 3,
			"green": 95
		},
		"title": "",
		"value": {
			"type": "text",
			"value": "-  +20 to Current Subdistrict Score the Fixer is in"
		},
		"type": "label",
		"action": [],
		"bgcolor": {
			"red": 217,
			"opacity": 20,
			"blue": 203,
			"green": 21
		},
		"parent": ""
	}, {
		"tag": "line5",
		"requirement": [],
		"style": {
			"fontsize": 40
		},
		"margin": {
			"top": 280,
			"left": 200
		},
		"trigger": {
			"a": {
				"helperTitle": "Auto",
				"name": "auto",
				"helper": "This trigger will be triggered without need anything (default)"
			}
		},
		"textcolor": {
			"red": 245,
			"opacity": 13,
			"blue": 3,
			"green": 95
		},
		"title": "",
		"value": {
			"type": "text",
			"value": "- A large sum of negative affinity will be applied to the Rival of this gang"
		},
		"type": "label",
		"action": [],
		"bgcolor": {
			"red": 217,
			"opacity": 20,
			"blue": 203,
			"green": 21
		},
		"parent": ""
	}, {
		"tag": "line6",
		"requirement": [],
		"style": {
			"fontsize": 40
		},
		"margin": {
			"top": 330,
			"left": 200
		},
		"trigger": {
			"a": {
				"helperTitle": "Auto",
				"name": "auto",
				"helper": "This trigger will be triggered without need anything (default)"
			}
		},
		"textcolor": {
			"red": 245,
			"opacity": 13,
			"blue": 3,
			"green": 95
		},
		"title": "",
		"value": {
			"type": "text",
			"value": "-  Gang-Inspired Set of Clothing"
		},
		"type": "label",
		"action": [],
		"bgcolor": {
			"red": 217,
			"opacity": 20,
			"blue": 203,
			"green": 21
		},
		"parent": ""
	}, {
		"tweak": "",
		"tag": "joinmox",
		"requirement": [
			["aaa"]
		],
		"parent": "",
		"margin": {
			"right": 415,
			"left": 842,
			"top": 590
		},
		"trigger": {
			"aaa": {
				"helperTitle": "Auto",
				"name": "auto",
				"helper": "This trigger will be triggered without need anything (default)"
			}
		},
		"textcolor": {
			"red": 300,
			"opacity": 5,
			"blue": 0,
			"green": 0
		},
		"title": "Join the Mox",
		"value": {
			"type": ""
		},
		"type": "button",
		"action": [{
			"name": "set_player_current_gang",
			"helperTitle": "Player : Current Gang",
			"helper": "This action will set the Player's current Faction",
			"tag": "faction_mox"
		}, {
			"help": "Wait x second",
			"name": "wait_second",
			"value": 2
		}, {
			"name": "close_interface"
		}, {
			"help": "Wait x second",
			"name": "wait_second",
			"value": 2
		}, {
			"name": "wait_for_trigger",
			"trigger": {
				"name": "player_current_gang",
				"value": "faction_mox"
			}



		}, {
			"score": 20,
			"name": "gang_affinity",
			"value": "faction_mox"
		}, {
			"score": -30,
			"name": "gang_affinity",
			"value": "faction_tygerclaws"
		}, {
			"score": -15,
			"name": "gang_affinity",
			"value": "faction_maelstrom"
		}, {
			"value": 20,
			"district": "district_watson",
			"name": "add_gang_district_score",
			"faction": "faction_mox"
		}, {
			"value": 20,
			"name": "add_gang_currentsubdistrict_score",
			"faction": "faction_mox"
		}, {




			"name": "if",
			"trigger": {
				"name": "player_gender",
				"value": "male"
			},
			"if_action": [{
				"amount": 1,
				"name": "give_item",
				"value": "Items.Cap_03_old_02"
			}, {
				"amount": 1,
				"name": "give_item",
				"value": "Items.Jacket_17_rich_06"
			}, {
				"amount": 1,
				"name": "give_item",
				"value": "Items.FormalShirt_01_rich_01"
			}, {
				"amount": 1,
				"name": "give_item",
				"value": "Items.Mask_02_rich_02"
			}, {
				"amount": 1,
				"name": "give_item",
				"value": "Items.Pants_13_rich_02"
			}, {
				"amount": 1,
				"name": "give_item",
				"value": "Items.Shorts_01_rich_01"
			}, {
				"amount": 1,
				"name": "give_item",
				"value": "Items.Jacket_02_rich_01"
			}, {
				
				"amount": 1,
				"name": "give_item",
				"value": "Items.CasualShoes_07_rich_02"
			}],

			"else_action": [{
				"amount": 1,
				"name": "give_item",
				"value": "Items.Cap_03_old_02"
			}, {
				"amount": 1,
				"name": "give_item",
				"value": "Items.Jacket_17_rich_06"
			}, {
				"amount": 1,
				"name": "give_item",
				"value": "Items.TShirt_08_rich_01"
			}, {
				"amount": 1,
				"name": "give_item",
				"value": "Items.Pants_03_basic_03"
			
			}, {
				"amount": 1,
				"name": "give_item",
				"value": "Items.Shorts_01_rich_01"
			}, {
				"amount": 1,
				"name": "give_item",
				"value": "Items.Boots_08_rich_01"
				}, {
				"amount": 1,
				"name": "give_item",
				"value": "Items.CasualShoes_07_rich_02"
			}]
		}, {

			"name": "do_event",
			"value": "GNC_reaction_system"
			}, {
		"name": "do_function",
		"value": "GNC_Affinity_Edit"
		}],
		"bgcolor": {
			"red": 140,
			"opacity": 0,
			"blue": 240,
			"green": 0
		},
		"style": {
			"fontsize": 30,
			"width": 400,
			"height": 300
		}
	}],
	"values": [],
	"tag": "mox_ui"
}