{
	"name": "Delamain_taxi_voice_System",
	"tag": "Delamain_taxi_voice_System",
	"way": "init",
	"trigger": {
		"npc": {
			"name": "auto"
		}
	},
	"requirement": [
		[
			"npc"
		]
	],
	"action": [{
		"name": "set_variable",
		"variable": "Delamain Voice",
		"key": "taxi",
		"value": "OG",
		"context": [{
				"trigger": {
					"condition01": {
						"name": "auto"
					}
				},
				"requirement": [
					["condition01"]
				],
				"prop": {
					"value": {
						"type": "text",
						"text": "##text",
						"values": {
							"text": {
								"type": "random_text",
								"list": ["Sad", "anger", "deep", "glados", "OG"]
							}
						}
					}
				}
			}]
	}]
}