{
	"name": "Framework_start",
	"tag": "Framework_start",
	"way": "init",
	"trigger": {
		"npc": {
			"name": "auto"
		}
	},
	"requirement": [
		[
			"npc"
		]
	],
	"action": [{
		"name": "create_group",
		"tag": "mox"
	}, {
		"name": "wait_second",
		"value": 0.1
	}, {
		"name": "create_group",
		"tag": "tygerclaws"
	}, {
		"name": "wait_second",
		"value": 0.1
	}, {
		"name": "create_group",
		"tag": "voodoo"
	}, {
		"name": "wait_second",
		"value": 0.1
	}, {
		"name": "create_group",
		"tag": "animals"
	}, {
		"name": "wait_second",
		"value": 0.1
	}, {
		"name": "create_group",
		"tag": "scavengers"
	}, {
		"name": "wait_second",
		"value": 0.1
	}, {
		"name": "create_group",
		"tag": "maelstrom"
	}, {
		"name": "wait_second",
		"value": 0.1
	}, {
		"name": "create_group",
		"tag": "valentinos"
	}, {
		"name": "wait_second",
		"value": 0.1
	}, {
		"name": "create_group",
		"tag": "6thstreet"
	}, {
		"name": "wait_second",
		"value": 0.1
	}, {
		"name": "create_group",
		"tag": "wraiths"
	}, {
		"name": "wait_second",
		"value": 0.1
	}, {
		"name": "create_group",
		"tag": "aldecaldos"
	}, {
		"name": "wait_second",
		"value": 0.1
	}, {
		"name": "create_group",
		"tag": "ncpd"
	}, {
		"name": "wait_second",
		"value": 0.1
	}, {
		"name": "create_group",
		"tag": "arasaka"
	}, {
		"name": "wait_second",
		"value": 0.1
	}, {
		"name": "create_group",
		"tag": "militech"
	}, {
		"name": "wait_second",
		"value": 0.1
	}, {
		"name": "create_group",
		"tag": "kangtao"
	}, {
		"name": "wait_second",
		"value": 0.1
	}, {
		"name": "create_group",
		"tag": "traumateam"
	}, {
		"name": "wait_second",
		"value": 0.1
	}, {
		"name": "wait_second",	
		"value": 0.1
	}, {
		"name": "simple_message",
		"value": "Initialized"
	}]
}