{
	"name": "open_door",
	"tag": "openDoor",
	"way": "init",
	"trigger": {
		"npc": {
			"name": "auto"
		}
	},
	"requirement": [
		[
			"npc"
		]
	],
	"action": [{
		"name": "wait_for_trigger",
		"trigger": {
			"name": "look_at_object",
			"value": "door"
		}
	}, {
		"name": "wait_second",
		"value": 5
	}, {
		"name": "if",
		"trigger": {
					"name": "look_at_object",
				"value": "door"
		},
		"if_action": [{
				"name": "destroy_entity_you_look_at"
			}
		],
		"else_action": [{
			}
		]
	}, {
		"name": "do_event",
		"value": "DefaultRefresh",
		"parallele": false
	}]
}