{
	"name": "set_news",
	"tag": "set_news",
	"way": "world",
	"trigger": {
		"npc": {
			"name": "event_is_finished",
			"tag":"set_news"
		}


	},
	"requirement": [
		[
			"npc"
		]
	],
	"action": [
	
	{
		"name":"set_score",
		"score":"corpo_news",
		"key":"canget",
		"value": 1,
		"helper": "This action will set a value for a key of a score ",
		"helperTitle": "Score : Set Score"
	},
	{
		"name": "wait_second",	
		"value": 0.5
	},
	{
		"name":"set_score",
		"score":"corpo_news",
		"key":"canget",
		"value": 0,
		"helper": "This action will set a value for a key of a score ",
		"helperTitle": "Score : Set Score"
	},
	{
		"name": "wait_second",	
		"value": 30
	}]
}