{
    "name": "auto_update",
    "tag": "auto_update",
    "way": "init",
    "trigger": {

        "auto": {
            "name": "auto"
        }
    },

    "requirement": [
        [
            "auto"
        ]
    ],
    "action": [{
            "name": "if",
            "trigger": {
                "name": "player_is_connected"
            },
            "if_action": [{
                    "name": "get_datapacklist"

                }, {
                    "name": "wait_second",
                    "value": 2
                }, {
                    "name": "get_modversion"

                }, {
                    "name": "wait_second",
                    "value": 2
                }, {
                    "name": "if",
                    "trigger": {
                        "name": "datapack_is_outdated",
                        "tag": "default"
                    },
                    "if_action": [{
                            "name": "consolelog",
                            "value": "AutoUpdate : Default datapack is outdated, update in progress"
                        }, {
                            "name": "update_datapack",
                            "value": "default.zip",
                            "tag": "default"

                        }
                    ],
                    "else_action": [{
                            "name": "consolelog",
                            "value": "AutoUpdate : Default datapack is up to date."
                        }
                    ],
                    "helper": "This action will check a trigger and execute IF actions if the trigger is OK or ELSE action if the trigger is not OK",
                    "helperTitle": "Logic : If"
                },
				
				{
                    "name": "wait_second",
                    "value": 2
                }, {
                    "name": "if",
                    "trigger": {
                        "name": "datapack_is_outdated",
                        "tag": "autoupdate"
                    },
                    "if_action": [{
                            "name": "consolelog",
                            "value": "AutoUpdate : autoupdate datapack is outdated, update in progress"
                        }, {
                            "name": "update_datapack",
                            "value": "autoupdate.zip",
                            "tag": "autoupdate"

                        }
                    ],
                    "else_action": [{
                            "name": "consolelog",
                            "value": "AutoUpdate : autoupdate datapack is up to date."
                        }
                    ],
                    "helper": "This action will check a trigger and execute IF actions if the trigger is OK or ELSE action if the trigger is not OK",
                    "helperTitle": "Logic : If"
                },
				{
                    "name": "wait_second",
                    "value": 2
                }, {
                    "name": "if",
                    "trigger": {
                        "name": "mod_is_outdated"
                    },
                    "if_action": [{
                            "name": "consolelog",
                            "value": "AutoUpdate : Mod is outdated, update in progress"
                        }, {
                            "name": "update_mod"

                        }
                    ],
                    "else_action": [{
                            "name": "consolelog",
                            "value": "AutoUpdate : Mod is up to date."
                        }
                    ],
                    "helper": "This action will check a trigger and execute IF actions if the trigger is OK or ELSE action if the trigger is not OK",
                    "helperTitle": "Logic : If"
                }
            ],
            "else_action": [{
                    "name": "consolelog",
                    "value": "AutoUpdate : can't connect user"
                }
            ]

        }
    ]
}
