{
	"name": "Car chase 2P BD",
	"tag": "Car chase 2P BD",
	"action": [{
			"name": "change_custom_score",
			"score": 1,
			"variable": "chasecar2p_event_score"
		}, {
			"name": "wait_second",
			"value": 2
		},
		{
			"name": "random_custom_score",
			"variable": "kill_event_score",
			"min": 20,
			"max": 22
		}, {
			"name": "wait_second",
			"value": 1
		}, {
			"max": 300,
			"min": 1,
			"name": "random_custom_score",
			"variable": "chasecar2p_event_score"
		}, {
			"name": "wait_second",
			"value": 1
		}, {
			"create_group_if_not_exist": false,
			"group": "",
			"help": "This action will summon a Vehicle with several custom parameter ",
			"helper": "This action will summon Vehicle with several custom parameter ",
			"helperTitle": "Vehicle : Spawn a Vehicle",
			"isAV": false,
			"name": "spawn_vehicule_v2",
			"position": "poi",
			"position_distance": 90,
			"position_helper": "at||relative||node||current_node||poi||mappin||fasttravel||current_fasttravel||custom_place||custom_room||current_custom_place||current_custom_room",
			"position_house_tag": "playerhouse01",
			"position_house_way": "default",
			"position_house_way_helper": "default||enter||exit",
			"position_node_current_detection_range": 70,
			"position_node_usegameplay": false,
			"position_poi_district": "",
			"position_poi_from_position": true,
			"position_poi_is_for_car": false,
			"position_poi_range": 60,
			"position_poi_subdistrict": "",
			"position_poi_type": 77,
			"position_poi_use_location_tag": false,
			"position_tag": "",
			"position_way": "normal",
			"position_way_helper": "normal||behind||forward",
			"scriptlevel": 0,
			"source": "current_district_leader",
			"source_gang": "faction_mox",
			"source_helper": "vehicle||faction||current_district_leader||current_subdistrict_leader||district_leader||subdistrict_leader||random||from_list||district_rival||subdistrict_rival||current_district_rival||current_subdistrict_rival",
			"source_list": ["Vehicle.cs_savable_archer_hella_police_siren"],
			"source_tag": "Vehicle.v_standard2_villefort_cortes_delamain",
			"source_tag_helper": "Vehicle.cs_savable_archer_hella_police_siren||faction_mox||district_westbrook||NorthOaks",
			"source_use_rival": false,
			"spawn_system": 1,
			"spawnlevel": 45,
			"tag": "taxi_delamain_taxi",
			"wait_for_vehicle": false,
			"x": 0,
			"y": 0,
			"z": 0,
			"alias": "Car_chasecar_fix",
			"amount": 1,
			"appearance": "",
			"appears_from_behind": false,
			"context": [{

				"trigger": {
					"condition01": {
						"name": "auto"
					}
				},
				"requirement": [
					["condition01"]
				],
				"prop": {
					"tag": {
						"text": "Cartag##amountnumber1",
						"type": "text",
						"values": {
							"amountnumber1": {
								"key": "Score",
								"type": "score",
								"variable": "chasecar2p_event_score"
							}
						}
					}

				}
			}]
		},
		{
			"name": "wait_second",
			"value": 3
		},
		{
			"create_group_if_not_exist": false,
			"group": "",
			"name": "spawn_npc",
			"position": "relative_to_entity",
			"position_distance": 5,
			"position_helper": "at||relative_to_entity||node||current_node||poi||mappin||fasttravel||current_fasttravel||custom_place||custom_room||current_custom_place||current_custom_room||current_custom_mappin",
			"position_house_tag": "playerhouse01",
			"position_house_way": "default||enter||exit",
			"position_node_current_detection_range": 40,
			"position_node_usegameplay": false,
			"position_poi_district": "",
			"position_poi_from_position": true,
			"position_poi_is_for_car": true,
			"position_poi_range": 80,
			"position_poi_subdistrict": "",
			"position_poi_type": 2,
			"position_poi_use_location_tag": false,
			"position_tag": "taxi_delamain_taxi",
			"position_tag_helper": "judy01||playerhouse01||playerhouse_bed||",
			"position_way": "normal",
			"position_way_helper": "normal||behind||forward",
			"scriptlevel": 0,
			"source": "current_subdistrict_leader",
			"source_gang": "player",
			"source_helper": "npc||current_star||faction||current_district_leader||current_subdistrict_leader||district_leader||subdistrict_leader||random||from_list||district_rival||subdistrict_rival||current_district_rival||current_subdistrict_rival",
			"source_list": ["Character.Judy"],
			"source_tag": "",
			"source_tag_helper": "Character.Judy||faction_mox||district_westbrook||NorthOaks",
			"source_use_rival": false,
			"source_use_vip": false,
			"spawnlevel": 45,
			"tag": "npc",
			"use_police_prevention_system": true,
			"x": -3,
			"y": 3,
			"z": 0,
			"alias": "Chase_npc_fix",
			"amount": 1,
			"appearance": "none",
			"context": [{
				"prop": {
					"position_tag": {
						"text": "Cartag##amountnumber1",
						"type": "text",
						"values": {
							"amountnumber1": {
								"key": "Score",
								"type": "score",
								"variable": "chasecar2p_event_score"
							}
						}
					},
					"tag": {
						"text": "NpcTag##amountnumber2",
						"type": "text",
						"values": {
							"amountnumber2": {
								"key": "Score",
								"type": "score",
								"variable": "chasecar2p_event_score"
							}
						}
					}
				},
				"requirement": [
					["condition01"]
				],
				"trigger": {
					"condition01": {
						"name": "auto"
					}
				}
			}]
		},
		{
			"name": "wait_second",
			"value": 2
		},
		{
			"create_group_if_not_exist": false,
			"group": "",
			"name": "spawn_npc",
			"position": "relative_to_entity",
			"position_distance": 5,
			"position_helper": "at||relative_to_entity||node||current_node||poi||mappin||fasttravel||current_fasttravel||custom_place||custom_room||current_custom_place||current_custom_room||current_custom_mappin",
			"position_house_tag": "playerhouse01",
			"position_house_way": "default||enter||exit",
			"position_node_current_detection_range": 40,
			"position_node_usegameplay": false,
			"position_poi_district": "",
			"position_poi_from_position": true,
			"position_poi_is_for_car": true,
			"position_poi_range": 80,
			"position_poi_subdistrict": "",
			"position_poi_type": 2,
			"position_poi_use_location_tag": false,
			"position_tag": "taxi_delamain_taxi",
			"position_tag_helper": "judy01||playerhouse01||playerhouse_bed||",
			"position_way": "normal",
			"position_way_helper": "normal||behind||forward",
			"scriptlevel": 0,
			"source": "current_district_leader",
			"source_gang": "player",
			"source_helper": "npc||current_star||faction||current_district_leader||current_subdistrict_leader||district_leader||subdistrict_leader||random||from_list||district_rival||subdistrict_rival||current_district_rival||current_subdistrict_rival",
			"source_list": ["Character.Judy"],
			"source_tag": "",
			"source_tag_helper": "Character.Judy||faction_mox||district_westbrook||NorthOaks",
			"source_use_rival": false,
			"source_use_vip": false,
			"spawnlevel": 45,
			"tag": "npc5",
			"use_police_prevention_system": true,
			"x": 3,
			"y": -3,
			"z": 0,
			"amount": 1,
			"appearance": "none",
			"context": [{
				"prop": {
					"position_tag": {
						"text": "Cartag##amountnumber1",
						"type": "text",
						"values": {
							"amountnumber1": {
								"key": "Score",
								"type": "score",
								"variable": "chasecar2p_event_score"
							}
						}
					},
					"tag": {
						"text": "chaserNPC3Tag##amountnumber6",
						"type": "text",
						"values": {
							"amountnumber6": {
								"key": "Score",
								"type": "score",
								"variable": "chasecar2p_event_score"
							}
						}
					}
				},
				"requirement": [
					["condition01"]
				],
				"trigger": {
					"condition01": {
						"name": "auto"
					}
				}
			}]
		},
		{
			"name": "wait_second",
			"value": 2
		},
		{
			"entity": "taxi_delamain_taxi",
			"move": "Sprint",
			"name": "move_entity_at_entity_relative",
			"tag": "npc",
			"x": -3,
			"y": 0,
			"z": 0,
			"context": [{
				"prop": {
					"entity": {
						"text": "Cartag##amountnumber1",
						"type": "text",
						"values": {
							"amountnumber1": {
								"key": "Score",
								"type": "score",
								"variable": "chasecar2p_event_score"
							}
						}
					},
					"tag": {
						"text": "NpcTag##amountnumber2",
						"type": "text",
						"values": {
							"amountnumber2": {
								"key": "Score",
								"type": "score",
								"variable": "chasecar2p_event_score"
							}
						}
					}
				},
				"requirement": [
					["condition01"]
				],
				"trigger": {
					"condition01": {
						"name": "auto"
					}
				}
			}]
		},
		{
			"entity": "taxi_delamain_taxi",
			"move": "Sprint",
			"name": "move_entity_at_entity_relative",
			"tag": "npc5",
			"x": 3,
			"y": 0,
			"z": 0,
			"context": [{
				"prop": {
					"entity": {
						"text": "Cartag##amountnumber1",
						"type": "text",
						"values": {
							"amountnumber1": {
								"key": "Score",
								"type": "score",
								"variable": "chasecar2p_event_score"
							}
						}
					},
					"tag": {
						"text": "chaserNPC3Tag##amountnumber6",
						"type": "text",
						"values": {
							"amountnumber6": {
								"key": "Score",
								"type": "score",
								"variable": "chasecar2p_event_score"
							}
						}
					}
				},
				"requirement": [
					["condition01"]
				],
				"trigger": {
					"condition01": {
						"name": "auto"
					}
				}
			}]
		},
		{
			"name": "wait_second",
			"value": 2
		},
		{
			"name": "entity_set_seat",
			"seat": "seat_front_left",
			"tag": "npc",
			"vehicle": "taxi_delamain_taxi",
			"waitforsit": false,
			"context": [{
				"prop": {
					"tag": {
						"text": "NpcTag##amountnumber2",
						"type": "text",
						"values": {
							"amountnumber2": {
								"key": "Score",
								"type": "score",
								"variable": "chasecar2p_event_score"
							}
						}
					},
					"vehicle": {
						"text": "Cartag##amountnumber1",
						"type": "text",
						"values": {
							"amountnumber1": {
								"key": "Score",
								"type": "score",
								"variable": "chasecar2p_event_score"
							}
						}
					}
				},
				"requirement": [
					["condition01"]
				],
				"trigger": {
					"condition01": {
						"name": "auto"
					}
				}
			}]
		},
		{
			"name": "entity_set_seat",
			"seat": "seat_front_right",
			"tag": "npc5",
			"vehicle": "taxi_delamain_taxi",
			"waitforsit": false,
			"context": [{
				"prop": {
					"tag": {
						"text": "chaserNPC3Tag##amountnumber6",
						"type": "text",
						"values": {
							"amountnumber6": {
								"key": "Score",
								"type": "score",
								"variable": "chasecar2p_event_score"
							}
						}
					},
					"vehicle": {
						"text": "Cartag##amountnumber1",
						"type": "text",
						"values": {
							"amountnumber1": {
								"key": "Score",
								"type": "score",
								"variable": "chasecar2p_event_score"
							}
						}
					}
				},
				"requirement": [
					["condition01"]
				],
				"trigger": {
					"condition01": {
						"name": "auto"
					}
				}
			}]
		},
		{
			"name": "wait_second",
			"value": 1
		},
		{
			"create_group_if_not_exist": false,
			"group": "",
			"isAV": false,
			"name": "spawn_vehicule_v2",
			"position": "relative_to_entity",
			"position_distance": 4,
			"position_helper": "at||relative||node||current_node||poi||mappin||fasttravel||current_fasttravel||custom_place||custom_room||current_custom_place||current_custom_room||current_custom_mappin",
			"position_house_tag": "playerhouse01",
			"position_house_way": "default",
			"position_house_way_helper": "default||enter||exit",
			"position_node_current_detection_range": 70,
			"position_node_usegameplay": false,
			"position_poi_district": "",
			"position_poi_from_position": false,
			"position_poi_is_for_car": false,
			"position_poi_range": 90,
			"position_poi_subdistrict": "",
			"position_poi_type": 1,
			"position_poi_use_location_tag": false,
			"position_tag": "taxi_delamain_taxi",
			"position_tag_helper": "judy01||playerhouse01||playerhouse_bed||",
			"position_way": "behind",
			"position_way_helper": "normal||behind||forward",
			"scriptlevel": 0,
			"source": "current_district_leader",
			"source_gang": "faction_mox",
			"source_helper": "vehicle||faction||current_district_leader||current_subdistrict_leader||district_leader||subdistrict_leader||random||from_list||district_rival||subdistrict_rival||current_district_rival||current_subdistrict_rival",
			"source_list": ["Vehicle.cs_savable_archer_hella_police_siren"],
			"source_tag": "Vehicle.cs_savable_archer_hella_police_siren",
			"source_tag_helper": "Vehicle.cs_savable_archer_hella_police_siren||faction_mox||district_westbrook||NorthOaks",
			"source_use_rival": true,
			"spawn_system": 1,
			"spawnlevel": 36,
			"tag": "chaser",
			"wait_for_vehicle": false,
			"x": 3,
			"y": -3,
			"z": 0,
			"alias": "Car_chasecar2_fix",
			"amount": 1,
			"appearance": "",
			"appears_from_behind": false,
			"context": [{
				"prop": {
					"position_tag": {
						"text": "Cartag##amountnumber1",
						"type": "text",
						"values": {
							"amountnumber1": {
								"key": "Score",
								"type": "score",
								"variable": "chasecar2p_event_score"
							}
						}
					},
					"tag": {
						"text": "chasercartag##amountnumber4",
						"type": "text",
						"values": {
							"amountnumber4": {
								"key": "Score",
								"type": "score",
								"variable": "chasecar2p_event_score"
							}
						}
					}
				},
				"requirement": [
					["condition01"]
				],
				"trigger": {
					"condition01": {
						"name": "auto"
					}
				}
			}]
		},
		{
			"name": "wait_second",
			"value": 2
		},
		{
			"create_group_if_not_exist": false,
			"group": "",
			"name": "spawn_npc",
			"position": "relative_to_entity",
			"position_distance": 5,
			"position_helper": "at||relative_to_entity||node||current_node||poi||mappin||fasttravel||current_fasttravel||custom_place||custom_room||current_custom_place||current_custom_room||current_custom_mappin",
			"position_house_tag": "playerhouse01",
			"position_house_way": "default||enter||exit",
			"position_node_current_detection_range": 40,
			"position_node_usegameplay": false,
			"position_poi_district": "",
			"position_poi_from_position": true,
			"position_poi_is_for_car": true,
			"position_poi_range": 80,
			"position_poi_subdistrict": "",
			"position_poi_type": 2,
			"position_poi_use_location_tag": false,
			"position_tag": "chaser",
			"position_tag_helper": "judy01||playerhouse01||playerhouse_bed||",
			"position_way": "normal",
			"position_way_helper": "normal||behind||forward",
			"scriptlevel": 0,
			"source": "current_district_leader",
			"source_gang": "",
			"source_helper": "npc||current_star||faction||current_district_leader||current_subdistrict_leader||district_leader||subdistrict_leader||random||from_list||district_rival||subdistrict_rival||current_district_rival||current_subdistrict_rival",
			"source_list": ["Character.Judy"],
			"source_tag": "",
			"source_tag_helper": "Character.Judy||faction_mox||district_westbrook||NorthOaks",
			"source_use_rival": true,
			"source_use_vip": false,
			"spawnlevel": 45,
			"tag": "npc2",
			"use_police_prevention_system": true,
			"x": -3,
			"y": 3,
			"z": 0,
			"alias": "Chase_npc2_fix",
			"amount": 1,
			"appearance": "none",
			"context": [{
				"prop": {
					"position_tag": {
						"text": "chasercartag##amountnumber4",
						"type": "text",
						"values": {
							"amountnumber4": {
								"key": "Score",
								"type": "score",
								"variable": "chasecar2p_event_score"
							}
						}
					},
					"tag": {
						"text": "chaserNPCTag##amountnumber3",
						"type": "text",
						"values": {
							"amountnumber3": {
								"key": "Score",
								"type": "score",
								"variable": "chasecar2p_event_score"
							}
						}
					}
				},
				"requirement": [
					["condition01"]
				],
				"trigger": {
					"condition01": {
						"name": "auto"
					}
				}
			}]
		},
		{
			"name": "wait_second",
			"value": 3
		},
		{
			"create_group_if_not_exist": false,
			"group": "",
			"name": "spawn_npc",
			"position": "relative_to_entity",
			"position_distance": 5,
			"position_helper": "at||relative_to_entity||node||current_node||poi||mappin||fasttravel||current_fasttravel||custom_place||custom_room||current_custom_place||current_custom_room||current_custom_mappin",
			"position_house_tag": "playerhouse01",
			"position_house_way": "default||enter||exit",
			"position_node_current_detection_range": 40,
			"position_node_usegameplay": false,
			"position_poi_district": "",
			"position_poi_from_position": true,
			"position_poi_is_for_car": true,
			"position_poi_range": 80,
			"position_poi_subdistrict": "",
			"position_poi_type": 2,
			"position_poi_use_location_tag": false,
			"position_tag": "chaser",
			"position_tag_helper": "judy01||playerhouse01||playerhouse_bed||",
			"position_way": "normal",
			"position_way_helper": "normal||behind||forward",
			"scriptlevel": 0,
			"source": "current_district_leader",
			"source_gang": "",
			"source_helper": "npc||current_star||faction||current_district_leader||current_subdistrict_leader||district_leader||subdistrict_leader||random||from_list||district_rival||subdistrict_rival||current_district_rival||current_subdistrict_rival",
			"source_list": ["Character.Judy"],
			"source_tag": "",
			"source_tag_helper": "Character.Judy||faction_mox||district_westbrook||NorthOaks",
			"source_use_rival": true,
			"source_use_vip": false,
			"spawnlevel": 45,
			"tag": "npc3",
			"use_police_prevention_system": true,
			"x": 3,
			"y": -3,
			"z": 0,
			"alias": "Chase_npc3_fix",
			"amount": 1,
			"appearance": "none",
			"context": [{
				"prop": {
					"position_tag": {
						"text": "chasercartag##amountnumber4",
						"type": "text",
						"values": {
							"amountnumber4": {
								"key": "Score",
								"type": "score",
								"variable": "chasecar2p_event_score"
							}
						}
					},
					"tag": {
						"text": "chaserNPC2Tag##amountnumber5",
						"type": "text",
						"values": {
							"amountnumber5": {
								"key": "Score",
								"type": "score",
								"variable": "chasecar2p_event_score"
							}
						}
					}
				},
				"requirement": [
					["condition01"]
				],
				"trigger": {
					"condition01": {
						"name": "auto"
					}
				}
			}]
		},
		{
			"name": "wait_second",
			"value": 2
		},
		{
			"entity": "chaser",
			"move": "Sprint",
			"name": "move_entity_at_entity_relative",
			"tag": "npc2",
			"x": -3,
			"y": 0,
			"z": 0,
			"context": [{
				"prop": {
					"entity": {
						"text": "chasercartag##amountnumber4",
						"type": "text",
						"values": {
							"amountnumber4": {
								"key": "Score",
								"type": "score",
								"variable": "chasecar2p_event_score"
							}
						}
					},
					"tag": {
						"text": "chaserNPCTag##amountnumber3",
						"type": "text",
						"values": {
							"amountnumber3": {
								"key": "Score",
								"type": "score",
								"variable": "chasecar2p_event_score"
							}
						}
					}
				},
				"requirement": [
					["condition01"]
				],
				"trigger": {
					"condition01": {
						"name": "auto"
					}
				}
			}]
		},
		{
			"entity": "chaser",
			"move": "Sprint",
			"name": "move_entity_at_entity_relative",
			"tag": "npc3",
			"x": 2,
			"y": 0,
			"z": 0,
			"context": [{
				"prop": {
					"entity": {
						"text": "chasercartag##amountnumber4",
						"type": "text",
						"values": {
							"amountnumber4": {
								"key": "Score",
								"type": "score",
								"variable": "chasecar2p_event_score"
							}
						}
					},
					"tag": {
						"text": "chaserNPC2Tag##amountnumber6",
						"type": "text",
						"values": {
							"amountnumber6": {
								"key": "Score",
								"type": "score",
								"variable": "chasecar2p_event_score"
							}
						}
					}
				},
				"requirement": [
					["condition01"]
				],
				"trigger": {
					"condition01": {
						"name": "auto"
					}
				}
			}]
		},
		{
			"name": "wait_second",
			"value": 2
		},
		{
			"name": "entity_set_seat",
			"seat": "seat_front_left",
			"tag": "npc2",
			"vehicle": "chaser",
			"waitforsit": false,
			"context": [{
				"prop": {
					"tag": {
						"text": "chaserNPCTag##amountnumber3",
						"type": "text",
						"values": {
							"amountnumber3": {
								"key": "Score",
								"type": "score",
								"variable": "chasecar2p_event_score"
							}
						}
					},
					"vehicle": {
						"text": "chasercartag##amountnumber4",
						"type": "text",
						"values": {
							"amountnumber4": {
								"key": "Score",
								"type": "score",
								"variable": "chasecar2p_event_score"
							}
						}
					}
				},
				"requirement": [
					["condition01"]
				],
				"trigger": {
					"condition01": {
						"name": "auto"
					}
				}
			}]
		},
		{
			"name": "entity_set_seat",
			"seat": "seat_front_right",
			"tag": "npc3",
			"vehicle": "chaser",
			"waitforsit": false,
			"context": [{
				"prop": {
					"tag": {
						"text": "chaserNPC2Tag##amountnumber5",
						"type": "text",
						"values": {
							"amountnumber5": {
								"key": "Score",
								"type": "score",
								"variable": "chasecar2p_event_score"
							}
						}
					},
					"vehicle": {
						"text": "chasercartag##amountnumber4",
						"type": "text",
						"values": {
							"amountnumber4": {
								"key": "Score",
								"type": "score",
								"variable": "chasecar2p_event_score"
							}
						}
					}
				},
				"requirement": [
					["condition01"]
				],
				"trigger": {
					"condition01": {
						"name": "auto"
					}
				}
			}]
		},
		{
			"name": "wait_second",
			"value": 2
		},
		{
			"entity": "npc2",
			"name": "attitude_entity_against_entity",
			"tag": "npc",
			"attitude": "hostile",
			"context": [{
				"prop": {
					"entity": {
						"text": "NpcTag##amountnumber2",
						"type": "text",
						"values": {
							"amountnumber2": {
								"key": "Score",
								"type": "score",
								"variable": "chasecar2p_event_score"
							}
						}
					},
					"tag": {
						"text": "chaserNPCTag##amountnumber3",
						"type": "text",
						"values": {
							"amountnumber3": {
								"key": "Score",
								"type": "score",
								"variable": "chasecar2p_event_score"
							}
						}
					}
				},
				"requirement": [
					["condition01"]
				],
				"trigger": {
					"condition01": {
						"name": "auto"
					}
				}
			}]
		},
		{
			"entity": "npc5",
			"name": "attitude_entity_against_entity",
			"tag": "npc3",
			"attitude": "hostile",
			"context": [{
				"prop": {
					"entity": {
						"text": "chaserNPC3Tag##amountnumber6",
						"type": "text",
						"values": {
							"amountnumber6": {
								"key": "Score",
								"type": "score",
								"variable": "chasecar2p_event_score"
							}
						}
					},
					"tag": {
						"text": "chaserNPC2Tag##amountnumber5",
						"type": "text",
						"values": {
							"amountnumber5": {
								"key": "Score",
								"type": "score",
								"variable": "chasecar2p_event_score"
							}
						}
					}
				},
				"requirement": [
					["condition01"]
				],
				"trigger": {
					"condition01": {
						"name": "auto"
					}
				}
			}]
		},
		{
			"destination": "#wat_lch_dataterm_04",
			"greenlight": false,
			"name": "vehicle_go_to_fasttravel_point",
			"needdriver": true,
			"speed": 100,
			"tag": "taxi_delamain_taxi",
			"usetraffic": true,
			"context": [{
				"prop": {
					"destination": {
						"text": "##text1",
						"values": {
							"text1": {
								"list": ["#wat_lch_dataterm_05", "#wat_lch_metro_ftp_09", "#wat_lch_metro_ftp_02", "#wat_kab_dataterm_06", "#wat_lch_metro_ftp_08", "#wat_lch_dataterm_04", "#wat_kab_dataterm_01", "#wat_kab_dataterm_02", "#wat_kab_dataterm_06", "#wat_lch_dataterm_10", "#wat_kab_dataterm_07", "#wat_kab_dataterm_04", "#wat_lch_dataterm_07", "#wat_nid_dataterm_01", "#wat_nid_dataterm_02", "#wbr_jpn_dataterm_05", "#wbr_jpn_dataterm_03", "#wbr_jpn_metro_ftp_02", "#wbr_hil_dataterm_01", "#wbr_jpn_dataterm_11", "#wbr_jpn_dataterm_07", "#wbr_hil_dataterm_02", "#wbr_hil_dataterm_04", "#wbr_hil_metro_ftp_01", "#wbr_hil_dataterm_05", "#wbr_jpn_dataterm_02", "#wbr_jpn_dataterm_10", "#wbr_jpn_dataterm_06", "#wbr_jpn_metro_ftp_01", "#wbr_jpn_metro_ftp_02", "#std_rcr_dataterm_08", "#std_rcr_dataterm_02", "#std_rcr_dataterm_09", "#std_rcr_dataterm_06", "#std_rcr_dataterm_01", "#std_rcr_dataterm_03", "#std_rcr_dataterm_10", "#std_arr_dataterm_08", "#std_arr_metro_ftp_01", "#std_arr_dataterm_03", "#std_arr_dataterm_07", "#std_arr_dataterm_01", "#std_arr_dataterm_04", "#std_arr_dataterm_02", "#std_rcr_metro_ftp_05", "#pac_cvi_dataterm_02", "#pac_cvi_dataterm_04", "#wat_awf_dataterm_03", "#pac_cvi_metro_ftp_01", "#wat_nid_metro_ftp_01"],
								"type": "random_text"
							}
						}
					},
					"tag": {
						"text": "Cartag##amountnumber1",
						"type": "text",
						"values": {
							"amountnumber1": {
								"key": "Score",
								"type": "score",
								"variable": "chasecar2p_event_score"
							}
						}
					}
				},
				"requirement": [
					["condition01"]
				],
				"trigger": {
					"condition01": {
						"name": "auto"
					}
				}
			}]
		},
		{
			"entity": "npc2",
			"name": "attitude_entity_against_entity",
			"tag": "npc",
			"attitude": "hostile",
			"context": [{
				"prop": {
					"entity": {
						"text": "NpcTag##amountnumber2",
						"type": "text",
						"values": {
							"amountnumber2": {
								"key": "Score",
								"type": "score",
								"variable": "chasecar2p_event_score"
							}
						}
					},
					"tag": {
						"text": "chaserNPCTag##amountnumber3",
						"type": "text",
						"values": {
							"amountnumber3": {
								"key": "Score",
								"type": "score",
								"variable": "chasecar2p_event_score"
							}
						}
					}
				},
				"requirement": [
					["condition01"]
				],
				"trigger": {
					"condition01": {
						"name": "auto"
					}
				}
			}]
		},
		{
			"entity": "npc3",
			"name": "attitude_entity_against_entity",
			"tag": "npc",
			"attitude": "hostile",
			"context": [{
				"prop": {
					"entity": {
						"text": "NpcTag##amountnumber2",
						"type": "text",
						"values": {
							"amountnumber2": {
								"key": "Score",
								"type": "score",
								"variable": "chasecar2p_event_score"
							}
						}
					},
					"tag": {
						"text": "chaserNPC2Tag##amountnumber5",
						"type": "text",
						"values": {
							"amountnumber3": {
								"key": "Score",
								"type": "score",
								"variable": "chasecar2p_event_score"
							}
						}
					}
				},
				"requirement": [
					["condition01"]
				],
				"trigger": {
					"condition01": {
						"name": "auto"
					}
				}
			}]
		},
		{
			"name": "wait_second",
			"value": 50


		}
	]
}