{
	"name": "crowd_war",
	"tag": "crowd_war",
	"action": [{
			"name": "create_group",
			"tag": "crowd_war"
		}, {
			"name": "for",
			"amount": 50,
			"context": [{
					"trigger": {
						"v1": {
							"name": "check_score",
							"value": "Datapack",
							"key": "Difficulty",
							"score": 1,
							"operator": "="
						}
					},
					"requirement": [
						["v1"]
					],
					"prop": {
						"value": {
							"type": "number",
							"text": "##Mode",
							"values": {
								"Mode": {
									"type": "number",
									"value": 75
								}
							}
						}
					}
				}, {
					"trigger": {
						"v2": {
							"name": "check_score",
							"value": "Datapack",
							"key": "Difficulty",
							"score": 2,
							"operator": "="
						}
					},
					"requirement": [
						["v2"]
					],
					"prop": {
						"value": {
							"type": "number",
							"text": "##Mode",
							"values": {
								"Mode": {
									"type": "number",
									"value": 85
								}
							}
						}
					}
				},
				{
					"trigger": {
						"v3": {
							"name": "check_score",
							"value": "Datapack",
							"key": "Difficulty",
							"score": 3,
							"operator": "="
						}
					},
					"requirement": [
						["v3"]
					],
					"prop": {
						"value": {
							"type": "number",
							"text": "##Mode",
							"values": {
								"Mode": {
									"type": "number",
									"value": 95
								}
							}
						}
					}
				}, {
					"trigger": {
						"v4": {
							"name": "check_score",
							"value": "Datapack",
							"key": "Difficulty",
							"score": 4,
							"operator": "="
						}
					},
					"requirement": [
						["v4"]
					],
					"prop": {
						"value": {
							"type": "text",
							"text": "CS Difficulty: ##Mode",
							"values": {
								"Mode": {
									"type": "number",
									"value": 150
								}
							}
						}
					}
				}
			],
			"action": [{
					"name": "wait_for_trigger",
					"trigger": {
						"name": "player_in_poi",
						"tag": "",
						"district": "",
						"subdistrict": "",
						"iscar": false,
						"type": 77,
						"uselocationtag": false,
						"range": 80
					}
				}, {
					"max": 9999,
					"min": 1,
					"name": "random_custom_score",
					"variable": "Crowdwar_score"
				},
				{
					"name": "spawn_npc",
					"tag": "blue01",
					"alias": "fix",
					"spawnlevel": 36,
					"use_police_prevention_system": true,
					"group": "crowd_war",
					"scriptlevel": 0,
					"appearance": "none",
					"create_group_if_not_exist": false,
					"source": "faction",
					"source_helper": "npc||current_star||faction||current_district_leader||current_subdistrict_leader||district_leader||subdistrict_leader||random||from_list||district_rival||subdistrict_rival||current_district_rival||current_subdistrict_rival",
					"source_gang": "faction_maelstrom",
					"source_tag": "faction_mox",
					"source_tag_helper": "Character.Judy||faction_mox||district_westbrook||NorthOaks",
					"source_list": ["Character.ma_wat_lch_08_outpost_miniboss",
						"Character.ma_wat_nid_02_outpost_miniboss",
						"Character.ma_hey_spr_11_outpost_miniboss",
						"Character.ma_wat_nid_06_outpost_miniboss",
						"Character.ma_pac_wwd_02_outpost_miniboss",
						"Character.ma_std_arr_03_outpost_miniboss",
						"Character.ma_std_rcr_08_outpost_miniboss",
						"Character.ma_std_rcr_18_outpost_miniboss",
						"Character.ma_wat_lch_01_outpost_miniboss",
						"Character.ma_wbr_nok_05_outpost_miniboss",
						"Character.ma_pac_cvi_12_outpost_miniboss",
						"Character.ma_hey_rey_06_outpost_miniboss"
					],
					"source_use_vip": false,
					"source_use_rival": false,
					"position": "poi",
					"position_helper": "at||relative_to_entity||node||player_look_at||poi||mappin||fasttravel||custom_place||custom_room",
					"position_change_helper": "Write 'current' in position_tag for get current node,mappin, fasttravel, custom_place or custom_room. \n For poi if you write 'current' in position_poi_district you will get the current district, \n if you write 'current in position_poi_subdistrict you will get the current subdistrict. \n also if you write 'random' in position_poi_subdistrict or position_poi_district, you will get an 'random' value",
					"position_range": 60,
					"position_lookatdistance": 0,
					"position_tag": "",
					"position_tag_helper": "judy01||playerhouse01||playerhouse_bed||",
					"position_way": "normal",
					"position_way_helper": "normal||behind||forward",
					"position_poi_district": "",
					"position_poi_subdistrict": "",
					"position_poi_is_for_car": false,
					"position_poi_from_position": true,
					"position_poi_use_location_tag": false,
					"position_poi_type": 77,
					"position_distance": 100,
					"position_house_way": "default",
					"position_house_way_helper": "default||enter||exit",
					"position_house_tag": "playerhouse01",
					"position_node_usegameplay": false,
					"x": 0,
					"y": 0,
					"z": 0,
					"amount": 1,
					"context": [{
						"trigger": {
							"condition01": {
								"name": "auto"
							}
						},
						"requirement": [
							[
								"condition01"
							]
						],
						"prop": {
							"tag": {
								"text": "npc##amountnumber1",
								"type": "text",
								"values": {
									"amountnumber1": {
										"key": "Score",
										"type": "score",
										"variable": "Crowdwar_score"
									}
								}
							},
							"source": {
								"text": "##name",
								"type": "text",
								"values": {
									"name": {
										"type": "random_text",
										"list": [
											"current_district_leader",
											"current_district_leader",
											"current_subdistrict_leader",
											"current_subdistrict_leader",
											"faction",
											"faction",
											"faction",
											"faction",
											"faction",
											"from_list",
											"from_list",
											"from_list",
											"from_list",
											"from_list",
											"faction",
											"faction",
											"faction",
											"faction",
											"current_subdistrict_rival",
											"current_subdistrict_rival",
											"current_subdistrict_rival",
											"current_district_rival",
											"current_district_rival",
											"current_district_rival"
										]
									}
								}
							},
							"source_tag": {
								"text": "##name",
								"type": "text",
								"values": {
									"name": {
										"type": "random_text",
										"list": [
											"faction_animals",
											"faction_maelstrom",
											"faction_voodooboys",
											"faction_ncpd",
											"faction_maxtac",
											"faction_afterlife",
											"faction_scavengers",
											"faction_tygerclaws",
											"faction_mox"
										]
									}
								}
							}
						}
					}]
				},
				{
					"name": "wait_second",
					"value": 1
				},
				{
					"name": "if",
					"trigger": {
						"name": "entity_in_faction",
						"tag": "judy01",
						"faction": "faction_mox",
						"context": [{
							"trigger": {
								"condition01": {
									"name": "auto"
								}
							},
							"requirement": [
								[
									"condition01"
								]
							],
							"prop": {
								"tag": {
									"text": "npc##amountnumber1",
									"type": "text",
									"values": {

										"key": "Score",
										"type": "score",
										"variable": "Crowd_score"
									}
								}
							},
							"faction": {
								"text": "##playerfaction",
								"type": "text",
								"values": {
									"factionname": {
										"type": "variable",
										"variable": "player",
										"key": "current_gang"
									},
									"amountnumber1": {
										"playerfaction": {
											"type": "faction",
											"tag": "faction_mox",
											"prop": "Tag",
											"replace": "tag",
											"context_value": "factionname"
										}
									}
								}
							}
						}]
					},
					"if_action": [{
						"name": "attitude_entity_against_entity",
						"tag": "blue01",
						"entity": "player",
						"attitude": "friendly",
						"context": [{
							"trigger": {
								"condition01": {
									"name": "auto"
								}
							},
							"requirement": [
								[
									"condition01"
								]
							],
							"prop": {
								"tag": {
									"text": "npc##amountnumber1",
									"type": "text",
									"values": {
										"amountnumber1": {
											"key": "Score",
											"type": "score",
											"variable": "Crowdwar_score"
										}
									}
								}
							}

						}]
					}],
					"else_action": [{

					}]
				}, {
					"name": "consolelog",
					"value": "walk"
				},
				{
					"name": "wait_second",
					"value": 1
				},
				{
					"name": "move",
					"tag": "blue01",
					"group": false,
					"move": "Walk",
					"position": "poi",
					"position_helper": "at||relative_to_entity||node||player_look_at||poi||mappin||fasttravel||custom_place||custom_room",
					"position_change_helper": "Write 'current' in position_tag for get current node,mappin, fasttravel, custom_place or custom_room. \n For poi if you write 'current' in position_poi_district you will get the current district, \n if you write 'current in position_poi_subdistrict you will get the current subdistrict. \n also if you write 'random' in position_poi_subdistrict or position_poi_district, you will get an 'random' value",
					"position_range": 90,
					"position_lookatdistance": 0,
					"position_tag": "",
					"position_tag_helper": "judy01||playerhouse01||playerhouse_bed||",
					"position_way": "normal",
					"position_way_helper": "normal||behind||forward",
					"position_poi_district": "",
					"position_poi_subdistrict": "",
					"position_poi_is_for_car": false,
					"position_poi_from_position": false,
					"position_poi_use_location_tag": false,
					"position_poi_type": 77,
					"position_distance": 90,
					"position_house_way": "default",
					"position_house_way_helper": "default||enter||exit",
					"position_house_tag": "playerhouse01",
					"position_node_usegameplay": false,
					"x": 1,
					"y": -1,
					"z": 0,
					"moveV2": true,
					"roll": 0,
					"pitch": 0,
					"yaw": 0,
					"distance": 100,
					"distancetolerance": 100,
					"ignorenavigation": true,
					"stoponobstacle": false,
					"outofway": false,
					"context": [{
						"trigger": {
							"condition01": {
								"name": "auto"
							}
						},
						"requirement": [
							[
								"condition01"
							]
						],
						"prop": {
							"tag": {
								"text": "npc##amountnumber1",
								"type": "text",
								"values": {
									"amountnumber1": {
										"key": "Score",
										"type": "score",
										"variable": "Crowd_score"
									}
								}
							}
						}
					}]
				}, {
					"name": "wait_second",
					"value": 1
				}
			]
		},
		{
			"name": "wait",
			"value": 2,
			"context": [{
					"trigger": {
						"v1": {
							"name": "check_score",
							"value": "Datapack",
							"key": "Difficulty",
							"score": 1,
							"operator": "="
						}
					},
					"requirement": [
						["v1"]
					],
					"prop": {
						"value": {
							"type": "number",
							"text": "##Mode",
							"values": {
								"Mode": {
									"type": "number",
									"value": 5
								}
							}
						}
					}
				}, {
					"trigger": {
						"v2": {
							"name": "check_score",
							"value": "Datapack",
							"key": "Difficulty",
							"score": 2,
							"operator": "="
						}
					},
					"requirement": [
						["v2"]
					],
					"prop": {
						"value": {
							"type": "number",
							"text": "##Mode",
							"values": {
								"Mode": {
									"type": "number",
									"value": 7
								}
							}
						}
					}
				},
				{
					"trigger": {
						"v3": {
							"name": "check_score",
							"value": "Datapack",
							"key": "Difficulty",
							"score": 3,
							"operator": "="
						}
					},
					"requirement": [
						["v3"]
					],
					"prop": {
						"value": {
							"type": "number",
							"text": "##Mode",
							"values": {
								"Mode": {
									"type": "number",
									"value": 9
								}
							}
						}
					}
				}, {
					"trigger": {
						"v4": {
							"name": "check_score",
							"value": "Datapack",
							"key": "Difficulty",
							"score": 4,
							"operator": "="
						}
					},
					"requirement": [
						["v4"]
					],
					"prop": {
						"value": {
							"type": "text",
							"text": "CS Difficulty: ##Mode",
							"values": {
								"Mode": {
									"type": "number",
									"value": 11
								}
							}
						}
					}
				}
			]
		},
		{
			"name": "despawn_group",
			"tag": "crowd_war"
		},
		{
			"name": "wait_second",
			"value": 1
		},
		{
			"name": "wait_second",
			"value": 1
		},
		{
			"name": "remove_group",
			"tag": "crowd_war"
		}
	]
}