{
	"name": "kill_JPT_NS_SD_HEY_LNCED",
	"tag": "kill_JPT_NS_SD_HEY_LNCED",

	"action": [{
			"name": "random_subtitle",
			"title": [
				"There were some pretty dangerous guys around this District. Be cautious. But most importantly, Get the job done",
				"Alright, Look at the holomap, and go from there. Good luck.",
				"Oooo boy, alright I got a good select few of fuckheads runnin' around near the mark on your holomap. Good luck.",
				"I hope you love a challenge, Go to the spot on your map. Be quick.",
				"Time to see what you're made of, Merc. Head to the spot I uploaded to your holomap.",
				"There Was activity in this District, kinda distant from here...from me... Just look at your Holomap and figure it out. Now. Go!"
			],
			"type": 1,
			"target": "player",
			"speaker": "Officer",
			"duration": 4
		}, {
			"name": "wait_second",
			"value": 1
		},
		{
			"name": "random_custom_score",
			"variable": "kill_event_score",
			"min": 2,
			"max": 6
		}, {
			"name": "create_group",
			"tag": "encountergroup"
		},
		{
			"name": "wait_second",
			"value": 1
		},
		{
			"name": "spawn_npc",
			"tag": "blue01",
			"alias": "NCPDNPC_fix",
			"spawnlevel": 45,
			"use_police_prevention_system": true,
			"group": "encountergroup",
			"scriptlevel": 0,
			"appearance": "none",
			"create_group_if_not_exist": false,
			"source": "current_district_leader",
			"source_helper": "npc||current_star||faction||current_district_leader||current_subdistrict_leader||district_leader||subdistrict_leader||random||from_list||district_rival||subdistrict_rival||current_district_rival||current_subdistrict_rival",
			"source_gang": "faction_mox",
			"source_tag": "Character.sts_wat_nid_01_cyberpsycho",
			"source_tag_helper": "Character.Judy||faction_mox||district_westbrook||NorthOaks",
			"source_list": [
				"Character.ma_hey_gle_02_outpost_miniboss",
				"Character.ma_hey_spr_11_outpost_miniboss",
				"Character.ma_pac_cvi_12_outpost_miniboss",
				"Character.ma_pac_cvi_12_outpost_miniboss",
				"Character.ma_pac_wwd_02_outpost_miniboss",
				"Character.ma_wat_nid_06_outpost_miniboss",
				"Character.sts_wat_kab_08_cyberpsycho",
				"Character.ma_wat_lch_06_cyberpsycho",
				"Character.ma_wat_kab_02_cyberpsycho",
				"Character.ma_cct_dtn_07_cyberpsycho",
				"Character.ma_hey_spr_06_cyberpsycho",
				"Character.ma_std_rcr_11_cyberpsycho"
			],
			"source_use_vip": false,
			"source_use_rival": false,
			"position": "mappin",
			"position_helper": "at||relative_to_entity||node||player_look_at||poi||mappin||fasttravel||custom_place||custom_room",
			"position_change_helper": "Write 'current' in position_tag for get current node,mappin, fasttravel, custom_place or custom_room. \n For poi if you write 'current' in position_poi_district you will get the current district, \n if you write 'current in position_poi_subdistrict you will get the current subdistrict. \n also if you write 'random' in position_poi_subdistrict or position_poi_district, you will get an 'random' value",
			"position_range": 50,
			"position_lookatdistance": 0,
			"position_tag": "kill_pin",
			"position_tag_helper": "judy01||playerhouse01||playerhouse_bed||",
			"position_way": "normal",
			"position_way_helper": "normal||behind||forward",
			"position_poi_district": "",
			"position_poi_subdistrict": "",
			"position_poi_is_for_car": false,
			"position_poi_from_position": false,
			"position_poi_use_location_tag": false,
			"position_poi_type": 1,
			"position_distance": 5,
			"position_house_way": "default",
			"position_house_way_helper": "default||enter||exit",
			"position_house_tag": "playerhouse01",
			"position_node_usegameplay": false,
			"x": 0,
			"y": 0,
			"z": 0,
			"amount": 1,
			"help": "This action will summon a custom npc with several custom parameter ",
			"helper": "This action will summon a custom npc with several custom parameter ",
			"helperTitle": "Entity : Spawn NPC",
			"context": [{
					"trigger": {
						"max1": {
							"name": "check_score",
							"value": "Datapack",
							"key": "Difficulty",
							"score": 1,
							"operator": "="
						}
					},
					"requirement": [
						["max1"]
					],
					"prop": {
						"amount": {
							"type": "number",
							"text": "##number",
							"values": {
								"number": {
									"type": "random_number",
									"list": [4, 5, 6]

								}
							}
						}
					}
				}, {
					"trigger": {
						"max2": {
							"name": "check_score",
							"value": "Datapack",
							"key": "Difficulty",
							"score": 2,
							"operator": "="
						}
					},
					"requirement": [
						["max2"]
					],
					"prop": {
						"amount": {
							"type": "number",
							"text": "##number",
							"values": {
								"number": {
									"type": "random_number",
									"list": [8, 10]
								}
							}
						}
					}
				},
				{
					"trigger": {
						"max3": {
							"name": "check_score",
							"value": "Datapack",
							"key": "Difficulty",
							"score": 3,
							"operator": "="
						}
					},
					"requirement": [
						["max3"]
					],
					"prop": {
						"amount": {
							"type": "number",
							"text": "##number",
							"values": {
								"number": {
									"type": "random_number",
									"list": [12, 14]
								}
							}
						}
					}
				}, {
					"trigger": {
						"max4": {
							"name": "check_score",
							"value": "Datapack",
							"key": "Difficulty",
							"score": 4,
							"operator": "="
						}
					},
					"requirement": [
						["max4"]
					],
					"prop": {
						"amount": {
							"type": "number",
							"text": "##number",
							"values": {
								"number": {
									"type": "random_number",
									"list": [14, 16]
								}
							}
						}
					}
				}, {
					"trigger": {
						"condition01": {
							"name": "auto"
						}
					},
					"requirement": [
						[
							"condition01"
						]
					],
					"prop": {
						"source": {
							"text": "##name",
							"type": "text",
							"values": {
								"name": {
									"type": "random_text",
									"list": [
										"current_district_leader",
										"from_list",
										"from_list",
										"from_list",
										"faction",
										"faction",
										"faction",
										"faction",
										"current_subdistrict_rival",
										"current_district_rival"
									]
								}
							}
						},
						"source_tag": {
							"text": "##te",
							"type": "text",
							"values": {
								"te": {
									"type": "random_text",
									"list": [
										"faction_animals",
										"faction_maelstrom",
										"faction_voodooboys",
										"faction_scavengers",
										"faction_tygerclaws",
										"faction_sixthstreet",
										"faction_valentinos"
									]
								}

							}
						}
					}
				}
			]
		},
		{
			"name": "wait_second",
			"value": 1
		},
		{
			"name": "wait_for_trigger",
			"trigger": {
				"name": "testFor",
				"triggers": [{
						"name": "compare",
						"trigger": {
							"name": "datapack_is_enabled",
							"tag": "Gangs of Night City"
						},
						"expected": true
					},
					{
						"name": "compare",
						"trigger": {
							"name": "datapack_is_enabled",
							"tag": "Gangs of Night City"
						},
						"expected": false
					}
				],
				"logic": "or"
			}
		},
		{
			"name": "if",
			"trigger": {
				"name": "testFor",
				"triggers": [{
						"name": "compare",
						"trigger": {
							"name": "datapack_is_enabled",
							"tag": "Gangs of Night City"
						},
						"expected": true
					},
					{
						"name": "compare",
						"trigger": {
							"name": "check_gang_relation",
							"tag": "player",
							"target": "1",
							"mode": "gang",
							"operator": "<=",
							"score": 10
						},
						"expected": true
					}
				],
				"logic": "and"
			},
			"if_action": [{
					"name": "attitude_group_against_entity",
					"tag": "encountergroup",
					"entity": "player",
					"attitude": "friendly"
				},
				{
					"name": "wait_for_trigger",
					"trigger": {
						"name": "entity_is_at_mappin_position",
						"tag": "kill_pin",
						"entity": "player",
						"range": 30
					}
				},
				{
					"name": "move",
					"tag": "encountergroup",
					"group": true,
					"move": "Walk",
					"position": "relative_to_entity",
					"position_helper": "at||relative_to_entity||node||player_look_at||poi||mappin||fasttravel||custom_place||custom_room",
					"position_change_helper": "Write 'current' in position_tag for get current node,mappin, fasttravel, custom_place or custom_room. \n For poi if you write 'current' in position_poi_district you will get the current district, \n if you write 'current in position_poi_subdistrict you will get the current subdistrict. \n also if you write 'random' in position_poi_subdistrict or position_poi_district, you will get an 'random' value",
					"position_range": 50,
					"position_lookatdistance": 0,
					"position_tag": "player",
					"position_tag_helper": "judy01||playerhouse01||playerhouse_bed||",
					"position_way": "normal",
					"position_way_helper": "normal||behind||forward",
					"position_poi_district": "",
					"position_poi_subdistrict": "",
					"position_poi_is_for_car": false,
					"position_poi_from_position": false,
					"position_poi_use_location_tag": false,
					"position_poi_type": 1,
					"position_distance": 5,
					"position_house_way": "default",
					"position_house_way_helper": "default||enter||exit",
					"position_house_tag": "playerhouse01",
					"position_node_usegameplay": false,
					"x": 3,
					"y": -5,
					"z": 0,
					"moveV2": true,
					"roll": 0,
					"pitch": 0,
					"yaw": 0,
					"distance": 0,
					"distancetolerance": 0,
					"ignorenavigation": true,
					"stoponobstacle": false,
					"outofway": false,
					"help": "This action will move an entity with several custom parameter ",
					"helper": "This action will move an entity with several custom parameter ",
					"helperTitle": "Entity : Move To"
				},
				{
					"name": "wait_for_trigger",
					"trigger": {
						"name": "entity_is_at_mappin_position",
						"tag": "kill_pin",
						"entity": "player",
						"range": 15
					}
				},
				{
					"name": "play_group_voice",
					"tag": "encountergroup",
					"voice": "greeting"
				},
				{

					"name": "wait_for_trigger",
					"trigger": {
						"name": "compare",
						"trigger": {
							"name": "entity_looked_is_gangfriendly"
						},
						"expected": true
					}
				},
				{
					"name": "random_subtitle",
					"title": [
						"You missed the fun",
						"Fun's over",
						"Look who decided to show up late to the party",
						"Hey,Friend!",
						"You're late to the party!"
					],
					"type": 1,
					"target": "player",
					"speaker": "Friendly",
					"duration": 3
				},
				{
					"name": "play_group_voice",
					"tag": "encountergroup",
					"voice": "greeting"
				},
				{
					"name": "wait_second",
					"value": 10
				},
				{
					"name": "delete_map_group",
					"mapgroup": "encountergroup"
				},
				{
					"name": "delete_map_group",
					"mapgroup": "killpingroup"
				},
				{
					"name": "delete_map_point",
					"tag": "kill_pin"
				},
				{
					"name": "despawn_group",
					"tag": "encountergroup"
				},
				{

					"name": "remove_group",
					"tag": "encountergroup"
				}
			],
			"else_action": [{
					"name": "attitude_group_against_entity",
					"tag": "encountergroup",
					"entity": "player",
					"attitude": "friendly"
				},
				{
					"name": "wait_for_trigger",
					"trigger": {
						"name": "entity_is_at_mappin_position",
						"tag": "kill_pin",
						"entity": "player",
						"range": 30
					}
				},
				{
					"name": "move",
					"tag": "encountergroup",
					"group": true,
					"move": "Walk",
					"position": "relative_to_entity",
					"position_helper": "at||relative_to_entity||node||player_look_at||poi||mappin||fasttravel||custom_place||custom_room",
					"position_change_helper": "Write 'current' in position_tag for get current node,mappin, fasttravel, custom_place or custom_room. \n For poi if you write 'current' in position_poi_district you will get the current district, \n if you write 'current in position_poi_subdistrict you will get the current subdistrict. \n also if you write 'random' in position_poi_subdistrict or position_poi_district, you will get an 'random' value",
					"position_range": 50,
					"position_lookatdistance": 0,
					"position_tag": "player",
					"position_tag_helper": "judy01||playerhouse01||playerhouse_bed||",
					"position_way": "normal",
					"position_way_helper": "normal||behind||forward",
					"position_poi_district": "",
					"position_poi_subdistrict": "",
					"position_poi_is_for_car": false,
					"position_poi_from_position": false,
					"position_poi_use_location_tag": false,
					"position_poi_type": 1,
					"position_distance": 5,
					"position_house_way": "default",
					"position_house_way_helper": "default||enter||exit",
					"position_house_tag": "playerhouse01",
					"position_node_usegameplay": false,
					"x": 0,
					"y": 1,
					"z": 0,
					"moveV2": true,
					"roll": 0,
					"pitch": 0,
					"yaw": 0,
					"distance": 0,
					"distancetolerance": 0,
					"ignorenavigation": true,
					"stoponobstacle": false,
					"outofway": false,
					"help": "This action will move an entity with several custom parameter ",
					"helper": "This action will move an entity with several custom parameter ",
					"helperTitle": "Entity : Move To"

				},
				{
					"name": "wait_for_trigger",
					"trigger": {
						"name": "entity_is_at_mappin_position",
						"tag": "kill_pin",
						"entity": "player",
						"range": 10
					}
				},
				{
					"name": "random_subtitle",
					"title": [
						"What's up, Pussy!",
						"Fuckin' Gonk!",
						"Bad time to be here!",
						"Hey, Fucko!",
						"Get Bent!",
						"Get 'em!",
						"Picked the wrooooooong time!!",
						"Oh you're fucked now!",
						"Get them!",
						"Time to go Nigh-night!",
						"Get that fuckin' gonk!",
						"Get the Fucking Narc!",
						"Stay the Fuck away from there, Gonk!",
						"Don't let them Find out!",
						"You don't wanna be here",
						"Stay the fuck away!"
					],
					"type": 1,
					"target": "player",
					"speaker": "Gang Member",
					"duration": 2
				},
				{
					"name": "new_map_point_to_group",
					"group": "encountergroup",
					"typemap": "Zzz06_NCPDGigVariant",
					"wall": false,
					"active": false,
					"mapgroup": "lnced"
				}, {
					"name": "wait_second",
					"value": 0.4
				},
				{
					"name": "play_game_sound",
					"value": "mus_sq031_cmf_01_START"
				},
				{
					"name": "wait_second",
					"value": 1
				},
				{
					"name": "move",
					"tag": "encountergroup",
					"group": true,
					"move": "Sprint",
					"position": "relative_to_entity",
					"position_helper": "at||relative_to_entity||node||player_look_at||poi||mappin||fasttravel||custom_place||custom_room",
					"position_change_helper": "Write 'current' in position_tag for get current node,mappin, fasttravel, custom_place or custom_room. \n For poi if you write 'current' in position_poi_district you will get the current district, \n if you write 'current in position_poi_subdistrict you will get the current subdistrict. \n also if you write 'random' in position_poi_subdistrict or position_poi_district, you will get an 'random' value",
					"position_range": 50,
					"position_lookatdistance": 0,
					"position_tag": "player",
					"position_tag_helper": "judy01||playerhouse01||playerhouse_bed||",
					"position_way": "normal",
					"position_way_helper": "normal||behind||forward",
					"position_poi_district": "",
					"position_poi_subdistrict": "",
					"position_poi_is_for_car": false,
					"position_poi_from_position": false,
					"position_poi_use_location_tag": false,
					"position_poi_type": 1,
					"position_distance": 5,
					"position_house_way": "default",
					"position_house_way_helper": "default||enter||exit",
					"position_house_tag": "playerhouse01",
					"position_node_usegameplay": false,
					"x": 0,
					"y": 1,
					"z": 0,
					"moveV2": true,
					"roll": 0,
					"pitch": 0,
					"yaw": 0,
					"distance": 0,
					"distancetolerance": 0,
					"ignorenavigation": true,
					"stoponobstacle": false,
					"outofway": false,
					"help": "This action will move an entity with several custom parameter ",
					"helper": "This action will move an entity with several custom parameter ",
					"helperTitle": "Entity : Move To"
				},
				{
					"name": "attitude_group_against_entity",
					"tag": "encountergroup",
					"entity": "player",
					"attitude": "hostile"
				},
				{
					"name": "wait_second",
					"value": 1
				},
				{
					"name": "wait_for_trigger",
					"trigger": {
						"name": "killed_group",
						"tag": "encountergroup"
					}
				},
				{
					"name": "play_game_sound",
					"value": "mus_sq031_cmf_09_after_crash_STOP",

					"help": "Play an Game's Sound",
					"helper": "This action will Play an Game's Sound",
					"helperTitle": "Sound : Play Game Sound"
				},
				{
					"name": "wait_second",
					"value": 5
				},
				{
					"name": "delete_map_group",
					"mapgroup": "encountergroup"
				},
				{
					"name": "delete_map_group",
					"mapgroup": "killpingroup"
				},
				{
					"name": "delete_map_point",
					"tag": "kill_pin"
				},
				{
					"name": "despawn_group",
					"tag": "encountergroup"
				},
				{
					"name": "delete_map_group",
					"mapgroup": "Kill_5_mission_1741626"
				}, {
					"name": "play_game_sound",
					"value": "mus_sq031_cmf_09_after_crash_STOP"
				}, {
					"name": "remove_group",
					"tag": "encountergroup"
				}, {
					"name": "give_random_money",
					"min": 12331,
					"max": 66777
				}, {
					"name": "phone_notification",
					"title": "Thanks.",
					"desc": "Now GTFO of there, let us do our job.",
					"duration": 5,
					"conversation": ""
				}, {
					"name": "add_to_custom_score",
					"value": "Quota",
					"score": 1
				}, {
					"name": "wait_second",
					"value": 0.5
				},
				{
					"name": "gang_affinity",
					"value": "faction_ncpd",
					"score": 5

				}, {
					"name": "wait_second",
					"value": 0.5
				},
				{
					"name": "simple_message",
					"value": "This is a ingame Message !",
					"context": [{
						"trigger": {
							"condition01": {
								"name": "auto"
							}
						},
						"requirement": [
							["condition01"]
						],
						"prop": {
							"value": {
								"text": "Nice! Quota at: ##amountnumber",
								"type": "text",
								"values": {
									"amountnumber": {
										"key": "Score",
										"type": "score",
										"variable": "Quota"
									}
								}
							}
						}
					}]
				}, {
					"name": "set_gang_currentsubdistrict_score",
					"faction": "faction_ncpd",
					"value": 15
				}, {
					"name": "set_gang_currentdistrict_score",
					"faction": "faction_ncpd",
					"value": 5
				}, {
					"name": "wait_second",
					"value": 0.5
				},
				{
					"name": "do_event",
					"value": "Quota_ncpd_system"
				}
			]
		}
	]
}