{
	"action": [{
			"name": "change_custom_score",
			"variable": "patrolcar_event_score",
			"score": 1
		}, {
			"name": "wait_second",
			"value": 1
		},
		{
			"name": "random_custom_score",
			"variable": "patrolcar_event_score",
			"min": 1,
			"max": 50
		}, {
			"name": "wait_second",
			"value": 1
		}, {
			"name": "spawn_vehicule_v2",
			"tag": "taxi_delamain_taxi",
			"spawnlevel": 36,
			"appearance": "none",
			"spawn_system": 1,
			"scriptlevel": 0,
			"group": "",
			"create_group_if_not_exist": false,
			"source": "current_district_leader",
			"source_helper": "vehicle||faction||current_district_leader||current_subdistrict_leader||district_leader||subdistrict_leader||random||from_list||district_rival||subdistrict_rival||current_district_rival||current_subdistrict_rival",
			"source_tag": "Vehicle.cs_savable_archer_hella_police_siren",
			"source_gang": "faction_mox",
			"source_list": ["Vehicle.cs_savable_archer_hella_police_siren"],
			"source_tag_helper": "Vehicle.cs_savable_archer_hella_police_siren||faction_mox||district_westbrook||NorthOaks",
			"source_use_rival": true,
			"position": "poi",
			"position_helper": "at||relative_to_entity||node||player_look_at||poi||mappin||fasttravel||custom_place||custom_room",
			"position_change_helper": "Write 'current' in position_tag for get current node,mappin, fasttravel, custom_place or custom_room. \n For poi if you write 'current' in position_poi_district you will get the current district, \n if you write 'current in position_poi_subdistrict you will get the current subdistrict. \n also if you write 'random' in position_poi_subdistrict or position_poi_district, you will get an 'random' value",
			"position_range": 60,
			"position_lookatdistance": 0,
			"position_tag": "",
			"position_tag_helper": "judy01||playerhouse01||playerhouse_bed||",
			"position_way": "normal",
			"position_way_helper": "normal||behind||forward",
			"position_poi_district": "",
			"position_poi_subdistrict": "",
			"position_poi_is_for_car": true,
			"position_poi_from_position": true,
			"position_poi_use_location_tag": false,
			"position_poi_type": 30,
			"position_distance": 50,
			"position_house_way": "default",
			"position_house_way_helper": "default||enter||exit",
			"position_house_tag": "playerhouse01",
			"position_node_usegameplay": false,
			"x": 0,
			"y": 0,
			"z": 0,
			"amount": 1,
			"isAV": false,
			"appears_from_behind": true,
			"wait_for_vehicle": true,
			"help": "This action will summon a Vehicle with several custom parameter ",
			"helper": "This action will summon Vehicle with several custom parameter ",
			"helperTitle": "Vehicle : Spawn a Vehicle",
			"context": [{
				"trigger": {
					"condition01": {
						"name": "auto"

					}
				},
				"requirement": [
					["condition01"]
				],
				"prop": {
					"tag": {
						"type": "text",
						"text": "Cartag##amountnumber1",
						"values": {
							"amountnumber1": {
								"type": "score",
								"variable": "patrolcar_event_score",
								"key": "Score"
							}
						}
					},
					"position_poi_type": {
						"type": "number",
						"text": "##numberrandom",
						"values": {
							"numberrandom": {
								"type": "random_number",
								"list": [20, 21, 22, 30, 2]

							}
						}
					}
				}
			}]
		}, {
			"name": "wait_second",
			"value": 3
		},
		{
			"name": "spawn_npc",
			"tag": "blue01",
			"alias": "NCPDNPC_fix",
			"spawnlevel": 36,
			"use_police_prevention_system": true,
			"group": "",
			"scriptlevel": 0,
			"appearance": "none",
			"create_group_if_not_exist": false,
			"source": "current_district_leader",
			"source_helper": "npc||current_star||faction||current_district_leader||current_subdistrict_leader||district_leader||subdistrict_leader||random||from_list||district_rival||subdistrict_rival||current_district_rival||current_subdistrict_rival",
			"source_gang": "faction_mox",
			"source_tag": "Character.Judy",
			"source_tag_helper": "Character.Judy||faction_mox||district_westbrook||NorthOaks",
			"source_list": ["Character.Judy"],
			"source_use_vip": false,
			"source_use_rival": false,
			"position": "relative_to_entity",
			"position_helper": "at||relative_to_entity||node||player_look_at||poi||mappin||fasttravel||custom_place||custom_room",
			"position_change_helper": "Write 'current' in position_tag for get current node,mappin, fasttravel, custom_place or custom_room. \n For poi if you write 'current' in position_poi_district you will get the current district, \n if you write 'current in position_poi_subdistrict you will get the current subdistrict. \n also if you write 'random' in position_poi_subdistrict or position_poi_district, you will get an 'random' value",
			"position_range": 50,
			"position_lookatdistance": 0,
			"position_tag": "taxi_delamain_taxi",
			"position_tag_helper": "judy01||playerhouse01||playerhouse_bed||",
			"position_way": "normal",
			"position_way_helper": "normal||behind||forward",
			"position_poi_district": "",
			"position_poi_subdistrict": "",
			"position_poi_is_for_car": true,
			"position_poi_from_position": false,
			"position_poi_use_location_tag": false,
			"position_poi_type": 1,
			"position_distance": 5,
			"position_house_way": "default",
			"position_house_way_helper": "default||enter||exit",
			"position_house_tag": "playerhouse01",
			"position_node_usegameplay": false,
			"help": "This action will summon a custom npc with several custom parameter ",
			"helper": "This action will summon a custom npc with several custom parameter ",
			"helperTitle": "Entity : Spawn NPC",
			"x": -3,
			"y": 3,
			"z": 0,
			"amount": 1,
			"context": [{
				"prop": {
					"position_tag": {
						"text": "Cartag##amountnumber1",
						"type": "text",
						"values": {
							"amountnumber1": {
								"key": "Score",
								"type": "score",
								"variable": "patrolcar_event_score"
							}
						}
					},
					"tag": {
						"text": "NpcTag##amountnumber2",
						"type": "text",
						"values": {
							"amountnumber2": {
								"key": "Score",
								"type": "score",
								"variable": "patrolcar_event_score"
							}
						}
					}
				},
				"requirement": [
					["condition01"]
				],
				"trigger": {
					"condition01": {
						"name": "auto"
					}
				}
			}]
		},
		{
			"name": "wait_second",
			"value": 3
		},
		{

			"entity": "player",
			"name": "attitude_entity_against_entity",
			"tag": "npc",
			"attitude": "passive",
			"context": [{
				"prop": {
					"tag": {
						"text": "NpcTag##amountnumber2",
						"type": "text",
						"values": {
							"amountnumber2": {
								"key": "Score",
								"type": "score",
								"variable": "patrolcar_event_score"
							}
						}
					}
				},
				"requirement": [
					["condition01"]
				],
				"trigger": {
					"condition01": {
						"name": "auto"
					}
				}
			}]
		},
		{
			"name": "wait_second",
			"value": 3
		},
		{
			"entity": "taxi_delamain_taxi",
			"move": "Sprint",
			"name": "move_entity_at_entity_relative",
			"tag": "npc",
			"x": -2,
			"y": 0,
			"z": 0,
			"context": [{
				"prop": {
					"entity": {
						"text": "Cartag##amountnumber1",
						"type": "text",
						"values": {
							"amountnumber1": {
								"key": "Score",
								"type": "score",
								"variable": "patrolcar_event_score"
							}
						}
					},
					"tag": {
						"text": "NpcTag##amountnumber2",
						"type": "text",
						"values": {
							"amountnumber2": {
								"key": "Score",
								"type": "score",
								"variable": "patrolcar_event_score"
							}
						}
					}
				},
				"requirement": [
					["condition01"]
				],
				"trigger": {
					"condition01": {
						"name": "auto"
					}
				}
			}]
		},
		{
			"name": "wait_second",
			"value": 2
		},
		{
			"name": "entity_set_seat",
			"seat": "seat_front_left",
			"tag": "npc",
			"vehicle": "taxi_delamain_taxi",
			"waitforsit": true,
			"context": [{
				"prop": {
					"tag": {
						"text": "NpcTag##amountnumber2",
						"type": "text",
						"values": {
							"amountnumber2": {
								"key": "Score",
								"type": "score",
								"variable": "patrolcar_event_score"
							}
						}
					},
					"vehicle": {
						"text": "Cartag##amountnumber1",
						"type": "text",
						"values": {
							"amountnumber1": {
								"key": "Score",
								"type": "score",
								"variable": "patrolcar_event_score"
							}
						}
					}
				},
				"requirement": [
					["condition01"]
				],
				"trigger": {
					"condition01": {
						"name": "auto"
					}
				}
			}]
		},
		{
			"name": "wait_second",
			"value": 3
		},
		{

			"destination": "#wat_lch_dataterm_04",
			"greenlight": false,
			"name": "vehicle_go_to_fasttravel_point",
			"needdriver": true,
			"speed": 100,
			"tag": "taxi_delamain_taxi",
			"usetraffic": true,
			"context": [{
				"prop": {
					"destination": {
						"text": "##text1",
						"values": {
							"text1": {
								"list": ["#wbr_jpn_dataterm_05", "#wbr_jpn_dataterm_03", "#wbr_jpn_metro_ftp_02", "#wbr_hil_dataterm_01", "#wbr_jpn_dataterm_11", "#wbr_jpn_dataterm_07", "#wbr_hil_dataterm_02", "#wbr_hil_dataterm_04", "#wbr_hil_metro_ftp_01", "#wbr_hil_dataterm_05", "#wbr_jpn_dataterm_02", "#wbr_jpn_dataterm_10", "#wbr_jpn_dataterm_06", "#wbr_jpn_metro_ftp_01", "#wbr_jpn_metro_ftp_02"],
								"type": "random_text"
							}
						}
					},
					"tag": {
						"text": "Cartag##amountnumber1",
						"type": "text",
						"values": {
							"amountnumber1": {
								"key": "Score",
								"type": "score",
								"variable": "patrolcar_event_score"
							}
						}
					}
				},
				"requirement": [
					["condition01"]
				],
				"trigger": {
					"condition01": {
						"name": "auto"
					}
				}
			}]
		},
		{
			"name": "wait_seconds",
			"value": 30
		},
		{
			"name": "despawn_entity",
			"tag": "blue02",
			"context": [{
				"prop": {
					"tag": {
						"text": "NpcTag##amountnumber2",
						"type": "text",
						"values": {
							"amountnumber2": {
								"key": "Score",
								"type": "score",
								"variable": "patrolcar_event_score"
							}
						}
					}
				},
				"requirement": [
					["condition01"]
				],
				"trigger": {
					"condition01": {
						"name": "auto"
					}
				}
			}]
		},
		{
			"name": "despawn_entity",
			"tag": "blue01",
			"context": [{
				"prop": {
					"tag": {
						"text": "CarTag##amountnumber1",
						"type": "text",
						"values": {
							"amountnumber2": {
								"key": "Score",
								"type": "score",
								"variable": "patrolcar_event_score"
							}
						}
					}
				},
				"requirement": [
					["condition01"]
				],
				"trigger": {
					"condition01": {
						"name": "auto"
					}
				}
			}]
		}
	],
	"name": "Patrol_westbrook",
	"tag": "Patrol_westbrook"
}