{
	"name": "Decrease Difficulty",
	"tag": "Decrese Difficulty",
	"display": "event_interact",
	"timer": 0,
	"sorttag": "0",
	"trigger": {
		"condition01": {
			"name": "auto"
		}
	},
	"requirement": [
		[
			"condition01"
		]
	],
	"action": [{
		"name": "operate_score",
		"score": "Datapack",
		"key": "Difficulty",
		"value": 1,
		"operator": "-",
		"min": 0,
		"max": 5
	}, {
		"name": "simple_message",
		"value": "CS Difficulty: Normal",
		"context": [{
				"trigger": {
					"fight1": {
						"name": "check_score",
						"value": "Datapack",
						"key": "Difficulty",
						"score": 1,
						"operator": "="
					}
				},
				"requirement": [
					["fight1"]
				],
				"prop": {
					"value": {
						"type": "text",
						"text": "CS Difficulty: ##Mode",
						"values": {
							"Mode": {
								"type": "text",
								"value": "Hard"
							}
						}
					}
				}
			}, {
				"trigger": {
					"fight2": {
						"name": "check_score",
						"value": "Datapack",
						"key": "Difficulty",
						"score": 2,
						"operator": "="
					}
				},
				"requirement": [
					["fight2"]
				],
				"prop": {
					"value": {
						"type": "text",
						"text": "CS Difficulty: ##Mode",
						"values": {
							"Mode": {
								"type": "text",
								"value": "Chaotic"
							}
						}
					}
				}
			},
			{
				"trigger": {
					"fight3": {
						"name": "check_score",
						"value": "Datapack",
						"key": "Difficulty",
						"score": 3,
						"operator": "="
					}
				},
				"requirement": [
					["fight3"]
				],
				"prop": {
					"value": {
						"type": "text",
						"text": "CS Difficulty: ##Mode",
						"values": {
							"Mode": {
								"type": "text",
								"value": "Why?"
							}
						}
					}
				}
			}, {
				"trigger": {
					"fight4": {
						"name": "check_score",
						"value": "Datapack",
						"key": "Difficulty",
						"score": 4,
						"operator": "="
					}
				},
				"requirement": [
					["fight4"]
				],
				"prop": {
					"value": {
						"type": "text",
						"text": "CS Difficulty: ##Mode",
						"values": {
							"Mode": {
								"type": "text",
								"value": "MAXIMUM OVERDRIVE!"
							}
						}
					}
				}

			}
		]
	}]
}