{
	"name": "Test Whateverthefuck",
	"tag": "testwtf",
	"display": "event_interact",
	"timer": 0,
	"sorttag": "0",
	"trigger": {
		"condition01":{
			"name": "auto"
			
		}
	},
	"requirement": [
		[
			"condition01"
		]
	],
	"action": [
				
		{
			
	
	
		"name": "set_gang_district_score",
		"faction": "faction_mox",
		"district": "district_watson",
		"value": 50
		}, {
			"name": "set_gang_district_score",
		"faction": "faction_mox",
		"district": "district_westbrook",
		"value": 50
		}, {
			"name": "set_gang_district_score",
		"faction": "faction_mox",
		"district": "district_heywood",
		"value": 50
	
		
		
		
		
		
	},
	]
}