{
    "title": "Dirty Missions",
    "content": "Simple and basic kill missions with random reward.",
    "tag": "dirtyMission",

    "recommandedlevel": 10,
    "questtype": 5,
    "district": 120,

    "recurrent": true,
    "trigger_condition": {

        "myfixer": {
            "name": "npc",
            "way": "fixer",
            "value": "fixer_regina",
            "way_help": "phone||speak||fixer",
            "value_help": "use value (write the Name) for phone or Speak or value (write a tag text) for fixer",
            "helper": "This trigger will be triggered when you talk with a specific NPC",
            "helperTitle": "NPC : who is talking"

         }
    },
        "trigger_condition_requirement": [
            [
                "myfixer"
            ]
        ],
        "unlock_action": [

        ],
        "trigger_action": [
            {
                "name": "subtitle",
                "title": "Our central report us an conflict, solve it please. Check your map for see where is it.",
                "type": 1,
                "target": "player",
                "speaker": "Regina",
                "persistent": false,
                "duration": 3
            }, {
                "name": "random_subtitle",
                "title": [
                    "On it. ",
                    "Consider it done.",
                    "On my way",
                    "Gotcha.",
                    "They will pay for it",
                    "I will not let them survive",
                    "It will be an carnage"
                ],
                "type": 1,
                "target": "player",
                "speaker": "V",
                "duration": 3,
                "helper": "This action will fire an random subtitle, it act live wait for second",
                "helperTitle": "Dialog : run random subtitle"
            }, {
                "name": "set_mappin",

                "tag": "dirtymission_mappin_01",
                "typemap": "ExclamationMarkVariant",
                "wall": true,
                "active": true,
                "mapgroup": "",
                "title": "Dirty Missions",
                "desc": "Go at this place and see what's happen",

                "position": "poi",
                "position_range": 99999,
                "position_lookatdistance": 0,
                "position_tag": "",
                "position_way": "normal",
                "position_poi_district": "random",
                "position_poi_subdistrict": "",
                "position_poi_is_for_car": false,
                "position_poi_from_position": true,
                "position_poi_use_location_tag": false,
                "position_poi_type": 2,
                "position_distance": 0,
                "position_house_way": "default",
                "position_house_tag": "",
                "position_node_usegameplay": false,
                "x": 0,
                "y": 0,
                "z": 0
            }

        ],

        "objectives": [{
                "title": "Go to the point",
                "tag": "dirtymission_01",
                "state": 2,
                "isoptionnal": false,
                "trigger": {
                    "playeratposition": {
                        "name": "entity_is_at_mappin_position",
                        "tag": "dirtymission_mappin_01",
                        "entity": "player",
                        "range": 5
                    }
                },
                "requirement": [
                    [
                        "playeratposition"
                    ]
                ],
                "action": [{
                        "name": "unlock_objective",
                        "value": "dirtymission_02"
                    }, {
                        "name": "track_objective",
                        "value": "dirtymission_02"
                    }
                ],
                "failaction": [],
                "resume_action": []
            }, {
                "title": "Fight the enemies",
                "tag": "dirtymission_02",
                "state": 1,
                "isoptionnal": false,
                "trigger": {
                    "trigger": {
                        "name": "auto"
                    }
                },
                "requirement": [
                    [
                        "trigger"
                    ]
                ],
                "action": [
	            {
                        "name": "create_group",
                        "tag": "dirtymission_02_npc_group"
                    }, 
					{
                        "name": "spawn_npc",
                        "tag": "dirtymission_02_npc",
                        "spawnlevel": 42,
                        "use_police_prevention_system": true,
                        "group": "dirtymission_02_npc_group",
                        "appearance": "none",
                        "create_group_if_not_exist": false,
                        "source": "current_district_leader",
                        "source_tag": "Character.cpz_maelstrom_grunt2_ranged2_ajax_wa",
                        "source_list": [],
                        "source_use_vip": false,
                        "source_use_rival": false,

						"position": "relative_to_entity",
                        "position_tag": "player",
                        "position_way": "behind",

                        "position_poi_district": "",
                        "position_poi_subdistrict": "",
                        "position_poi_is_for_car": false,
                        "position_poi_from_position": false,
                        "position_poi_use_location_tag": false,
                        "position_poi_range": 0,
                        "position_poi_type": 0,

                        "position_distance": 5,

                        "x": 0,
                        "y": 0,
                        "z": 0,
                        "amount": 0
                    },
					{
                        "name": "wait_second",
                        "value": 3
                    },
                    {
                        "name": "move_group_at_entity_relative_position",
                        "entity": "player",
                        "x": -3,
                        "y": -3,
                        "z": 0,
                        "move": "Sprint",
                        "tag": "dirtymission_02_npc_group"

                    },
                    {

                        "name": "new_map_point_to_group",
                        "group": "dirtymission_02_npc_group",
                        "typemap": "EffectShootVariant",
                        "wall": true,
                        "active": false,
                        "mapgroup": "dirtymission_02_npc_group_mappin"
                    },
					{
                        "name": "attitude_group_against_entity",
                        "entity": "player",
                        "tag": "dirtymission_02_npc_group",
                        "attitude": "hostile"
                    }, 
					{
                        "name": "play_group_voice",
                        "tag": "dirtymission_02_npc_group",
                        "voice": "battlecry_curse"
                    }, 
					{
                        "name": "wait_second",
                        "value": 3
                    }, 
					{
                        "name": "unlock_objective",
                        "value": "dirtymission_03"
                    }, 
					{
                        "name": "track_objective",
                        "value": "dirtymission_03"
                    }
                ],
                "failaction": [],
                "resume_action": []
            },
            {
            "title": "Kill them all !",
            "tag": "dirtymission_03",
            "state": 1,
            "isoptionnal": false,
            "trigger": {
                "trigger": {
                    "name": "killed_group",
                    "tag": "dirtymission_02_npc_group"
                }
            },
            "requirement": [
                [
                    "trigger"
                ]
            ],
            "action": [

            ],
            "failaction": [],
            "resume_action": []
        }

        ],
        "end_action": [

         {
            "name": "wait_second",
            "value": 2
         },
         {
            "name": "delete_map_group",
            "mapgroup": "dirtymission_02_npc_group_mappin"
         },
         {
            "name": "delete_map_point",
            "tag": "dirtymission_mappin_01"
         },
         {
            "name": "despawn_group",
            "tag": "dirtymission_02_npc_group"
         },
         {
            "name": "remove_group",
            "tag": "dirtymission_02_npc_group"
         },
         {
            "name": "phone_notification",
            "title": "Regina",
            "desc": "Nice job, thanks V !",
            "duration": 14
        }, 
        {
            "name": "give_random_money",
            "min": 1000,
            "max": 2000
        }
        ],
        "failure_action": [

        ]
    }