{
	"title": "Dirty Missions",
	"content": "Simple and basic kill missions with random reward.",
	"tag": "dirtyMission2",
	"recommandedlevel": 30,
	"questtype": 3,
	"district": 120,
	"recurrent": true,
	"trigger_condition": {
		"auto": {
			"name": "auto"
		}
	},
	"trigger_condition_requirement": [
		[
			"auto"
		]
	],
	"trigger_action": [{
		"name": "subtitle",
		"title": "Our Network is reporting in some friends of ours are being chaotic. Check your holomap when you leave.",
		"type": 1,
		"target": "player",
		"speaker": "Regina",
		"persistent": false,
		"duration": 3
	}, {
		"name": "random_subtitle",
		"title": [
			"On it. ",
			"Consider it done.",
			"On my way",
			"Gotcha.",
			"They will pay for it",
			"I will not let them survive",
			"It will be an carnage"
		],
		"type": 1,
		"target": "player",
		"speaker": "V",
		"duration": 3,
		"helper": "This action will fire an random subtitle, it act live wait for second",
		"helperTitle": "Dialog : run random subtitle"
	}, {
		"name": "set_mappin",
		"tag": "dirtyMission2_mappin_01",
		"typemap": "ExclamationMarkVariant",
		"wall": true,
		"active": true,
		"mapgroup": "",
		"title": "CS Mission Area",
		"desc": "Your targets are here",
		"position": "poi",
		"position_range": 0,
		"position_lookatdistance": 0,
		"position_tag": "",
		"position_way": "normal",
		"position_poi_district": "random",
		"position_poi_subdistrict": "",
		"position_poi_is_for_car": false,
		"position_poi_from_position": false,
		"position_poi_use_location_tag": false,
		"position_poi_type": 77,
		"position_distance": 0,
		"position_house_way": "default",
		"position_house_tag": "",
		"position_node_usegameplay": false,
		"x": 0,
		"y": 0,
		"z": 0
	}],
	"objectives": [{
			"title": "Go to the point",
			"tag": "dirtyMission2_01",
			"state": 2,
			"isoptionnal": false,
			"trigger": {
				"playeratposition": {
					"name": "entity_is_at_mappin_position",
					"tag": "dirtyMission2_mappin_01",
					"entity": "player",
					"range": 5
				}
			},
			"requirement": [
				[
					"playeratposition"
				]
			],
			"action": [{
				"name": "unlock_objective",
				"value": "dirtyMission2_02"
			}, {
				"name": "track_objective",
				"value": "dirtyMission2_02"
			}],
			"failaction": [],
			"resume_action": []
		}, {
			"title": "Fight the enemies",
			"tag": "dirtyMission2_02",
			"state": 1,
			"isoptionnal": false,
			"trigger": {
				"trigger": {
					"name": "auto"
				}
			},
			"requirement": [
				[
					"trigger"
				]
			],
			"action": [{
					"name": "create_group",
					"tag": "dirtyMission2_02_npc_group"
				},
				{
					"name": "spawn_npc",
					"tag": "target",
					"spawnlevel": 35,
					"use_police_prevention_system": true,
					"group": "dirtyMission2_02_npc_group",
					"appearance": "none",
					"create_group_if_not_exist": false,
					"source": "faction",
					"source_tag": "faction_scavengers",
					"source_list": [],
					"source_use_vip": false,
					"source_use_rival": false,
					"position": "relative_to_entity",
					"position_tag": "player",
					"position_way": "behind",
					"position_poi_district": "",
					"position_poi_subdistrict": "",
					"position_poi_is_for_car": false,
					"position_poi_from_position": false,
					"position_poi_use_location_tag": false,
					"position_poi_range": 0,
					"position_poi_type": 0,
					"position_distance": 7,
					"x": 0,
					"y": 0,
					"z": 0,
					"amount": 0,
					"context": [{
						"trigger": {
							"condition01": {
								"name": "auto"
							}
						},
						"requirement": [
							[
								"condition01"
							]
						],
						"prop": {
							"source_tag": {
								"text": "##name",
								"type": "text",
								"values": {
									"name": {
										"type": "random_text",
										"list": [
											"faction_scavengers",
											"faction_valentinos",
											"faction_maelstrom",
											"faction_wraith",
											"faction_sixthstreet",
											"faction_animals",
											"faction_aldecaldos",
											"faction_voodooboys",
											"faction_animals"
										]
									}
								}
							},
							"amount": {
								"type": "number",
								"text": "##amountnumber",
								"values": {
									"amountnumber": {
										"type": "random_number",
										"list": [2, 3, 4, 5, 6, 7, 8]
									}
								}
							}
						}
					}]
				},
				{
					"name": "wait_second",
					"value": 3
				},
				{
					"name": "move_group_at_entity_relative_position",
					"entity": "player",
					"x": -3,
					"y": -3,
					"z": 0,
					"move": "Sprint",
					"tag": "dirtyMission2_02_npc_group"
				},
				{
					"name": "new_map_point_to_group",
					"group": "dirtyMission2_02_npc_group",
					"typemap": "EffectShootVariant",
					"wall": true,
					"active": false,
					"mapgroup": "dirtyMission2_02_npc_group_mappin"
				},
				{
					"name": "if",
					"trigger": {
						"name": "entity_in_faction",
						"tag": "target_1",
						"faction": "faction_mox",
						"context": [{
							"trigger": {
								"condition01": {
									"name": "auto"
								}
							},
							"requirement": [
								[
									"condition01"
								]
							],
							"prop": {
								"faction": {
									"text": "##playerfaction",
									"type": "text",
									"values": {
										"factionname": {
											"type": "variable",
											"variable": "player",
											"key": "current_gang"
										},
										"playerfaction": {
											"type": "faction",
											"tag": "faction_mox",
											"prop": "Tag",
											"replace": "tag",
											"context_value": "factionname"
										}
									}
								}
							}
						}]
					},
					"if_action": [{
						"name": "attitude_group_against_entity",
						"attitude": "friendly",
						"tag": "dirtyMission2_02_npc_group",
						"entity": "player"
					}, {
						"name": "random_subtitle",
						"title": [
							"Oh, awkward. We just cleaned up over here.",
							"well you're late! then again we didn't invite you over, but hey!",
							"Ah you too? Jeez Regina really wants clean streets if she sent someone official",
							"Well well! it's the ncpd bitch. Kidding, what's up? we already handled it over here.",
							"Fancy to see you here! gotta keep our spot clean."
						],
						"type": 1,
						"target": "player",
						"speaker": "friendly",
						"duration": 4
					}, {
						"name": "finish_mission",
						"value": "dirtyMission2"
					}],
					"else_action": [{}]
				}, {
					"name": "attitude_group_against_entity",
					"entity": "player",
					"tag": "dirtyMission2_02_npc_group",
					"attitude": "hostile"
				},
				{
					"name": "play_group_voice",
					"tag": "dirtyMission2_02_npc_group",
					"voice": "battlecry_curse"
				},
				{
					"name": "wait_second",
					"value": 3
				},
				{
					"name": "unlock_objective",
					"value": "dirtyMission2_03"
				},
				{
					"name": "track_objective",
					"value": "dirtyMission2_03"
				}
			],
			"failaction": [],
			"resume_action": []
		},
		{
			"title": "Kill them all !",
			"tag": "dirtyMission2_03",
			"state": 1,
			"isoptionnal": false,
			"trigger": {
				"trigger": {
					"name": "killed_group",
					"tag": "dirtyMission2_02_npc_group"
				}
			},
			"requirement": [
				[
					"trigger"
				]
			],
			"action": [],
			"failaction": [],
			"resume_action": []
		}
	],
	"end_action": [{
			"name": "wait_second",
			"value": 2
		},
		{
			"name": "delete_map_group",
			"mapgroup": "dirtyMission2_02_npc_group_mappin"
		},
		{
			"name": "delete_map_point",
			"tag": "dirtyMission2_mappin_01"
		},
		{
			"name": "despawn_group",
			"tag": "dirtyMission2_02_npc_group"
		},
		{
			"name": "remove_group",
			"tag": "dirtyMission2_02_npc_group"
		},
		{
			"name": "phone_notification",
			"title": "Regina",
			"desc": "Nice job, thanks V !",
			"duration": 14
		},
		{
			"name": "give_random_money",
			"min": 1000,
			"max": 20000
		}
	],
	"failure_action": []
}