{
  "EnterX": 0,
  "posZ": 39.001617431641,
  "requirement": [ [ "auto" ] ],
  "Zrange": 10,
  "action": [],
  "range": 50,
  "coef": 1,
  "trigger": {
    "auto": {
      "helperTitle": "Auto",
      "name": "auto",
      "helper": "This trigger will be triggered without need anything (default)"
    }
  },
  "price": 565000,
  "isbuyable": true,
  "tag": "av_shop",
  "isrentable": true,
  "rooms": [ {
    "range": 0,
    "posZ": 39.001617431641,
    "tag": "main",
    "tagprefix": "av_shop_",
    "requirement": [ [] ],
    "parent": "rooms",
    "Zrange": 0,
    "trigger": {
      "auto": {
        "helperTitle": "Auto",
        "name": "auto",
        "helper": "This trigger will be triggered without need anything (default)"
      }
    },
    "posY": 399.41287231445,
    "type": [ 2 ],
    "action": [],
    "name": "Main",
    "posX": -136.08032226563
  } ],
  "EnterY": 0,
  "rent": 15000,
  "posX": -136.08032226563,
  "ExitX": 0,
  "ExitY": 0,
  "posY": 399.41287231445,
  "type": 4,
  "EnterZ": 0,
  "name": "AV Shop",
  "ExitZ": 0
}