{
	"name": "Toggle Flight OFF",
	"trigger": {
		"in car?": {
			"helperTitle": "Player : In car",
			"name": "in_car",
			"helper": "This trigger will be triggered when you are in an car"
		},

		"AVon?": {
			"name": "check_score",
			"value":"flyer",
			"key":"state",
			"score":2,
			"operator":"=",
			"helper": "This action will check the targeted score key value \n Available Operator : < || <= || > || >= || != || = ",
			"helperTitle": "Score : Check Score"
		},
		
	},
	"display": "event_interact",
	"tag": "Toggle_AV_OFF",
	"requirement": [
		[
			"in car?"
		]
	],
	"action": [{


			"name": "toggle_av_engine_for_current_drived_vehicule"
		},
		{




			"name": "simple_message",
			"helperTitle": "UI : Message",
			"helper": "This action will make display an in game message",
			"value": "Flight Mode OFF"
		}, {
			"name": "play_sound_file",
			"value": "Avoff.mp3",
			"channel": "sound",
			"datapack": "FLY",
			"volume": 50
		}, {
		"name":"set_score",
		"score":"flyer",
		"key":"state",
		"value": 1,
		"helper": "This action will set a value for a key of a score ",
		"helperTitle": "Score : Set Score"
	},


	],
	"timer": 0,
	"sorttag": "FLY"
}