{
	"name": "Toggle Flight ON",
	"trigger": {
		"in car?": {
			"helperTitle": "Player : In car",
			"name": "in_car",
			"helper": "This trigger will be triggered when you are in an car"
		},
		"AVoff?": 
		{
		"name": "check_score",
		"value":"flyer",
		"key":"state",
		"score":1,
		"operator":"=",
		"helper": "This action will check the targeted score key value \n Available Operator : < || <= || > || >= || != || = ",
		"helperTitle": "Score : Check Score"
	},
	"BuyedModificaton?": 
		{
		"name": "check_score",
		"value":"flyer",
		"key":"buyed",
		"score":1,
		"operator":"=",
		"helper": "This action will check the targeted score key value \n Available Operator : < || <= || > || >= || != || = ",
		"helperTitle": "Score : Check Score"
	},
	},
	"display": "event_interact",
	"tag": "Toggle_AV_ON",
	"requirement": [
		[
			"in car?"
		]
	],
	"action": [{
			"name": "toggle_av_engine_for_current_drived_vehicule"
		},
		{
			"name": "simple_message",
			"helperTitle": "UI : Message",
			"helper": "This action will make display an in game message",
			"value": "Flight Mode ON"

		}, {
			"name": "play_sound_file",
			"value": "Avon.mp3",
			"channel": "sound",
			"datapack": "FLY",
			"volume": 100
		}, {
			"name": "wait_second",
			"value": 4

		}, {
			"name": "play_sound_file",
			"value": "hovercar.mp3",
			"channel": "sound",
			"datapack": "FLY",
			"volume": 100
		}, {

			"name": "play_sound_file",
			"value": "hovercar.mp3",
			"channel": "sound",
			"datapack": "FLY",
			"volume": 100
		}, 
		{
			"name":"set_score",
			"score":"flyer",
			"key":"state",
			"value": 2,
			"helper": "This action will set a value for a key of a score ",
			"helperTitle": "Score : Set Score"
		},
	],
	"timer": 0,
	"sorttag": "FLY"
}