{
	"title":"AV Shop",
	"tag":"av_shop_ui",
	"width":500,
	"heigh":500,
	"x":200,
	"y":200,
	
	"controls":
	[	
		{	
			"type":"label",
			"tag":"title_label",
			"margin":{
				"left":540
			},
			"style":{
				"fontsize":50
			},
			"trigger":
			{
				"auto":
				{
					"name":"auto"
				}
				
			},
			"requirement":[["auto"]],
			"value":
			{
				"type":"text",
				"value":"What do you want to buy ?"
			}
		},
	
	
		
		
		
		
		
		{	
			"type":"button",
			"title":"Buy Garbage AV (20K)",
			"tag":"av_00",
			"width":800,
			"margin":{
				"top":100,
				"left":300
			},
			"style":{
				"fontsize":35,
				"width":600,
				"height":100
			},
			"trigger":
			{
				
				"money":
				{
					"name": "money",
					"value": 20000,
					"helper": "This trigger will be triggered when you have enough money",
					"helperTitle": "Money : Have enough"
				},
				"vehicle":
				{
					"name": "compare",
					"trigger": {
						"name":"vehicule_is_in_custom_garage",
						"value":"Vehicle.q000_kid_av_garbage"
					},
					"expected": false,
					"helper": "This trigger will be triggered when the trigger that you set have the same statut that you put in (expected)",
					"helperTitle": "Logic : Compare"
				}
				
			},
				"requirement":[["money","vehicle"]],
			"action":
			[	
				{
					"name": "set_vehicule_to_garage",
					"tweakid": "Vehicle.q000_kid_av_garbage",
					"enabled": true,
					"tag":"buyed_av00",
					"asAV": true,
					"fakeAV":true,
					"helper": "This action will register vehicule in garage",
					"helperTitle": "Entity : Registrer vehicle to Garage"
				},
				{
					"name": "remove_money",
					"value": 20000,
					"helper": "This action will make remove an amount of money",
					"helperTitle": "Money : Remove Money"
				},
				{
					"name":"close_interface"
					
				}
			]
		},
		
		
		
		
		
		
		
		
	
		{	
			"type":"button",
			"title":"Buy Excalibur (30K)",
			"tag":"av_01",
			"width":800,
			"margin":{
				"top":100,
				"left":1100
			},
			"style":{
				"fontsize":35,
				"width":400,
				"height":100
			},
			"trigger":
			{
				
				"money":
				{
					"name": "money",
					"value": 20000,
					"helper": "This trigger will be triggered when you have enough money",
					"helperTitle": "Money : Have enough"
				},
				"vehicle":
				{
					"name": "compare",
					"trigger": {
						"name":"vehicule_is_in_custom_garage",
						"value":"Vehicle.av_rayfield_excalibur"
					},
					"expected": false,
					"helper": "This trigger will be triggered when the trigger that you set have the same statut that you put in (expected)",
					"helperTitle": "Logic : Compare"
				}
				
			},
			"requirement":[["money","vehicle"]],
			"action":
			[	
				{
					"name": "set_vehicule_to_garage",
					"tweakid": "Vehicle.av_rayfield_excalibur",
					"enabled": true,
					"tag":"buyed_av01",
					"asAV": true,
					"helper": "This action will register vehicule in garage",
					"helperTitle": "Entity : Registrer vehicle to Garage"
				},
				{
					"name": "remove_money",
					"value": 20000,
					"helper": "This action will make remove an amount of money",
					"helperTitle": "Money : Remove Money"
				},
				{
					"name":"close_interface"
					
				}
			]
		},
		
		
		{	
			"type":"button",
			"title":"Buy Arasaka Luxuary AV (50K)",
			"tag":"av_02",
			"width":800,
			"margin":{
				"top":300,
				"left":300
			},
			"style":{
				"fontsize":35,
				"width":600,
				"height":100
			},
			"trigger":
			{
				
				"money":
				{
					"name": "money",
					"value": 50000,
					"helper": "This trigger will be triggered when you have enough money",
					"helperTitle": "Money : Have enough"
				},
				"vehicle":
				{
					"name": "compare",
					"trigger": {
						"name":"vehicule_is_in_custom_garage",
						"value":"Vehicle.q000_arasaka_lux_av"
					},
					"expected": false,
					"helper": "This trigger will be triggered when the trigger that you set have the same statut that you put in (expected)",
					"helperTitle": "Logic : Compare"
				}
				
			},
			"requirement":[["money","vehicle"]],
			"action":
			[	
				{
					"name": "set_vehicule_to_garage",
					"tweakid": "Vehicle.q000_arasaka_lux_av",
					"enabled": true,
					"tag":"buyed_av02",
					"asAV": true,
					"helper": "This action will register vehicule in garage",
					"helperTitle": "Entity : Registrer vehicle to Garage"
				},
				{
					"name": "remove_money",
					"value": 50000,
					"helper": "This action will make remove an amount of money",
					"helperTitle": "Money : Remove Money"
				},
				{
					"name":"close_interface"
					
				}
			]
		},
		
		{	
			"type":"button",
			"title":"Buy Zetatech Atlus Trauma Team Edition (60K)",
			"tag":"av_03",
			"width":800,
			"margin":{
				"top":300,
				"left":1100
			},
			"style":{
				"fontsize":35,
				"width":600,
				"height":100
			},
			"trigger":
			{
				
				"money":
				{
					"name": "money",
					"value": 60000,
					"helper": "This trigger will be triggered when you have enough money",
					"helperTitle": "Money : Have enough"
				},
				"vehicle":
				{
					"name": "compare",
					"trigger": {
						"name":"vehicule_is_in_custom_garage",
						"value":"Vehicle.ma_pac_cvi_08_av_atlus"
					},
					"expected": false,
					"helper": "This trigger will be triggered when the trigger that you set have the same statut that you put in (expected)",
					"helperTitle": "Logic : Compare"
				}
				
			},
			"requirement":[["money","vehicle"]],
			"action":
			[	
				{
					"name": "set_vehicule_to_garage",
					"tweakid": "Vehicle.ma_pac_cvi_08_av_atlus",
					"enabled": true,
					"tag":"buyed_av03",
					"asAV": true,
					"fakeAV":true,
					"helper": "This action will register vehicule in garage",
					"helperTitle": "Entity : Registrer vehicle to Garage"
				},
				{
					"name": "remove_money",
					"value": 60000,
					"helper": "This action will make remove an amount of money",
					"helperTitle": "Money : Remove Money"
				},
				{
					"name":"close_interface"
					
				}
			]
		},
		
		{	
			"type":"button",
			"title":"Buy Zetatech Valgus (70K)",
			"tag":"av_04",
			"width":800,
			"margin":{
				"top":500,
				"left":300
			},
			"style":{
				"fontsize":35,
				"width":600,
				"height":100
			},
			"trigger":
			{
				
				"money":
				{
					"name": "money",
					"value": 70000,
					"helper": "This trigger will be triggered when you have enough money",
					"helperTitle": "Money : Have enough"
				},
				"vehicle":
				{
					"name": "compare",
					"trigger": {
						"name":"vehicule_is_in_custom_garage",
						"value":"Vehicle.ma_pac_cvi_08_av_valgus"
					},
					"expected": false,
					"helper": "This trigger will be triggered when the trigger that you set have the same statut that you put in (expected)",
					"helperTitle": "Logic : Compare"
				}
				
			},
		"requirement":[["money","vehicle"]],
			"action":
			[	
				{
					"name": "set_vehicule_to_garage",
					"tweakid": "Vehicle.ma_pac_cvi_08_av_valgus",
					"enabled": true,
					"tag":"buyed_av04",
					"asAV": true,
					"fakeAV":true,
					"helper": "This action will register vehicule in garage",
					"helperTitle": "Entity : Registrer vehicle to Garage"
				},
				{
					"name": "remove_money",
					"value": 70000,
					"helper": "This action will make remove an amount of money",
					"helperTitle": "Money : Remove Money"
				},
				{
					"name":"close_interface"
					
				}
			]
		},
		{	
			"type":"button",
			"title":"Buy Cargo AV (100K)",
			"tag":"av_05",
			"width":800,
			"margin":{
				"top":500,
				"left":1100
			},
			"style":{
				"fontsize":35,
				"width":600,
				"height":100
			},
			"trigger":
			{
				
				"money":
				{
					"name": "money",
					"value": 100000,
					"helper": "This trigger will be triggered when you have enough money",
					"helperTitle": "Money : Have enough"
				},
				"vehicle":
				{
					"name": "compare",
					"trigger": {
						"name":"vehicule_is_in_custom_garage",
						"value":"Vehicle.q110_huge_cargo_av"
					},
					"expected": false,
					"helper": "This trigger will be triggered when the trigger that you set have the same statut that you put in (expected)",
					"helperTitle": "Logic : Compare"
				}
				
			},
			"requirement":[["money","vehicle"]],
			"action":
			[	
				{
					"name": "set_vehicule_to_garage",
					"tweakid": "Vehicle.q110_huge_cargo_av",
					"enabled": true,
					"tag":"buyed_av05",
					"asAV": true,
					"fakeAV":true,
					"helper": "This action will register vehicule in garage",
					"helperTitle": "Entity : Registrer vehicle to Garage"
				},
				{
					"name": "remove_money",
					"value": 100000,
					"helper": "This action will make remove an amount of money",
					"helperTitle": "Money : Remove Money"
				},
				{
					"name":"close_interface"
					
				}
			]
		}
		
		
		
		
	]
	
}