	{
		"name": "NC_Citizen_7thHell_1",
		"tag": "NC_Citizen_7thHell_1",
		"triggers": {
			"auto": {
				"name": "time",
				"min": 1200,
				"max": 2400
			}

		},
		"requirement": [
			["auto"]
		],
		"tweakDB": "Character.DefaultNCResidentFemale",
		"appeareance": "",
		"repeat_routine": false,
		"auto_despawn": false,
		"useBetaSpawn": true,

		"routineaction": [{


				"name": "move_entity_at_position",
				"tag": "NC_Citizen_7thHell_1",
				"x": -1937.891,
				"y": -38.968,
				"z": -1.532,
				"move": "Walk"
			},
			{
				"name": "wait_second",
				"value": 11
			}, {
				
			
				"name": "random_npc_chat",
				"title": [
					"Time to get Druuuuunk!",
					"Gonna dance my ASS off after these shots!",
					"Let's get Crazy tonight!",
					"Fuckin' men, who needs em'!",
					"Got fired, Gonna Celebrate!",
					"To This world! Fuck it!",
					"Escapism Night, Tonight",
					"Wooo Shots!",
					"Shot! Shot! Shot!",
					"I need a goddamn Whiskey!",
					"Let's Get some Ab-synth in me",
					"Gimme your 'off the menu' items",
					"What's your strongest stuff?",
					"I'm dying for some 21st Stout",
					"Need that Papa Garcin in the back, you have",
					"The Tab is HOW MUCH?!",
					"I'm not paying that tab? What the fuck?",
					"Fuckin' Inflated Alcohol Prices",
					"It's a 'Paul Night' Type of Night Tonight!",
					"Let's get Regretful!",
					"Let's Regret the Night, Tonight!",
					"I don't wanna remember Tonight!",
					"Moonshine soundin' pretty nice right now",
					"WHERE's THE TEQUILA??",
					"Organic...Beer??",
					"What the hell is an 'EEPAH'",
					"Feelin' a little wild, Time for that Chateau Delen",
					"Need. Bumelant. Now!",
					"Get me Fucked on some Brospeph Ale",
					"David Martinez's All around!",
					"It's Someone's birthday tonight, somewhere.",
					"I will never Financially recover from this",
					"Where's the Gin! Fuck me Up!",
					"Time to get Fucked UUUUPP!",
					"Shots!",
					"I know the DJ Here, He said i'm good for free drinks...No????",
					"Where is the owner of this Club? I need to complain",
					"Who the fuck picked the music here??",
					"Gonna get my Groove on tonight!",
					"Party Like I'm A Silverhand",
					"Dance The night away, everyone! Drinks on me!",
					"*contemplating a drink*",
					"*Regretting spending their last 200 Eds*",
					"*crying on the inside*",
					"*puking*",
					"*Arguing over text while drunk",
					"*Gets Dumped*.........FUCK IT. Drink the night AWAY!",
					"I'm in the Armagnac mood, Tonight",
					"Need some of that Baalbek Arak, you have on that shelf",
					"I need some Sake Utagawa in my system, Right now",
					"Get me a goddamn O'Dickin Whiskey, Right fucking now!"
				],
				"type": 1,
				"target": "lookat",
				"speaker": "lookat",
				"duration": 6
			
		
			}

		],
		"spawnaction": [{


		}],



		"despawnaction": [


		],
		"location": {

			"x": -1928.390,
			"y": -46.379,
			"z": -1.532,
			"radius": 55

		}




	}