	{
		"name": "NC_Citizen_JIGJIG",
		"tag": "NC_Citizen_JIGJIG",
		"triggers": {
			"auto": {
				"name": "time",
				"min": 1500,
				"max": 2400
			}

		},
		"requirement": [
			["auto"]
		],
		"tweakDB": "Character.CitizenRichFemale",
		"appeareance": "",
		"repeat_routine": false,
		"auto_despawn": false,
		"useBetaSpawn": true,

		"routineaction": [{


				"name": "move_entity_at_position",
				"tag": "NC_Citizen_HEY_1",
				"x": -907.267,
				"y": -705.459,
				"z": 8.267,
				"move": "Walk"
			},
			{
				"name": "wait_second",
				"value": 31
			}, {
				"name": "wait_for_trigger",
				"trigger": {
					"name": "position",
					"x": -900.014,
					"y": -706.077,
					"range": 5
				}
			}, {
				"name": "random_npc_chat",
				"title": [
					"Hey i'm lookin for a specific type",
					"Looking for a specific type of pistol",
					"What do you have, not on the walls?",
					"Need something that will get a person off your back",
					"Need something that, Just by looking at it, it's a warning shot",
					"Need something for myself",
					"I'm looking for a specific rifle by Militech",
					"Lookin' for some Militech stuff",
					"What's new in-line from Erebus?",
					"How's the new gun line from Kangtao?"
				],
				"type": 1,
				"target": "lookat",
				"speaker": "lookat",
				"duration": 4
			
		
			}

		],
		"spawnaction": [{


		}],



		"despawnaction": [


		],
		"location": {

			"x": -903.945,
			"y": -680.142,
			"z": 8.200,
			"radius": 45

		}




	}