	{
		"name": "NC_Citizen_CorpoBar5",
		"tag": "NC_Citizen_CorpoBar5",
		"triggers": {
			"auto": {
				"name": "time",
				"min": 100,
				"max": 300
			}

		},
		"requirement": [
			["auto"]
		],
		"tweakDB": "Character.CorpoMan",
		"appeareance": "",
		"repeat_routine": false,
		"auto_despawn": false,
		"useBetaSpawn": true,

		"routineaction": [{


				"name": "move_entity_at_position",
				"tag": "NC_Citizen_CorpoBar5",
				"x": -1522.919,
				"y": -325.727,
				"z": -4.512,
				"move": "Walk"
			},
			{
				"name": "wait_second",
				"value": 21
			}, {
				"name": "wait_for_trigger",
				"trigger": {
					"name": "position",
					"x": -1528.359,
					"y": -324.152,
				
					"range": 5
				}
			}, {
				"name": "random_npc_chat",
				"title": [
					"Stupid fuckin' meeting!",
					"Need something to get the edge off. Alot off",
					"Can't believe that stupid Cunt dumped me.",
					"Need to lose myself in these drinks",
					"Can't believe that Cunt Fired me!",
					"Fuck this world, today!",
					"I need some liquid Spice",
					"Gimme your 'off the menu' items",
					"What's your strongest stuff?",
					"I'm dying for some 21st Stout",
					"Need some of that Baalbek Arak, you have on that shelf",
					"I need some Sake Utagawa in my system, Right now",
					"Get me a goddamn O'Dickin Whiskey, Right fucking now!"
				],
				"type": 1,
				"target": "lookat",
				"speaker": "lookat",
				"duration": 6
			
		
			}

		],
		"spawnaction": [{


		}],



		"despawnaction": [


		],
		"location": {

			"x": -1606.735,
			"y": -267.199,
			"z": -4.527,
			"radius": 45

		}




	}