	{
		"name": "NC_Citizen_COYOTE_5",
		"tag": "NC_Citizen_COYOTE_5",
		"triggers": {
			"auto": {
				"name": "time",
				"min": 500,
				"max": 900
			}

		},
		"requirement": [
			["auto"]
		],
		"tweakDB": "Character.CitizenRichFemale",
		"appeareance": "",
		"repeat_routine": false,
		"auto_despawn": false,
		"useBetaSpawn": true,

		"routineaction": [{


				"name": "move_entity_at_position",
				"tag": "NC_Citizen_COYOTE_5",
				"x": -1246.526,
				"y": -997.516,
				"z": 12.037,
				"move": "Walk"
			},
			{
				"name": "wait_second",
				"value": 21
			}, {
				"name": "wait_for_trigger",
				"trigger": {
					"name": "position",
					"x": -1260.297,
					"y": -985.489,
				
					"range": 5
				}
			}, {
				"name": "random_npc_chat",
				"title": [
					"Hey what's the good stuff around here",
					"Dying to pass out tonight, fuck today!",
					"I need something hard and fast hitting",
					"Tender's Choice!",
					"Do you take Mili-Pay?",
					"Get me some Calavera please",
					"I need some Abydos Classic in my system, Right now",
					"What do you mean you don't serve the 'Silverhand Special' Here?!",
					"You guys sell the Bolshevik Vodka?",
					"How's the competition between you guys and 7th hell?"
				],
				"type": 1,
				"target": "lookat",
				"speaker": "lookat",
				"duration": 6
			
		
			}

		],
		"spawnaction": [{


		}],



		"despawnaction": [


		],
		"location": {

			"x": -1293.733,
			"y": -969.648,
			"z": 12.291,
			"radius": 45

		}




	}