{
    "name": "func_dial_leah_choice_07",
    "tag": "func_dial_leah_choice_07",
    "action": [{
            "name": "subtitle",
            "title": 
				"i'm so goddamn HORNY for you, Toy, Let's Just fuck the foreplay and fuck!",
			"type": 1,
            "target": "player",
            "speaker": "Client",
            "duration": 4,
            "helper": "This action will fire an subtitle, it act live wait for seconds",
            "helperTitle": "Dialog : run an subtitle"
        },
         {
            "name": "dialog",
            "dialog":"dial_leah_choice_06"
        }
        ]
}