{
    "name": "func_dial_leah_choice_11_f",
    "tag": "func_dial_leah_choice_11_f",
    "action": [{
            "name": "subtitle",
            "title": 
				"Well then Come fuck me, you dirty little plastic Whore.",
			"type": 1,
            "target": "player",
            "speaker": "Client",
            "duration": 4,
            "helper": "This action will fire an subtitle, it act live wait for seconds",
            "helperTitle": "Dialog : run an subtitle"
        }
        ]
}