{
    "name": "func_dial_leah_choice_02_m",
    "tag": "func_dial_leah_choice_02_m",
    "action": [{
            "name": "subtitle",
            "title": 
				"How about we play With eachother to see who cums on the other first",
			"type": 1,
            "target": "player",
            "speaker": "Client",
            "duration": 6,
            "helper": "This action will fire an subtitle, it act live wait for seconds",
            "helperTitle": "Dialog : run an subtitle"
        },
         {
            "name": "dialog",
            "dialog":"dial_leah_choice_02_m"
        }
        ]
}