{
    "name": "func_dial_leah_choice_04",
    "tag": "func_dial_leah_choice_04",
    "action": [{
            "name": "subtitle",
            "title": 
				"Let's get fucking Naughty! I wanna get up all in that ass, Baby",
			"type": 1,
            "target": "player",
            "speaker": "Client",
            "duration": 4,
            "helper": "This action will fire an subtitle, it act live wait for seconds",
            "helperTitle": "Dialog : run an subtitle"
        },
         {
            "name": "do_random_function",
                            "funcs": [
                                "func_dial_leah_choice_01",
                                "func_dial_leah_choice_02",
                                "func_dial_leah_choice_03",
                                "func_dial_leah_choice_04",
                                "func_dial_leah_choice_05"
                            ]
							}, {
			"name": "operate_score",
			"score": "joytoy",
			"key": "choices",
			"value": 0,
			"operator": "random",
			"min": 0,
			"max": 1
        }
        ]
}