{
	"name": "func_dial_leah_choice_06",
	"tag": "func_dial_leah_choice_06",
	"action": [{
			"name": "subtitle",
			"title": "How about we Give eachother some fingers in all the right places?",
			"type": 1,
			"target": "player",
			"speaker": "Client",
			"duration": 3,
			"helper": "This action will fire an subtitle, it act live wait for seconds",
			"helperTitle": "Dialog : run an subtitle"
		},
		{
			"name": "do_random_function",
			"funcs": [
				"func_dial_leah_choice_01",
				"func_dial_leah_choice_02",
				"func_dial_leah_choice_03",
				"func_dial_leah_choice_04",
				"func_dial_leah_choice_05"
			]
		}, {
		"name": "operate_score",
			"score": "joytoy",
			"key": "choices",
			"value": 0,
			"operator": "random",
			"min": 0,
			"max": 1
		}
	]
}