{
    "name": "func_dial_leah_choice_05",
    "tag": "func_dial_leah_choice_05",
    "action": [{
            "name": "subtitle",
            "title": 
				"You wanna put that sweet mouth of yours to good use?",
			"type": 1,
            "target": "player",
            "speaker": "Client",
            "duration": 3,
            "helper": "This action will fire an subtitle, it act live wait for seconds",
            "helperTitle": "Dialog : run an subtitle"
      
	}, {
			"name": "operate_score",
			"score": "joytoy",
			"key": "choices",
			"value": 0,
			"operator": "random",
			"min": 0,
			"max": 1
        }
        ]
}