{
	"name": "joytoy_client_manager",
	"tag": "joytoy_client_manager",
	"action": [{
			"helperTitle": "Male Poor",
			"name": "if",
			"trigger": {
				"name": "testFor",
				"triggers": [{
						"name": "custom_condition",
						"value": "joytoy_orientation",
						"score": 0,
						"helper": "This trigger will be triggered when the custom score (value) have reach the score",
						"helperTitle": "Score : Custom Score"
					},
					{
						"name": "custom_condition_is_between",
						"value": "joytoy_reput",
						"min": -99999999,
						"max": 50,
						"strict": false,
						"helper": "This trigger will be triggered when the custom score (value) have reach the score",
						"helperTitle": "Score : Custom Score"
					}
				],
				"logic": "and",
				"helper": "This trigger will be triggered when all of the trigger are triggered by the logic you choose.",
				"helperTitle": "Logic : Test For"
			},
			"if_action": [{
				"name": "wait_second",
				"value": 0.2
			}, {
				"name": "spawn_npc",
				"tag": "escort_mission_vip",
				"spawnlevel": 36,
				"use_police_prevention_system": true,
				"group": "",
				"scriptlevel": 0,
				"appearance": "none",
				"create_group_if_not_exist": false,
				"source": "from_list",
				"source_helper": "npc||current_star||faction||current_district_leader||current_subdistrict_leader||district_leader||subdistrict_leader||random||from_list||district_rival||subdistrict_rival||current_district_rival||current_subdistrict_rival",
				"source_gang": "faction_mox",
				"source_tag": "",
				"source_tag_helper": "Character.Judy||faction_mox||district_westbrook||NorthOaks",
				"source_list": ["Character.HomelessMan", "Character.HomelessManBackpack", "Character.HomelessManBig"],
				"source_use_vip": false,
				"source_use_rival": false,
				"position": "relative_to_entity",
				"position_helper": "at||relative_to_entity||node||player_look_at||poi||mappin||fasttravel||custom_place||custom_room",
				"position_change_helper": "Write 'current' in position_tag for get current node,mappin, fasttravel, custom_place or custom_room. \n For poi if you write 'current' in position_poi_district you will get the current district, \n if you write 'current in position_poi_subdistrict you will get the current subdistrict. \n also if you write 'random' in position_poi_subdistrict or position_poi_district, you will get an 'random' value",
				"position_range": 50,
				"position_lookatdistance": 0,
				"position_tag": "player",
				"position_tag_helper": "judy01||playerhouse01||playerhouse_bed||",
				"position_way": "behind",
				"position_way_helper": "normal||behind||forward",
				"position_poi_district": "",
				"position_poi_subdistrict": "",
				"position_poi_is_for_car": false,
				"position_poi_from_position": false,
				"position_poi_use_location_tag": false,
				"position_poi_type": 1,
				"position_distance": 8,
				"position_house_way": "default",
				"position_house_way_helper": "default||enter||exit",
				"position_house_tag": "playerhouse01",
				"position_node_usegameplay": false,
				"x": 0,
				"y": 0,
				"z": 0,
				"amount": 1
			}],
			"else_action": [{}]
		},
		{
			"helperTitle": "Male Medium",
			"name": "if",
			"trigger": {
				"name": "testFor",
				"triggers": [{
						"name": "custom_condition",
						"value": "joytoy_orientation",
						"score": 0,
						"helper": "This trigger will be triggered when the custom score (value) have reach the score",
						"helperTitle": "Score : Custom Score"
					},
					{
						"name": "custom_condition_is_between",
						"value": "joytoy_reput",
						"min": 51,
						"max": 100,
						"strict": false,
						"helper": "This trigger will be triggered when the custom score (value) have reach the score",
						"helperTitle": "Score : Custom Score"
					}
				],
				"logic": "and",
				"helper": "This trigger will be triggered when all of the trigger are triggered by the logic you choose.",
				"helperTitle": "Logic : Test For"
			},

			"if_action": [{
				"name": "wait_second",
				"value": 0.2
			}, {
				"name": "spawn_npc",
				"tag": "escort_mission_vip",
				"spawnlevel": 36,
				"use_police_prevention_system": true,
				"group": "",
				"scriptlevel": 0,
				"appearance": "none",
				"create_group_if_not_exist": false,
				"source": "from_list",
				"source_helper": "npc||current_star||faction||current_district_leader||current_subdistrict_leader||district_leader||subdistrict_leader||random||from_list||district_rival||subdistrict_rival||current_district_rival||current_subdistrict_rival",
				"source_gang": "faction_mox",
				"source_tag": "",
				"source_tag_helper": "Character.Judy||faction_mox||district_westbrook||NorthOaks",
				"source_list": ["Character.LightCrowd_glen_ma", "Character.LightCrowd_littlechina_ma", "Character.LightCrowd_vistadelrey_ma"],
				"source_use_vip": false,
				"source_use_rival": false,
				"position": "relative_to_entity",
				"position_helper": "at||relative_to_entity||node||player_look_at||poi||mappin||fasttravel||custom_place||custom_room",
				"position_change_helper": "Write 'current' in position_tag for get current node,mappin, fasttravel, custom_place or custom_room. \n For poi if you write 'current' in position_poi_district you will get the current district, \n if you write 'current in position_poi_subdistrict you will get the current subdistrict. \n also if you write 'random' in position_poi_subdistrict or position_poi_district, you will get an 'random' value",
				"position_range": 50,
				"position_lookatdistance": 0,
				"position_tag": "player",
				"position_tag_helper": "judy01||playerhouse01||playerhouse_bed||",
				"position_way": "behind",
				"position_way_helper": "normal||behind||forward",
				"position_poi_district": "",
				"position_poi_subdistrict": "",
				"position_poi_is_for_car": false,
				"position_poi_from_position": false,
				"position_poi_use_location_tag": false,
				"position_poi_type": 1,
				"position_distance": 8,
				"position_house_way": "default",
				"position_house_way_helper": "default||enter||exit",
				"position_house_tag": "playerhouse01",
				"position_node_usegameplay": false,
				"x": 0,
				"y": 0,
				"z": 0,
				"amount": 1

			}],
			"else_action": [{}]

		},

		{
			"helperTitle": "Male Rich",
			"name": "if",
			"trigger": {
				"name": "testFor",
				"triggers": [{
						"name": "custom_condition",
						"value": "joytoy_orientation",
						"score": 0,
						"helper": "This trigger will be triggered when the custom score (value) have reach the score",
						"helperTitle": "Score : Custom Score"
					},
					{
						"name": "custom_condition_higher_or_equals",
						"value": "joytoy_reput",
						"score": 101,
						"helper": "This trigger will be triggered when the custom score (value) have reach the score",
						"helperTitle": "Score : Custom Score"
					}
				],
				"logic": "and",
				"helper": "This trigger will be triggered when all of the trigger are triggered by the logic you choose.",
				"helperTitle": "Logic : Test For"
			},

			"if_action": [{
				"name": "wait_second",
				"value": 0.2
			}, {
				"name": "spawn_npc",
				"tag": "escort_mission_vip",
				"spawnlevel": 36,
				"use_police_prevention_system": true,
				"group": "",
				"scriptlevel": 0,
				"appearance": "none",
				"create_group_if_not_exist": false,
				"source": "from_list",
				"source_helper": "npc||current_star||faction||current_district_leader||current_subdistrict_leader||district_leader||subdistrict_leader||random||from_list||district_rival||subdistrict_rival||current_district_rival||current_subdistrict_rival",
				"source_gang": "faction_mox",
				"source_tag": "",
				"source_tag_helper": "Character.Judy||faction_mox||district_westbrook||NorthOaks",
				"source_list": ["Character.CitizenRichMale", "Character.CitizenRichMaleCasual", "Character.sq017_lounge_fan_male_rich"],
				"source_use_vip": false,
				"source_use_rival": false,
				"position": "relative_to_entity",
				"position_helper": "at||relative_to_entity||node||player_look_at||poi||mappin||fasttravel||custom_place||custom_room",
				"position_change_helper": "Write 'current' in position_tag for get current node,mappin, fasttravel, custom_place or custom_room. \n For poi if you write 'current' in position_poi_district you will get the current district, \n if you write 'current in position_poi_subdistrict you will get the current subdistrict. \n also if you write 'random' in position_poi_subdistrict or position_poi_district, you will get an 'random' value",
				"position_range": 50,
				"position_lookatdistance": 0,
				"position_tag": "player",
				"position_tag_helper": "judy01||playerhouse01||playerhouse_bed||",
				"position_way": "behind",
				"position_way_helper": "normal||behind||forward",
				"position_poi_district": "",
				"position_poi_subdistrict": "",
				"position_poi_is_for_car": false,
				"position_poi_from_position": false,
				"position_poi_use_location_tag": false,
				"position_poi_type": 1,
				"position_distance": 8,
				"position_house_way": "default",
				"position_house_way_helper": "default||enter||exit",
				"position_house_tag": "playerhouse01",
				"position_node_usegameplay": false,
				"x": 0,
				"y": 0,
				"z": 0,
				"amount": 1
			}],
			"else_action": [{}]
		},
		{
			"helperTitle": "Female Poor",
			"name": "if",
			"trigger": {
				"name": "testFor",
				"triggers": [{
						"name": "custom_condition",
						"value": "joytoy_orientation",
						"score": 1,
						"helper": "This trigger will be triggered when the custom score (value) have reach the score",
						"helperTitle": "Score : Custom Score"
					},
					{
						"name": "custom_condition_is_between",
						"value": "joytoy_reput",
						"min": -99999999,
						"max": 50,
						"strict": false,
						"helper": "This trigger will be triggered when the custom score (value) have reach the score",
						"helperTitle": "Score : Custom Score"
					}
				],
				"logic": "and",
				"helper": "This trigger will be triggered when all of the trigger are triggered by the logic you choose.",
				"helperTitle": "Logic : Test For"
			},

			"if_action": [{
				"name": "wait_second",
				"value": 0.2
			}, {
				"name": "spawn_npc",
				"tag": "escort_mission_vip",
				"spawnlevel": 36,
				"use_police_prevention_system": true,
				"group": "",
				"scriptlevel": 0,
				"appearance": "none",
				"create_group_if_not_exist": false,
				"source": "from_list",
				"source_helper": "npc||current_star||faction||current_district_leader||current_subdistrict_leader||district_leader||subdistrict_leader||random||from_list||district_rival||subdistrict_rival||current_district_rival||current_subdistrict_rival",
				"source_gang": "faction_mox",
				"source_tag": "",
				"source_tag_helper": "Character.Judy||faction_mox||district_westbrook||NorthOaks",
				"source_list": ["Character.HobotownHomelessWoman", "Character.HomelessFemale", "Character.JunkieFemale"],
				"source_use_vip": false,
				"source_use_rival": false,
				"position": "relative_to_entity",
				"position_helper": "at||relative_to_entity||node||player_look_at||poi||mappin||fasttravel||custom_place||custom_room",
				"position_change_helper": "Write 'current' in position_tag for get current node,mappin, fasttravel, custom_place or custom_room. \n For poi if you write 'current' in position_poi_district you will get the current district, \n if you write 'current in position_poi_subdistrict you will get the current subdistrict. \n also if you write 'random' in position_poi_subdistrict or position_poi_district, you will get an 'random' value",
				"position_range": 50,
				"position_lookatdistance": 0,
				"position_tag": "player",
				"position_tag_helper": "judy01||playerhouse01||playerhouse_bed||",
				"position_way": "behind",
				"position_way_helper": "normal||behind||forward",
				"position_poi_district": "",
				"position_poi_subdistrict": "",
				"position_poi_is_for_car": false,
				"position_poi_from_position": false,
				"position_poi_use_location_tag": false,
				"position_poi_type": 1,
				"position_distance": 8,
				"position_house_way": "default",
				"position_house_way_helper": "default||enter||exit",
				"position_house_tag": "playerhouse01",
				"position_node_usegameplay": false,
				"x": 0,
				"y": 0,
				"z": 0,
				"amount": 1
			}],
			"else_action": [{}]
		},
		{
			"helperTitle": "Female Medium",
			"name": "if",
			"trigger": {
				"name": "testFor",
				"triggers": [{
						"name": "custom_condition",
						"value": "joytoy_orientation",
						"score": 1,
						"helper": "This trigger will be triggered when the custom score (value) have reach the score",
						"helperTitle": "Score : Custom Score"
					},
					{
						"name": "custom_condition_is_between",
						"value": "joytoy_reput",
						"min": 51,
						"max": 100,
						"strict": false,
						"helper": "This trigger will be triggered when the custom score (value) have reach the score",
						"helperTitle": "Score : Custom Score"
					}
				],
				"logic": "and",
				"helper": "This trigger will be triggered when all of the trigger are triggered by the logic you choose.",
				"helperTitle": "Logic : Test For"
			},

			"if_action": [{
				"name": "wait_second",
				"value": 0.2
			}, {
				"name": "spawn_npc",
				"tag": "escort_mission_vip",
				"spawnlevel": 36,
				"use_police_prevention_system": true,
				"group": "",
				"scriptlevel": 0,
				"appearance": "none",
				"create_group_if_not_exist": false,
				"source": "from_list",
				"source_helper": "npc||current_star||faction||current_district_leader||current_subdistrict_leader||district_leader||subdistrict_leader||random||from_list||district_rival||subdistrict_rival||current_district_rival||current_subdistrict_rival",
				"source_gang": "faction_mox",
				"source_tag": "",
				"source_tag_helper": "Character.Judy||faction_mox||district_westbrook||NorthOaks",
				"source_list": ["Character.CitizenAldecaldosFemale", "Character.CitizenBikerFemale", "Character.CorpoWomanCorporat"],
				"source_use_vip": false,
				"source_use_rival": false,
				"position": "relative_to_entity",
				"position_helper": "at||relative_to_entity||node||player_look_at||poi||mappin||fasttravel||custom_place||custom_room",
				"position_change_helper": "Write 'current' in position_tag for get current node,mappin, fasttravel, custom_place or custom_room. \n For poi if you write 'current' in position_poi_district you will get the current district, \n if you write 'current in position_poi_subdistrict you will get the current subdistrict. \n also if you write 'random' in position_poi_subdistrict or position_poi_district, you will get an 'random' value",
				"position_range": 50,
				"position_lookatdistance": 0,
				"position_tag": "player",
				"position_tag_helper": "judy01||playerhouse01||playerhouse_bed||",
				"position_way": "behind",
				"position_way_helper": "normal||behind||forward",
				"position_poi_district": "",
				"position_poi_subdistrict": "",
				"position_poi_is_for_car": false,
				"position_poi_from_position": false,
				"position_poi_use_location_tag": false,
				"position_poi_type": 1,
				"position_distance": 8,
				"position_house_way": "default",
				"position_house_way_helper": "default||enter||exit",
				"position_house_tag": "playerhouse01",
				"position_node_usegameplay": false,
				"x": 0,
				"y": 0,
				"z": 0,
				"amount": 1
			}],
			"else_action": [{}]
		},
		{
			"helperTitle": "Female Rich",
			"name": "if",
			"trigger": {
				"name": "testFor",
				"triggers": [{
						"name": "custom_condition",
						"value": "joytoy_orientation",
						"score": 1,
						"helper": "This trigger will be triggered when the custom score (value) have reach the score",
						"helperTitle": "Score : Custom Score"
					},
					{
						"name": "custom_condition_higher_or_equals",
						"value": "joytoy_reput",
						"score": 101,
						"helper": "This trigger will be triggered when the custom score (value) have reach the score",
						"helperTitle": "Score : Custom Score"
					}
				],
				"logic": "and",
				"helper": "This trigger will be triggered when all of the trigger are triggered by the logic you choose.",
				"helperTitle": "Logic : Test For"
			},
			"if_action": [{
				"name": "wait_second",
				"value": 0.2
			}, {
				"name": "spawn_npc",
				"tag": "escort_mission_vip",
				"spawnlevel": 36,
				"use_police_prevention_system": true,
				"group": "",
				"scriptlevel": 0,
				"appearance": "none",
				"create_group_if_not_exist": false,
				"source": "from_list",
				"source_helper": "npc||current_star||faction||current_district_leader||current_subdistrict_leader||district_leader||subdistrict_leader||random||from_list||district_rival||subdistrict_rival||current_district_rival||current_subdistrict_rival",
				"source_gang": "faction_mox",
				"source_tag": "",
				"source_tag_helper": "Character.Judy||faction_mox||district_westbrook||NorthOaks",
				"source_list": ["Character.CitizenRichFemale", "Character.CitizenRichFemaleCasual", "Character.CitizenRichFemaleDriver"],
				"source_use_vip": false,
				"source_use_rival": false,
				"position": "relative_to_entity",
				"position_helper": "at||relative_to_entity||node||player_look_at||poi||mappin||fasttravel||custom_place||custom_room",
				"position_change_helper": "Write 'current' in position_tag for get current node,mappin, fasttravel, custom_place or custom_room. \n For poi if you write 'current' in position_poi_district you will get the current district, \n if you write 'current in position_poi_subdistrict you will get the current subdistrict. \n also if you write 'random' in position_poi_subdistrict or position_poi_district, you will get an 'random' value",
				"position_range": 50,
				"position_lookatdistance": 0,
				"position_tag": "player",
				"position_tag_helper": "judy01||playerhouse01||playerhouse_bed||",
				"position_way": "behind",
				"position_way_helper": "normal||behind||forward",
				"position_poi_district": "",
				"position_poi_subdistrict": "",
				"position_poi_is_for_car": false,
				"position_poi_from_position": false,
				"position_poi_use_location_tag": false,
				"position_poi_type": 1,
				"position_distance": 8,
				"position_house_way": "default",
				"position_house_way_helper": "default||enter||exit",
				"position_house_tag": "playerhouse01",
				"position_node_usegameplay": false,
				"x": 0,
				"y": 0,
				"z": 0,
				"amount": 1
			}],
			"else_action": [{}]
		},
		{
			"helperTitle": "Bisexual Poor",
			"name": "if",
			"trigger": {
				"name": "testFor",
				"triggers": [{
						"name": "custom_condition",
						"value": "joytoy_orientation",
						"score": 2,
						"helper": "This trigger will be triggered when the custom score (value) have reach the score",
						"helperTitle": "Score : Custom Score"
					},
					{
						"name": "custom_condition_is_between",
						"value": "joytoy_reput",
						"min": -99999999,
						"max": 50,
						"strict": false,
						"helper": "This trigger will be triggered when the custom score (value) have reach the score",
						"helperTitle": "Score : Custom Score"
					}
				],
				"logic": "and",
				"helper": "This trigger will be triggered when all of the trigger are triggered by the logic you choose.",
				"helperTitle": "Logic : Test For"
			},
			"if_action": [{
				"name": "wait_second",
				"value": 0.2
			}, {
				"name": "spawn_npc",
				"tag": "escort_mission_vip",
				"spawnlevel": 36,
				"use_police_prevention_system": true,
				"group": "",
				"scriptlevel": 0,
				"appearance": "none",
				"create_group_if_not_exist": false,
				"source": "from_list",
				"source_helper": "npc||current_star||faction||current_district_leader||current_subdistrict_leader||district_leader||subdistrict_leader||random||from_list||district_rival||subdistrict_rival||current_district_rival||current_subdistrict_rival",
				"source_gang": "faction_mox",
				"source_tag": "",
				"source_tag_helper": "Character.Judy||faction_mox||district_westbrook||NorthOaks",
				"source_list": ["Character.HobotownSlackerMale", "Character.HobotownSlackerFemale", "Character.HomelessManBig", "Character.LowlifeWoman", "Character.LowlifeMale", "Character.JunkieFemale"],
				"source_use_vip": false,
				"source_use_rival": false,
				"position": "relative_to_entity",
				"position_helper": "at||relative_to_entity||node||player_look_at||poi||mappin||fasttravel||custom_place||custom_room",
				"position_change_helper": "Write 'current' in position_tag for get current node,mappin, fasttravel, custom_place or custom_room. \n For poi if you write 'current' in position_poi_district you will get the current district, \n if you write 'current in position_poi_subdistrict you will get the current subdistrict. \n also if you write 'random' in position_poi_subdistrict or position_poi_district, you will get an 'random' value",
				"position_range": 50,
				"position_lookatdistance": 0,
				"position_tag": "player",
				"position_tag_helper": "judy01||playerhouse01||playerhouse_bed||",
				"position_way": "behind",
				"position_way_helper": "normal||behind||forward",
				"position_poi_district": "",
				"position_poi_subdistrict": "",
				"position_poi_is_for_car": false,
				"position_poi_from_position": false,
				"position_poi_use_location_tag": false,
				"position_poi_type": 1,
				"position_distance": 8,
				"position_house_way": "default",
				"position_house_way_helper": "default||enter||exit",
				"position_house_tag": "playerhouse01",
				"position_node_usegameplay": false,
				"x": 0,
				"y": 0,
				"z": 0,
				"amount": 1

			}],
			"else_action": [{

			}]
		},
		{
			"helperTitle": "Bisexual Medium",
			"name": "if",
			"trigger": {
				"name": "testFor",
				"triggers": [{
						"name": "custom_condition",
						"value": "joytoy_orientation",
						"score": 2,
						"helper": "This trigger will be triggered when the custom score (value) have reach the score",
						"helperTitle": "Score : Custom Score"
					},
					{
						"name": "custom_condition_is_between",
						"value": "joytoy_reput",
						"min": 51,
						"max": 100,
						"strict": false,
						"helper": "This trigger will be triggered when the custom score (value) have reach the score",
						"helperTitle": "Score : Custom Score"
					}
				],
				"logic": "and",
				"helper": "This trigger will be triggered when all of the trigger are triggered by the logic you choose.",
				"helperTitle": "Logic : Test For"
			},
			"if_action": [{
				"name": "wait_second",
				"value": 0.2
			}, {
				"name": "spawn_npc",
				"tag": "escort_mission_vip",
				"spawnlevel": 36,
				"use_police_prevention_system": true,
				"group": "",
				"scriptlevel": 0,
				"appearance": "none",
				"create_group_if_not_exist": false,
				"source": "from_list",
				"source_helper": "npc||current_star||faction||current_district_leader||current_subdistrict_leader||district_leader||subdistrict_leader||random||from_list||district_rival||subdistrict_rival||current_district_rival||current_subdistrict_rival",
				"source_gang": "faction_mox",
				"source_tag": "",
				"source_tag_helper": "Character.Judy||faction_mox||district_westbrook||NorthOaks",
				"source_list": ["Character.Kiosk_Woman", "Character.ObeseMale", "Character.MediaWoman", "Character.MoxWaitress", "Character.MedicalMale", "Character.LightCrowd_littlechina_ma", "Character.NightlifeMale", "Character.NightlifeWoman"],
				"source_use_vip": false,
				"source_use_rival": false,
				"position": "relative_to_entity",
				"position_helper": "at||relative_to_entity||node||player_look_at||poi||mappin||fasttravel||custom_place||custom_room",
				"position_change_helper": "Write 'current' in position_tag for get current node,mappin, fasttravel, custom_place or custom_room. \n For poi if you write 'current' in position_poi_district you will get the current district, \n if you write 'current in position_poi_subdistrict you will get the current subdistrict. \n also if you write 'random' in position_poi_subdistrict or position_poi_district, you will get an 'random' value",
				"position_range": 50,
				"position_lookatdistance": 0,
				"position_tag": "player",
				"position_tag_helper": "judy01||playerhouse01||playerhouse_bed||",
				"position_way": "behind",
				"position_way_helper": "normal||behind||forward",
				"position_poi_district": "",
				"position_poi_subdistrict": "",
				"position_poi_is_for_car": false,
				"position_poi_from_position": false,
				"position_poi_use_location_tag": false,
				"position_poi_type": 1,
				"position_distance": 8,
				"position_house_way": "default",
				"position_house_way_helper": "default||enter||exit",
				"position_house_tag": "playerhouse01",
				"position_node_usegameplay": false,
				"x": 0,
				"y": 0,
				"z": 0,
				"amount": 1
			}],
			"else_action": [{

			}]
		},
		{
			"helperTitle": "Bisexual Rich",
			"name": "if",
			"trigger": {
				"name": "testFor",
				"triggers": [{
						"name": "custom_condition",
						"value": "joytoy_orientation",
						"score": 2,
						"helper": "This trigger will be triggered when the custom score (value) have reach the score",
						"helperTitle": "Score : Custom Score"
					},
					{
						"name": "custom_condition_higher_or_equals",
						"value": "joytoy_reput",
						"score": 101,
						"helper": "This trigger will be triggered when the custom score (value) have reach the score",
						"helperTitle": "Score : Custom Score"
					}
				],
				"logic": "and",
				"helper": "This trigger will be triggered when all of the trigger are triggered by the logic you choose.",
				"helperTitle": "Logic : Test For"
			},

			"if_action": [{
				"name": "wait_second",
				"value": 0.2
			}, {
				"name": "spawn_npc",
				"tag": "escort_mission_vip",
				"spawnlevel": 36,
				"use_police_prevention_system": true,
				"group": "",
				"scriptlevel": 0,
				"appearance": "none",
				"create_group_if_not_exist": false,
				"source": "from_list",
				"source_helper": "npc||current_star||faction||current_district_leader||current_subdistrict_leader||district_leader||subdistrict_leader||random||from_list||district_rival||subdistrict_rival||current_district_rival||current_subdistrict_rival",
				"source_gang": "faction_mox",
				"source_tag": "",
				"source_tag_helper": "Character.Judy||faction_mox||district_westbrook||NorthOaks",
				"source_list": ["Character.CitizenRichFemale", "Character.CitizenRichFemaleCasual", "Character.CitizenRichMale", "Character.CitizenRichMaleCasual", "Character.NightlifeWoman", "Character.NightlifeMale"],
				"source_use_vip": false,
				"source_use_rival": false,
				"position": "relative_to_entity",
				"position_helper": "at||relative_to_entity||node||player_look_at||poi||mappin||fasttravel||custom_place||custom_room",
				"position_change_helper": "Write 'current' in position_tag for get current node,mappin, fasttravel, custom_place or custom_room. \n For poi if you write 'current' in position_poi_district you will get the current district, \n if you write 'current in position_poi_subdistrict you will get the current subdistrict. \n also if you write 'random' in position_poi_subdistrict or position_poi_district, you will get an 'random' value",
				"position_range": 50,
				"position_lookatdistance": 0,
				"position_tag": "player",
				"position_tag_helper": "judy01||playerhouse01||playerhouse_bed||",
				"position_way": "behind",
				"position_way_helper": "normal||behind||forward",
				"position_poi_district": "",
				"position_poi_subdistrict": "",
				"position_poi_is_for_car": false,
				"position_poi_from_position": false,
				"position_poi_use_location_tag": false,
				"position_poi_type": 1,
				"position_distance": 8,
				"position_house_way": "default",
				"position_house_way_helper": "default||enter||exit",
				"position_house_tag": "playerhouse01",
				"position_node_usegameplay": false,
				"x": 0,
				"y": 0,
				"z": 0
			}],
			"else_action": [{}]

		}
	]
}