{
    "name": "joytoy_end",
    "tag": "joytoy_end",
    "action": [{
            "name": "random_subtitle",
            "title": [
				"Ok, now you can show me if you are as good as they say!.",
				"Now get on your knees and open wide, whore",
				"So, who's gonna be a good fucktoy ?",
				"I don't mind you be noisy.. by the way, please scream and grunt, toy, I like to hear your pleasure."
				],
            "type": 1,
            "target": "player",
            "speaker": "Client",
            "duration": 6,
            "helper": "This action will fire an subtitle, it act live wait for second",
            "helperTitle": "Dialog : run an subtitle"
        },
        {
            "name": "random_subtitle",
            "title": [
				"Let's go, love!",
				"I guess you get to reap the benefits, huh? Why don't you fuck me good, now?",
				"Please pull out before you cum, and cover my face with your spunk... I love that."
				],
            "type": 1,
            "target": "player",
            "speaker": "V",
            "duration": 6,
            "helper": "This action will fire an subtitle, it act live wait for second",
            "helperTitle": "Dialog : run an subtitle"
        },
        {
            "name": "random_custom_score",
            "variable": "joytoy_money",
            "min": 200,
            "max": 500,
            "helper": "This action will randomize the value of an custom score, can be negative",
            "helperTitle": "Score : randomize the value of an custom score, can be negative"
        },
        {
            "name": "change_custom_score",
            "variable": "joytoy_money_coef",
            "score": 0.1,
            "helper": "This action will randomize the value of an custom score, can be negative",
            "helperTitle": "Score : randomize the value of an custom score, can be negative"
        },
        {
            "name": "change_custom_score",
            "variable": "joytoy_money_indice",
            "score": 0,
            "helper": "This action will randomize the value of an custom score, can be negative",
            "helperTitle": "Score : randomize the value of an custom score, can be negative"
        },
        {
            "name": "operate_custom_score_to_another_one",
            "variable": "joytoy_reput",
            "targetscore": "joytoy_dirtiness_reput",
            "resultscore": "joytoy_reput",
            "operator": "-",
            "helper": "This action will make an operation to an score with the value of another one and store it into the result score. Operator can be +,-, /, *",
            "helperTitle": "Score : Make operation"
        },
        {
            "name": "operate_custom_score_to_another_one",
            "variable": "joytoy_reput",
            "targetscore": "joytoy_money_coef",
            "resultscore": "joytoy_money_indice",
            "operator": "*",
            "helper": "This action will make an operation to an score with the value of another one and store it into the result score. Operator can be +,-, /, *",
            "helperTitle": "Score : Make operation"
        },
        {
            "name": "operate_custom_score_to_another_one",
            "variable": "joytoy_money_indice",
            "targetscore": "joytoy_money_indice",
            "resultscore": "joytoy_money_indice",
            "operator": "positive",
            "helper": "This action will make an operation to an score with the value of another one and store it into the result score. Operator can be +,-, /, *",
            "helperTitle": "Score : Make operation"
        },
        {
            "name": "operate_custom_score_to_another_one",
            "variable": "joytoy_money",
            "targetscore": "joytoy_money_indice",
            "resultscore": "joytoy_money",
            "operator": "*",
            "helper": "This action will make an operation to an score with the value of another one and store it into the result score. Operator can be +,-, /, *",
            "helperTitle": "Score : Make operation"
        },
        {
            "name": "give_money_score",
            "score": "joytoy_money",
            "helper": "This action will make give an amount of money from an score value",
            "helperTitle": "Money : Give money from an score value"
        },
		{
                    "name": "unlock_objective",
                    "value": "joytoy_quest_radiant_03"
                }, {
                    "name": "track_objective",
                    "value": "joytoy_quest_radiant_03"
                }
	

    ]
}
