{
    "name": "joytoy_client_manager",
    "tag": "joytoy_client_manager",
    "action": [
	
				{
				"helperTitle": "Male Poor",
					"name": "if",
					"trigger": 	{
						"name": "testFor",
						"triggers": [
							{
								"name": "custom_condition",
								"value": "joytoy_orientation",
								"score": 0,
								"helper": "This trigger will be triggered when the custom score (value) have reach the score",
								"helperTitle": "Score : Custom Score"
							},
							{
								"name": "custom_condition_is_between",
								"value": "joytoy_reput",
								"min": -99999999,
								"max":50,
								"strict":false,
								"helper": "This trigger will be triggered when the custom score (value) have reach the score",
								"helperTitle": "Score : Custom Score"
							}
						],
						"logic": "and",
						"helper": "This trigger will be triggered when all of the trigger are triggered by the logic you choose.",
						"helperTitle": "Logic : Test For"
					},
					
					"if_action": [
						{
							"name": "summon_random_entity_at_entity_relative",
							"entity": "player",
							"tag": "escort_mission_vip",
							"npc": ["Character.HomelessMan","Character.HomelessManBackpack","Character.HomelessManBig"],
							"spawnlevel": "42",
							"distance": 5,
							"position": "behind"
						}
					],
					"else_action": [
						{
							"name": "nothing",
							"value": "False"
						}
					]
					
				},
				
				{
				"helperTitle": "Male Medium",
					"name": "if",
					"trigger": 	{
						"name": "testFor",
						"triggers": [
							{
								"name": "custom_condition",
								"value": "joytoy_orientation",
								"score": 0,
								"helper": "This trigger will be triggered when the custom score (value) have reach the score",
								"helperTitle": "Score : Custom Score"
							},
							{
								"name": "custom_condition_is_between",
								"value": "joytoy_reput",
								"min": 51,
								"max":100,
								"strict":false,
								"helper": "This trigger will be triggered when the custom score (value) have reach the score",
								"helperTitle": "Score : Custom Score"
							}
						],
						"logic": "and",
						"helper": "This trigger will be triggered when all of the trigger are triggered by the logic you choose.",
						"helperTitle": "Logic : Test For"
					},
					
					"if_action": [
						{
							"name": "summon_random_entity_at_entity_relative",
							"entity": "player",
							"tag": "escort_mission_vip",
							"npc": ["Character.LightCrowd_glen_ma","Character.LightCrowd_littlechina_ma","Character.LightCrowd_vistadelrey_ma"],
							"spawnlevel": "42",
							"distance": 5,
							"position": "behind"
						}
					],
					"else_action": [
						{
							"name": "nothing",
							"value": "False"
						}
					]
					
				},
				
				{
				"helperTitle": "Male Rich",
					"name": "if",
					"trigger": 	{
						"name": "testFor",
						"triggers": [
							{
								"name": "custom_condition",
								"value": "joytoy_orientation",
								"score": 0,
								"helper": "This trigger will be triggered when the custom score (value) have reach the score",
								"helperTitle": "Score : Custom Score"
							},
							{
								"name": "custom_condition_higher_or_equals",
								"value": "joytoy_reput",
								"score": 101,
								"helper": "This trigger will be triggered when the custom score (value) have reach the score",
								"helperTitle": "Score : Custom Score"
							}
						],
						"logic": "and",
						"helper": "This trigger will be triggered when all of the trigger are triggered by the logic you choose.",
						"helperTitle": "Logic : Test For"
					},
					
					"if_action": [
						{
							"name": "summon_random_entity_at_entity_relative",
							"entity": "player",
							"tag": "escort_mission_vip",
							"npc": ["Character.CitizenRichMale","Character.CitizenRichMaleCasual","Character.sq017_lounge_fan_male_rich"],
							"spawnlevel": "42",
							"distance": 5,
							"position": "behind"
						}
					],
					"else_action": [
						{
							"name": "nothing",
							"value": "False"
						}
					]
					
				},
				
				
				{
				"helperTitle": "Female Poor",
					"name": "if",
					"trigger": 	{
						"name": "testFor",
						"triggers": [
							{
								"name": "custom_condition",
								"value": "joytoy_orientation",
								"score": 1,
								"helper": "This trigger will be triggered when the custom score (value) have reach the score",
								"helperTitle": "Score : Custom Score"
							},
							{
								"name": "custom_condition_is_between",
								"value": "joytoy_reput",
								"min": -99999999,
								"max":50,
								"strict":false,
								"helper": "This trigger will be triggered when the custom score (value) have reach the score",
								"helperTitle": "Score : Custom Score"
							}
						],
						"logic": "and",
						"helper": "This trigger will be triggered when all of the trigger are triggered by the logic you choose.",
						"helperTitle": "Logic : Test For"
					},
					
					"if_action": [
						{
							"name": "summon_random_entity_at_entity_relative",
							"entity": "player",
							"tag": "escort_mission_vip",
							"npc": ["Character.HobotownHomelessWoman","Character.HomelessFemale","Character.JunkieFemale"],
							"spawnlevel": "42",
							"distance": 5,
							"position": "behind"
						}
					],
					"else_action": [
						{
							"name": "nothing",
							"value": "False"
						}
					]
					
				},
				
				
				
				
				
				
				
				
				
				
				
				
				
				
				
				
				
				{
				"helperTitle": "Female Medium",
					"name": "if",
					"trigger": 	{
						"name": "testFor",
						"triggers": [
							{
								"name": "custom_condition",
								"value": "joytoy_orientation",
								"score": 1,
								"helper": "This trigger will be triggered when the custom score (value) have reach the score",
								"helperTitle": "Score : Custom Score"
							},
							{
								"name": "custom_condition_is_between",
								"value": "joytoy_reput",
								"min": 51,
								"max":100,
								"strict":false,
								"helper": "This trigger will be triggered when the custom score (value) have reach the score",
								"helperTitle": "Score : Custom Score"
							}
						],
						"logic": "and",
						"helper": "This trigger will be triggered when all of the trigger are triggered by the logic you choose.",
						"helperTitle": "Logic : Test For"
					},
					
					"if_action": [
						{
							"name": "summon_random_entity_at_entity_relative",
							"entity": "player",
							"tag": "escort_mission_vip",
							"npc": ["Character.LightCrowd_arroyo_wa","Character.LightCrowd_coastview_wa","Character.LightCrowd_wellsprings_wa"],
							"spawnlevel": "42",
							"distance": 5,
							"position": "behind"
						}
					],
					"else_action": [
						{
							"name": "nothing",
							"value": "False"
						}
					]
					
				},
				{
				"helperTitle": "Female Rich",
					"name": "if",
					"trigger": 	{
						"name": "testFor",
						"triggers": [
							{
								"name": "custom_condition",
								"value": "joytoy_orientation",
								"score": 1,
								"helper": "This trigger will be triggered when the custom score (value) have reach the score",
								"helperTitle": "Score : Custom Score"
							},
							{
								"name": "custom_condition_higher_or_equals",
								"value": "joytoy_reput",
								"score": 101,
								"helper": "This trigger will be triggered when the custom score (value) have reach the score",
								"helperTitle": "Score : Custom Score"
							}
						],
						"logic": "and",
						"helper": "This trigger will be triggered when all of the trigger are triggered by the logic you choose.",
						"helperTitle": "Logic : Test For"
					},
					
					"if_action": [
						{
							"name": "summon_random_entity_at_entity_relative",
							"entity": "player",
							"tag": "escort_mission_vip",
							"npc": ["Character.CitizenRichFemale","Character.CitizenRichFemaleCasual","Character.sq017_lounge_fan_female_rich"],
							"spawnlevel": "42",
							"distance": 5,
							"position": "behind"
						}
					],
					"else_action": [
						{
							"name": "nothing",
							"value": "False"
						}
					]
					
				},
			
				
				
				
				
				
				
				
				
				
				
				
				
				
				{
				"helperTitle": "Bisexual Poor",
					"name": "if",
					"trigger": 	{
						"name": "testFor",
						"triggers": [
							{
								"name": "custom_condition",
								"value": "joytoy_orientation",
								"score": 2,
								"helper": "This trigger will be triggered when the custom score (value) have reach the score",
								"helperTitle": "Score : Custom Score"
							},
							{
								"name": "custom_condition_is_between",
								"value": "joytoy_reput",
								"min": -99999999,
								"max":50,
								"strict":false,
								"helper": "This trigger will be triggered when the custom score (value) have reach the score",
								"helperTitle": "Score : Custom Score"
							}
						],
						"logic": "and",
						"helper": "This trigger will be triggered when all of the trigger are triggered by the logic you choose.",
						"helperTitle": "Logic : Test For"
					},
					
					"if_action": [
						{
							"name": "summon_random_entity_at_entity_relative",
							"entity": "player",
							"tag": "escort_mission_vip",
							"npc": ["Character.HomelessMan","Character.HomelessManBackpack","Character.HomelessManBig","Character.HobotownHomelessWoman","Character.HomelessFemale","Character.JunkieFemale"],
							"spawnlevel": "42",
							"distance": 5,
							"position": "behind"
						}
					],
					"else_action": [
						{
							"name": "nothing",
							"value": "False"
						}
					]
					
				},
				{
				"helperTitle": "Bisexual Medium",
					"name": "if",
					"trigger": 	{
						"name": "testFor",
						"triggers": [
							{
								"name": "custom_condition",
								"value": "joytoy_orientation",
								"score": 2,
								"helper": "This trigger will be triggered when the custom score (value) have reach the score",
								"helperTitle": "Score : Custom Score"
							},
							{
								"name": "custom_condition_is_between",
								"value": "joytoy_reput",
								"min": 51,
								"max":100,
								"strict":false,
								"helper": "This trigger will be triggered when the custom score (value) have reach the score",
								"helperTitle": "Score : Custom Score"
							}
						],
						"logic": "and",
						"helper": "This trigger will be triggered when all of the trigger are triggered by the logic you choose.",
						"helperTitle": "Logic : Test For"
					},
					
					"if_action": [
						{
							"name": "summon_random_entity_at_entity_relative",
							"entity": "player",
							"tag": "escort_mission_vip",
							"npc": ["Character.LightCrowd_arroyo_wa","Character.LightCrowd_coastview_wa","Character.LightCrowd_wellsprings_wa","Character.LightCrowd_glen_ma","Character.LightCrowd_littlechina_ma","Character.LightCrowd_vistadelrey_ma"],
							"spawnlevel": "42",
							"distance": 5,
							"position": "behind"
						}
					],
					"else_action": [
						{
							"name": "nothing",
							"value": "False"
						}
					]
					
				},
				{
				"helperTitle": "Bisexual Rich",
					"name": "if",
					"trigger": 	{
						"name": "testFor",
						"triggers": [
							{
								"name": "custom_condition",
								"value": "joytoy_orientation",
								"score": 2,
								"helper": "This trigger will be triggered when the custom score (value) have reach the score",
								"helperTitle": "Score : Custom Score"
							},
							{
								"name": "custom_condition_higher_or_equals",
								"value": "joytoy_reput",
								"score": 101,
								"helper": "This trigger will be triggered when the custom score (value) have reach the score",
								"helperTitle": "Score : Custom Score"
							}
						],
						"logic": "and",
						"helper": "This trigger will be triggered when all of the trigger are triggered by the logic you choose.",
						"helperTitle": "Logic : Test For"
					},
					
					"if_action": [
						{
							"name": "summon_random_entity_at_entity_relative",
							"entity": "player",
							"tag": "escort_mission_vip",
							"npc": ["Character.CitizenRichFemale","Character.CitizenRichFemaleCasual","Character.CitizenRichMale","Character.CitizenRichMaleCasual","Character.sq017_lounge_fan_female_rich","Character.sq017_lounge_fan_male_rich"],
							"spawnlevel": "42",
							"distance": 5,
							"position": "behind"
						} 
					],
					"else_action": [
						{
							"name": "nothing",
							"value": "False"
						}
					]
					
				}
	
    ]
}
