{
    "name": "joytoy_endpoint_manager",
    "tag": "joytoy_endpoint_manager",
    "action": [
	{
            "name": "if",
            "trigger": {
                "name": "custom_condition_higher_or_equals",
                "value": "joytoy_reput",
                "score": 210,
                "helper": "This trigger will be triggered when the custom score (value) have reach the score",
                "helperTitle": "Score : Custom Score"
            },
            "if_action": [{
                    "name": "do_random_function",
                    "funcs": [
                        "joytoy_endpoint_01_high",
						"joytoy_endpoint_02_high",
						"joytoy_endpoint_03_high",
						"joytoy_endpoint_04_high",
						"joytoy_endpoint_05_high",
						"joytoy_endpoint_06_high"
                    ],
                    "helper": "This action will do an random function in the list",
                    "helperTitle": "Function : Do an random function from an list"
                }
            ],
            "else_action": [
                {
                    "name": "if",
                    "trigger": {
                        "name": "custom_condition_is_between",
                        "value": "joytoy_reput",
                        "min": 51,
						"max":100,
						"strict":false,
                        "helper": "This trigger will be triggered when the custom score (value) have reach the score",
                        "helperTitle": "Score : Custom Score"
                    },
                    "if_action": [{
                            "name": "do_random_function",
                            "funcs": [
                                "joytoy_endpoint_01_mid",
								"joytoy_endpoint_02_mid",
								"joytoy_endpoint_03_mid",
								"joytoy_endpoint_04_mid",
								"joytoy_endpoint_05_mid",
								"joytoy_endpoint_06_mid",
								"joytoy_endpoint_07_mid"
                            ],
                            "helper": "This action will do an random function in the list",
                            "helperTitle": "Function : Do an random function from an list"
                        }
                    ],
                    "else_action": [{
                            "name": "do_random_function",
                            "funcs": [
                                "joytoy_endpoint_01_low",
								"joytoy_endpoint_02_low",
								"joytoy_endpoint_03_low",
								"joytoy_endpoint_04_low",
								"joytoy_endpoint_05_low",
								"joytoy_endpoint_06_low",
								"joytoy_endpoint_07_low"
                            ],
                            "helper": "This action will do an random function in the list",
                            "helperTitle": "Function : Do an random function from an list"
                        }

                    ]
                }
            ]
        }
    ]
}
