{
    "name": "joytoy_dialog_manager2",
    "tag": "joytoy_dialog_manager2",
    "action": [{
            "name": "if",
            "trigger": {
                "name": "custom_condition",
                "value": "joytoy_action",
                "score": 5,
                "helper": "This trigger will be triggered when the custom score (value) have reach the score",
                "helperTitle": "Score : Custom Score"
            },
            "if_action": [{
                    "name": "do_function",
                    "value": "joytoy_end"
                }
            ],
            "else_action": [
                {
                    "name": "if",
                    "trigger": {
                        "name": "player_gender",
                        "value": "male",
                        "helper": "This trigger will be triggered when player have expected gender (male/female)",
                        "helperTitle": "Player : Gender"
                    },
                    "if_action": [{
                            "name": "do_random_function",
                            "funcs": [
                                "func_dial_leah_choice_11",
                                "func_dial_leah_choice_12",
                                "func_dial_leah_choice_13"
                            ]
                        }
                    ],
                    "else_action": [{
                            "name": "do_random_function",
                            "funcs": [
                                "func_dial_leah_choice_11_f",
                                "func_dial_leah_choice_12_f",
                                "func_dial_leah_choice_13_f"
                            ]
                        }
                    ]
                }
            ]
        }
    ]
}
