{
	"name": "joytoy_dialog_manager",
	"tag": "joytoy_dialog_manager",
	"action": [{
		"name": "set_score",
		"score": "joytoy",
			"key": "choices",
		"value": 0
	}, {
		"name": "if",
		"trigger": {
			"name": "custom_condition",
			"value": "joytoy_action",
			"score": 5,
			"helper": "This trigger will be triggered when the custom score (value) have reach the score",
			"helperTitle": "Score : Custom Score"
		},
		"if_action": [{
			"name": "do_function",
			"value": "joytoy_end"
		}],
		"else_action": [{
			"name": "if",
			"trigger": {
				"name": "player_gender",
				"value": "male",
				"helper": "This trigger will be triggered when player have expected gender (male/female)",
				"helperTitle": "Player : Gender"
			},
			"if_action": [{
				"name": "do_random_function",
				"funcs": [
					"func_dial_leah_choice_01",
					"func_dial_leah_choice_02",
					"func_dial_leah_choice_03",
					"func_dial_leah_choice_04",
					"func_dial_leah_choice_05",
					"func_dial_leah_choice_06",
					"func_dial_leah_choice_01_m",
					"func_dial_leah_choice_02_m",
					"func_dial_leah_choice_03_m"
				]
			}],
			"else_action": [{
				"name": "do_random_function",
				"funcs": [
					"func_dial_leah_choice_01",
					"func_dial_leah_choice_02",
					"func_dial_leah_choice_03",
					"func_dial_leah_choice_04",
					"func_dial_leah_choice_05",
					"func_dial_leah_choice_06",
					"func_dial_leah_choice_01_f",
					"func_dial_leah_choice_02_f",
					"func_dial_leah_choice_03_f"
				]
			}]
		}]
	}, {
		"name": "dialog",
		"dialog": "dial_leah_choice_06",
		"context": [{
				"trigger": {
					"condition01": {
						"name": "check_score",
						"value": "joytoy",
						"key": "choices",
						"score": 1,
						"operator": "="
					}
				},
				"requirement": [
					[
						"condition01"
					]
				],
				"prop": {
					"dialog": {
						"text": "##name",
						"type": "text",
						"values": {
							"name": {
								"type": "random_text",
								"list": ["Specialdial_leah_choice_01", "Specialdial_leah_choice_02", "Specialdial_leah_choice_03"]
							}
						}

					}
				}
			},
			{
				"trigger": {
					"condition02": {
						"name": "check_score",
						"value": "joytoy",
						"key": "choices",
						"score": 0,
						"operator": "="
					}
				},
				"requirement": [
					[
						"condition02"
					]
				],
				"prop": {
					"dialog": {
						"text": "##list",
						"type": "text",
						"values": {
							"list": {
								"type": "random_text",
								"list": ["dial_leah_choice_02_f", "dial_leah_choice_01", "dial_leah_choice_03_f", "dial_leah_choice_03", "dial_leah_choice_03", "dial_leah_choice_04", "dial_leah_choice_05", "dial_leah_choice_06"]
							}
						}
					}
				}
			}
		]
	}]
}