{
    "name": "joytoy_dialog_manager",
    "tag": "joytoy_dialog_manager",
    "action": [{
            "name": "if",
            "trigger": {
                "name": "custom_condition",
                "value": "joytoy_action",
                "score": 5,
                "helper": "This trigger will be triggered when the custom score (value) have reach the score",
                "helperTitle": "Score : Custom Score"
            },
            "if_action": [{
                    "name": "do_function",
                    "value": "joytoy_end"
                }
            ],
            "else_action": [
                {
                    "name": "if",
                    "trigger": {
                        "name": "player_gender",
                        "value": "male",
                        "helper": "This trigger will be triggered when player have expected gender (male/female)",
                        "helperTitle": "Player : Gender"
                    },
                    "if_action": [{
                            "name": "do_random_function",
                            "funcs": [
                                "func_dial_leah_choice_01",
                                "func_dial_leah_choice_02",
                                "func_dial_leah_choice_03",
                                "func_dial_leah_choice_04",
                                "func_dial_leah_choice_05",
                                "func_dial_leah_choice_06",
                                "func_dial_leah_choice_01_m",
                                "func_dial_leah_choice_02_m",
                                "func_dial_leah_choice_03_m"
                            ]

                        }
                    ],
                    "else_action": [{
                            "name": "do_random_function",
                            "funcs": [

                                "func_dial_leah_choice_01",
                                "func_dial_leah_choice_02",
                                "func_dial_leah_choice_03",
                                "func_dial_leah_choice_04",
                                "func_dial_leah_choice_05",
                                "func_dial_leah_choice_06",
                                "func_dial_leah_choice_01_f",
                                "func_dial_leah_choice_02_f",
                                "func_dial_leah_choice_03_f"

                            ]
                        }
                    ]
                }

            ]
        }
    ]
}
