{

    "name": "Delamain AV Tour Service (1000$)",
    "tag": "del_av_service_01",

    "action": [{
            "name": "notify",
            "value": "Not enough Money..."
        }, {
            "name": "if",
            "trigger": {
                "name": "money",
                "value": 1000,
                "helper": "This trigger will be triggered when you have enough money",
                "helperTitle": "Money : Have enough"
            },
            "if_action": [{
                    "name": "remove_money",
                    "value": 1000,
                    "helper": "This action will make remove an amount of money",
                    "helperTitle": "Money : Remove Money"
                }
            ],
            "else_action": [{
                    "name": "notify",
                    "value": "Not enough Money..."
                }, {
                    "name": "clean_thread",
                    "tag": "del_av_service",
                    "help": "Clean an thread in scripting execution system",
                    "helper": "This action will Clean an thread in scripting execution system",
                    "helperTitle": "Logic : Clean Threads"
                }
            ],
            "helper": "This action will check an trigger and execute IF actions if the trigger is OK or ELSE action if the trigger is not OK",
            "helperTitle": "Logic : If"
        }, 
		{
			"name":"clean_custommappin"
				
			
		},
		{
            "name": "if",
            "trigger": {
                "name": "have_custom_mappin_placed",
                "helper": "This trigger will be triggered if an custom Map Pin is placed",
                "helperTitle": "Map : Custom Mappin Placed"
            },
            "if_action": [{
                    "name": "nothing"
                }
            ],
            "else_action": [{
                    "name": "notify",
                    "value": "Place a Custom Map pin on your map."
                }, 
				{
					"name": "wait_second",
					"value": 2
				},	{
                    "name": "open_menu",
                    "value": "world_map"
                }, 
				{
                    "name": "wait_for_trigger",
                    "trigger": {
                        "name": "have_custom_mappin_placed",
                        "helper": "This trigger will be triggered if an custom Map Pin is placed",
                        "helperTitle": "Map : Custom Mappin Placed"
                    },
                    "help": "Wait that trigger condition is valid",
                    "helper": "This action will wait that the trigger is valid before do the next action ",
                    "helperTitle": "Logic : Wait For Trigger"
                }, {
                    "name": "close_menu"
                }
            ],
            "helper": "This action will check an trigger and execute IF actions if the trigger is OK or ELSE action if the trigger is not OK",
            "helperTitle": "Logic : If"
        }, {
            "name": "unlock_message",
            "tag": "del_av_01"

        }, {
            "name": "lock_message",
            "tag": "del_av_02"

        }, {
            "name": "phone_notification",
            "title": "Delamain Services",
            "desc": "Dear user, we send an AV to your position.",
            "duration": 8,
            "conversation": "del_taxi_service_av"
        }, {
            "name": "wait_second",
            "value": 3
        }, 
		{
			"name": "spawn_vehicule_v2",
			"tag": "taxi_delamain_av",
			"spawnlevel": 36,
			"appearance": "",
			"spawn_system": 3,
			"scriptlevel":0,

			"group": "",
			"create_group_if_not_exist": false,

			"source": "vehicle",
			"source_helper": "vehicle||faction||current_district_leader||current_subdistrict_leader||district_leader||subdistrict_leader||random||from_list||district_rival||subdistrict_rival||current_district_rival||current_subdistrict_rival",
			"source_tag": "Vehicle.av_rayfield_excalibur",
			"source_gang": "faction_mox",
			"source_list": ["Vehicle.cs_savable_archer_hella_police_siren"],
			"source_tag_helper": "Vehicle.cs_savable_archer_hella_police_siren||faction_mox||district_westbrook||NorthOaks",

			"source_use_rival": false,

			"position": "relative_to_entity",		
			"position_helper": "at||relative_to_entity||node||player_look_at||poi||mappin||fasttravel||custom_place||custom_room",
			"position_change_helper": "Write 'current' in position_tag for get current node,mappin, fasttravel, custom_place or custom_room. \n For poi if you write 'current' in position_poi_district you will get the current district, \n if you write 'current in position_poi_subdistrict you will get the current subdistrict. \n also if you write 'random' in position_poi_subdistrict or position_poi_district, you will get an 'random' value",
			"position_range": 50,
			"position_lookatdistance":0,		
			"position_tag": "player",
			"position_tag_helper": "judy01||playerhouse01||playerhouse_bed||",
			"position_way": "normal",
			"position_way_helper": "normal||behind||forward",
			"position_poi_district": "",
			"position_poi_subdistrict": "",
			"position_poi_is_for_car": false,
			"position_poi_from_position": false,
			"position_poi_use_location_tag": false,		
			"position_poi_type": 1,
			"position_distance": 5,
			"position_house_way": "default",
			"position_house_way_helper": "default||enter||exit",
			"position_house_tag": "playerhouse01",	
			"position_node_usegameplay": false,
			"x": -55,
			"y": 0,
			"z": 50,

			"amount": 1,
			"isAV": false,
			"appears_from_behind": false,
			"wait_for_vehicle": false,




			"help": "This action will summon a Vehicle with several custom parameter ",
			"helper": "This action will summon Vehicle with several custom parameter ",
			"helperTitle": "Vehicle : Spawn a Vehicle"
		},
		
		
		{
            "name": "wait_second",
            "value": 1
        }, {
            "name": "for",
            "amount": 25,
            "action": [
				{
					"name": "teleport",
					"tag": "taxi_delamain_av",
					"group":false,

					"position": "relative_to_entity",		
					"position_helper": "at||relative_to_entity||node||player_look_at||poi||mappin||fasttravel||custom_place||custom_room",
					"position_change_helper": "Write 'current' in position_tag for get current node,mappin, fasttravel, custom_place or custom_room. \n For poi if you write 'current' in position_poi_district you will get the current district, \n if you write 'current in position_poi_subdistrict you will get the current subdistrict. \n also if you write 'random' in position_poi_subdistrict or position_poi_district, you will get an 'random' value",
					"position_range": 50,
					"position_lookatdistance":0,		
					"position_tag": "taxi_delamain_av",
					"position_tag_helper": "judy01||playerhouse01||playerhouse_bed||",
					"position_way": "normal",
					"position_way_helper": "normal||behind||forward",
					"position_poi_district": "",
					"position_poi_subdistrict": "",
					"position_poi_is_for_car": false,
					"position_poi_from_position": false,
					"position_poi_use_location_tag": false,	
					"position_poi_type": 1,		
					"position_distance": 5,
					"position_house_way": "default",
					"position_house_way_helper": "default||enter||exit",
					"position_house_tag": "playerhouse01",	
					"position_node_usegameplay": false,
					"x": 2,
					"y": 0,
					"z": 0,
					
					
					
					
					
					"help": "This action will teleport an entity with several custom parameter ",
					"helper": "This action will teleport an entity with several custom parameter ",
					"helperTitle": "Entity : Teleport To"
				},
            ]

        }, {
            "name": "for",
            "amount": 245,
            "action": [
				{
					"name": "teleport",
					"tag": "taxi_delamain_av",
					"group":false,

					"position": "relative_to_entity",		
					"position_helper": "at||relative_to_entity||node||player_look_at||poi||mappin||fasttravel||custom_place||custom_room",
					"position_change_helper": "Write 'current' in position_tag for get current node,mappin, fasttravel, custom_place or custom_room. \n For poi if you write 'current' in position_poi_district you will get the current district, \n if you write 'current in position_poi_subdistrict you will get the current subdistrict. \n also if you write 'random' in position_poi_subdistrict or position_poi_district, you will get an 'random' value",
					"position_range": 50,
					"position_lookatdistance":0,		
					"position_tag": "taxi_delamain_av",
					"position_tag_helper": "judy01||playerhouse01||playerhouse_bed||",
					"position_way": "normal",
					"position_way_helper": "normal||behind||forward",
					"position_poi_district": "",
					"position_poi_subdistrict": "",
					"position_poi_is_for_car": false,
					"position_poi_from_position": false,
					"position_poi_use_location_tag": false,	
					"position_poi_type": 1,		
					"position_distance": 5,
					"position_house_way": "default",
					"position_house_way_helper": "default||enter||exit",
					"position_house_tag": "playerhouse01",	
					"position_node_usegameplay": false,
					"x": 0,
					"y": 0,
					"z": -0.2,
					
					
					
					
					
					"help": "This action will teleport an entity with several custom parameter ",
					"helper": "This action will teleport an entity with several custom parameter ",
					"helperTitle": "Entity : Teleport To"
				},
            ]

        }, {
            "name": "vehicle_change_doors",
            "value": "open",
            "tag": "taxi_delamain_av",
            "helper": "This action will change the state of doors (open/close/lock/unlock)",
            "helperTitle": "Vehicule : Change Doors State"
        }, {
            "name": "wait_second",
            "value": 3
        }, {
            "name": "entity_set_seat",
            "tag": "player",
            "vehicle": "taxi_delamain_av",
            "seat": "seat_back_left"
        }, {
            "name": "set_score",
            "value": "av_cockpit",
			"key":"Score",
            "score": 0,
            "helper": "This action will change the value of an custom score",
            "helperTitle": "Score :  change the value of an custom score"
        }, {
            "name": "vehicle_change_doors",
            "value": "close",
            "tag": "taxi_delamain_av",
            "helper": "This action will change the state of doors (open/close/lock/unlock)",
            "helperTitle": "Vehicule : Change Doors State"
        }, {
            "name": "wait_second",
            "value": 5
        }, {
            "name": "change_camera_position",
            "x": 0,
            "y": -12,
            "z": 2,
            "helper": "This action will change the position of the camera",
            "helperTitle": "UI : Change Camera Position"
        }, {
            "name": "vehicule_autodrive_activate_custom_mappin",
            "tag": "taxi_delamain_av",
            "speed": 0.7,
            "zfly": 450,
            "isAV": true,
            "pathfinding": false,
            "helper": "This action will start autodrive of vehicule to the autodrive saved location",
            "helperTitle": "Vehicule : start Autodrive"
        }, {
            "name": "change_camera_position",
            "x": 0,
            "y": 0,
            "z": 0,
            "helper": "This action will change the position of the camera",
            "helperTitle": "UI : Change Camera Position"
        }, {
            "name": "wait_second",
            "value": 1
        }, {
            "name": "entity_unset_seat",
            "tag": "player",
            "vehicle": "taxi_delamain_av",
            "waitforsit": false,
            "seat": "seat_back_left"
        }, {
            "name": "set_score",
            "value": "av_cockpit",
			"key":"Score",
            "score": 2,
            "helper": "This action will change the value of an custom score",
            "helperTitle": "Score :  change the value of an custom score"
        }, {
            "name": "wait_second",
            "value": 3
        }, {
            "name": "for",
            "amount": 250,
            "action": [
				{
					"name": "teleport",
					"tag": "taxi_delamain_av",
					"group":false,

					"position": "relative_to_entity",		
					"position_helper": "at||relative_to_entity||node||player_look_at||poi||mappin||fasttravel||custom_place||custom_room",
					"position_change_helper": "Write 'current' in position_tag for get current node,mappin, fasttravel, custom_place or custom_room. \n For poi if you write 'current' in position_poi_district you will get the current district, \n if you write 'current in position_poi_subdistrict you will get the current subdistrict. \n also if you write 'random' in position_poi_subdistrict or position_poi_district, you will get an 'random' value",
					"position_range": 50,
					"position_lookatdistance":0,		
					"position_tag": "taxi_delamain_av",
					"position_tag_helper": "judy01||playerhouse01||playerhouse_bed||",
					"position_way": "normal",
					"position_way_helper": "normal||behind||forward",
					"position_poi_district": "",
					"position_poi_subdistrict": "",
					"position_poi_is_for_car": false,
					"position_poi_from_position": false,
					"position_poi_use_location_tag": false,	
					"position_poi_type": 1,		
					"position_distance": 5,
					"position_house_way": "default",
					"position_house_way_helper": "default||enter||exit",
					"position_house_tag": "playerhouse01",	
					"position_node_usegameplay": false,
					"x": 0,
					"y": 0,
					"z": 0.2,
					
					
					
					
					
					"help": "This action will teleport an entity with several custom parameter ",
					"helper": "This action will teleport an entity with several custom parameter ",
					"helperTitle": "Entity : Teleport To"
				},
            ]

        }, {
            "name": "for",
            "amount": 50,
            "action": [
				{
					"name": "teleport",
					"tag": "taxi_delamain_av",
					"group":false,

					"position": "relative_to_entity",		
					"position_helper": "at||relative_to_entity||node||player_look_at||poi||mappin||fasttravel||custom_place||custom_room",
					"position_change_helper": "Write 'current' in position_tag for get current node,mappin, fasttravel, custom_place or custom_room. \n For poi if you write 'current' in position_poi_district you will get the current district, \n if you write 'current in position_poi_subdistrict you will get the current subdistrict. \n also if you write 'random' in position_poi_subdistrict or position_poi_district, you will get an 'random' value",
					"position_range": 50,
					"position_lookatdistance":0,		
					"position_tag": "taxi_delamain_av",
					"position_tag_helper": "judy01||playerhouse01||playerhouse_bed||",
					"position_way": "normal",
					"position_way_helper": "normal||behind||forward",
					"position_poi_district": "",
					"position_poi_subdistrict": "",
					"position_poi_is_for_car": false,
					"position_poi_from_position": false,
					"position_poi_use_location_tag": false,	
					"position_poi_type": 1,		
					"position_distance": 5,
					"position_house_way": "default",
					"position_house_way_helper": "default||enter||exit",
					"position_house_tag": "playerhouse01",	
					"position_node_usegameplay": false,
					"x": 2,
					"y": 0,
					"z": 0,
					
					
					
					
					
					"help": "This action will teleport an entity with several custom parameter ",
					"helper": "This action will teleport an entity with several custom parameter ",
					"helperTitle": "Entity : Teleport To"
				},
            ]

        }, {
            "name": "despawn_entity",
            "tag": "taxi_delamain_av",
            "helper": "This action will despawn an custom entity ",
            "helperTitle": "Entity : Despawn an entity"
        }, {
            "name": "unlock_message",
            "tag": "del_av_02"

        }, {
            "name": "lock_message",
            "tag": "del_av_01"

        }, {
            "name": "phone_notification",
            "title": "Delamain Services",
            "desc": "Thank you for using our AV services. We hope to see you soon!", 
            "duration": 8,
            "conversation": "del_taxi_service_av"
        },
		{
				"name": "wait_second",
			"value": 2
		},	
		{
            "name": "lock_message",
            "tag": "del_av_01"

        }, {
            "name": "lock_message",
            "tag": "del_av_02"

        }

    ]

}
