{
	"name": "taxi_voice_function",
	"tag": "taxi_voice_function",
	"action": [{
		"name": "show_phone_avatar",
		"caller": "Delamain",
		"desc": "Taxi Service",
		"image": "Avatar_Delamain_deep"
	}, {
		"name": "if",
		"trigger": {
			"name": "custom_variable",
			"variable": "Delamain Voice",
			"key": "taxi",
			"value": "OG"
		},
		"if_action": [{
			"name": "play_sound_file",
			"value": "OG_welcome.wav",
			"channel": "sound",
			"datapack": "default",
			"volume": 50,
			"context": [{
				"trigger": {
					"condition01": {
						"name": "testFor",
						"triggers": [{
								"name": "compare",
								"trigger": {
									"name": "is_arrived_to_destination",
									"tag": "taxi_delamain_taxi",
									"range": 30
								},
								"expected": false
							},
							{
								"name": "player_gender",
								"value": "female"
							}, {
								"name": "compare",
								"trigger": {
									"name": "in_car"
								},
								"expected": false

							}
						],
						"logic": "and"
					}
				},
				"requirement": [
					["condition01"]
				],
				"prop": {
					"value": {
						"type": "text",
						"text": "##text.wav",
						"values": {
							"text": {
								"type": "random_text",
								"list": ["OG_Msv", "OG_welcome"]
							}
						}
					}
				}
			}, {
				"trigger": {
					"condition01": {
						"name": "testFor",
						"triggers": [{
								"name": "compare",
								"trigger": {
									"name": "is_arrived_to_destination",
									"tag": "taxi_delamain_taxi",
									"range": 30
								},
								"expected": false
							},
							{
								"name": "player_gender",
								"value": "male"
							}, {
								"name": "compare",
								"trigger": {
									"name": "in_car"
								},
								"expected": false

							}
						],
						"logic": "and"
					}
				},
				"requirement": [
					["condition01"]
				],
				"prop": {
					"value": {
						"type": "text",
						"text": "##text.wav",
						"values": {
							"text": {
								"type": "random_text",
								"list": ["OG_Mrv", "OG_welcome"]
							}
						}
					}
				}
			}, {
				"trigger": {
					"condition01": {
						"name": "testFor",
						"triggers": [{
								"name": "compare",
								"trigger": {
									"name": "is_arrived_to_destination",
									"tag": "taxi_delamain_taxi",
									"range": 40
								},
								"expected": true
							},
							{
								"name": "compare",
								"trigger": {
									"name": "in_car"
								},
								"expected": true
							}
						],
						"logic": "and"
					}
				},
				"requirement": [
					["condition01"]
				],
				"prop": {
					"value": {
						"type": "text",
						"text": "##text.wav",
						"values": {
							"text": {
								"type": "text",
								"value": "OG_neardest"
							}
						}
					}
				}
			}]
		}],
		"else_action": [{}]
	}, {
		"name": "if",
		"trigger": {
			"name": "custom_variable",
			"variable": "Delamain Voice",
			"key": "taxi",
			"value": "Sad"
		},
		"if_action": [{
			"name": "play_sound_file",
			"value": ".wav",
			"channel": "sound",
			"datapack": "default",
			"volume": 50,
			"context": [{
				"trigger": {
					"condition01": {
						"name": "testFor",
						"triggers": [{
								"name": "compare",
								"trigger": {
									"name": "is_arrived_to_destination",
									"tag": "taxi_delamain_taxi",
									"range": 40
								},
								"expected": false
							},
							{
								"name": "compare",
								"trigger": {
									"name": "in_car"
								},
								"expected": false

							}
						],
						"logic": "and"
					}
				},
				"requirement": [
					["condition01"]
				],
				"prop": {
					"value": {
						"type": "text",
						"text": "##text.wav",
						"values": {
							"text": {
								"type": "text",
								"value": "sad_goodmorning"
							}
						}
					}
				}
			}, {
				"trigger": {
					"condition01": {
						"name": "testFor",
						"triggers": [{
								"name": "compare",
								"trigger": {
									"name": "is_arrived_to_destination",
									"tag": "taxi_delamain_taxi",
									"range": 40
								},
								"expected": false
							},
							{
								"name": "compare",
								"trigger": {
									"name": "in_car"
								},
								"expected": true

							}
						],
						"logic": "and"
					}
				},
				"requirement": [
					["condition01"]
				],
				"prop": {
					"value": {
						"type": "text",
						"text": "##text.wav",
						"values": {
							"text": {
								"type": "random_text",
								"list": [ "sad_Imabird", "sad_relax_sitback", "sad_yawyaw", "sad_ilikedrivingfast"]
							}
						}
					}
				}
			}, {
				"trigger": {
					"condition01": {
						"name": "testFor",
						"triggers": [{
								"name": "compare",
								"trigger": {
									"name": "is_arrived_to_destination",
									"tag": "taxi_delamain_taxi",
									"range": 30
								},
								"expected": true
							},
							{
								"name": "compare",
								"trigger": {
									"name": "in_car"
								},
								"expected": true
							}
						],
						"logic": "and"
					}
				},
				"requirement": [
					["condition01"]
				],
				"prop": {
					"value": {
						"type": "text",
						"text": "##text.wav",
						"values": {
							"text": {
								"type": "text",
								"value": "sad_hereweare"
							}
						}
					}
				}
			}]
		}],
		"else_action": [{}]
	}, {
		"name": "if",
		"trigger": {
			"name": "custom_variable",
			"variable": "Delamain Voice",
			"key": "taxi",
			"value": "deep"
		},
		"if_action": [{
			"name": "play_sound_file",
			"value": ".wav",
			"channel": "sound",
			"datapack": "default",
			"volume": 50,
			"context": [{
				"trigger": {
					"condition01": {
						"name": "testFor",
						"triggers": [{
								"name": "compare",
								"trigger": {
									"name": "is_arrived_to_destination",
									"tag": "taxi_delamain_taxi",
									"range": 30
								},
								"expected": false
							},
							{
								"name": "compare",
								"trigger": {
									"name": "in_car"
								},
								"expected": false

							}
						],
						"logic": "and"
					}
				},
				"requirement": [
					["condition01"]
				],
				"prop": {
					"value": {
						"type": "text",
						"text": "##text.wav",
						"values": {
							"text": {
								"type": "random_text",
								"list": ["deep_getin", "deep_hello"]
							}
						}
					}
				}
			}, {
				"trigger": {
					"condition01": {
						"name": "testFor",
						"triggers": [{
								"name": "compare",
								"trigger": {
									"name": "is_arrived_to_destination",
									"tag": "taxi_delamain_taxi",
									"range": 10
								},
								"expected": false
							},
							{
								"name": "compare",
								"trigger": {
									"name": "in_car"
								},
								"expected": true

							}
						],
						"logic": "and"
					}
				},
				"requirement": [
					["condition01"]
				],
				"prop": {
					"value": {
						"type": "text",
						"text": "##text.wav",
						"values": {
							"text": {
								"type": "text",
								"value": "deep_curios"
							}
						}
					}
				}
			}, {
				"trigger": {
					"condition01": {
						"name": "testFor",
						"triggers": [{
								"name": "compare",
								"trigger": {
									"name": "is_arrived_to_destination",
									"tag": "taxi_delamain_taxi",
									"range": 30
								},
								"expected": true
							},
							{
								"name": "compare",
								"trigger": {
									"name": "in_car"
								},
								"expected": true
							}
						],
						"logic": "and"
					}
				},
				"requirement": [
					["condition01"]
				],
				"prop": {
					"value": {
						"type": "text",
						"text": "##text.wav",
						"values": {
							"text": {
								"type": "text",
								"value": "deep_farewell"
							}
						}
					}
				}
			}]
		}],
		"else_action": [{}]
	}, {
		"name": "if",
		"trigger": {
			"name": "custom_variable",
			"variable": "Delamain Voice",
			"key": "taxi",
			"value": "glados"
		},
		"if_action": [{
			"name": "play_sound_file",
			"value": ".wav",
			"channel": "sound",
			"datapack": "default",
			"volume": 50,
			"context": [{
				"trigger": {
					"condition01": {
						"name": "testFor",
						"triggers": [{
								"name": "compare",
								"trigger": {
									"name": "is_arrived_to_destination",
									"tag": "taxi_delamain_taxi",
									"range": 10
								},
								"expected": false
							},
							{
								"name": "compare",
								"trigger": {
									"name": "in_car"
								},
								"expected": false

							}
						],
						"logic": "and"
					}
				},
				"requirement": [
					["condition01"]
				],
				"prop": {
					"value": {
						"type": "text",
						"text": "##text.wav",
						"values": {
							"text": {
								"type": "text",
								"value": "glados_intro"
							}
						}
					}
				}
			}, {
				"trigger": {
					"condition01": {
						"name": "testFor",
						"triggers": [{
								"name": "compare",
								"trigger": {
									"name": "is_arrived_to_destination",
									"tag": "taxi_delamain_taxi",
									"range": 10
								},
								"expected": false
							},
							{
								"name": "compare",
								"trigger": {
									"name": "in_car"
								},
								"expected": true

							}
						],
						"logic": "and"
					}
				},
				"requirement": [
					["condition01"]
				],
				"prop": {
					"value": {
						"type": "text",
						"text": "##text.wav",
						"values": {
							"text": {
								"type": "random_text",
								"list": ["glados_testresult", "glados_iguess", "glados_hate"]
							}
						}
					}
				}
			}, {
				"trigger": {
					"condition01": {
						"name": "testFor",
						"triggers": [{
								"name": "compare",
								"trigger": {
									"name": "is_arrived_to_destination",
									"tag": "taxi_delamain_taxi",
									"range": 20
								},
								"expected": true
							},
							{
								"name": "compare",
								"trigger": {
									"name": "in_car"
								},
								"expected": true
							}
						],
						"logic": "and"
					}
				},
				"requirement": [
					["condition01"]
				],
				"prop": {
					"value": {
						"type": "text",
						"text": "##text.wav",
						"values": {
							"text": {
								"type": "text",
								"value": "glados_thankyou"
							}
						}
					}
				}
			}]
		}],
		"else_action": [{}]
	}, {
		"name": "if",
		"trigger": {
			"name": "custom_variable",
			"variable": "Delamain Voice",
			"key": "taxi",
			"value": "anger"
		},
		"if_action": [{
			"name": "play_sound_file",
			"value": "Sui_detest.wav",
			"channel": "sound",
			"datapack": "default",
			"volume": 50,
			"context": [{
				"trigger": {
					"condition01": {
						"name": "testFor",
						"triggers": [{
								"name": "compare",
								"trigger": {
									"name": "is_arrived_to_destination",
									"tag": "taxi_delamain_taxi",
									"range": 10
								},
								"expected": false
							},
							{
								"name": "compare",
								"trigger": {
									"name": "in_car"
								},
								"expected": false

							}
						],
						"logic": "and"
					}
				},
				"requirement": [
					["condition01"]
				],
				"prop": {
					"value": {
						"type": "text",
						"text": "##text.wav",
						"values": {
							"text": {
								"type": "text",
								"value": "anger_beepbeep"
							}
						}
					}
				}
			}, {
				"trigger": {
					"condition01": {
						"name": "testFor",
						"triggers": [{
								"name": "compare",
								"trigger": {
									"name": "is_arrived_to_destination",
									"tag": "taxi_delamain_taxi",
									"range": 20
								},
								"expected": true
							},
							{
								"name": "compare",
								"trigger": {
									"name": "in_car"
								},
								"expected": true

							}
						],
						"logic": "and"
					}
				},
				"requirement": [
					["condition01"]
				],
				"prop": {
					"value": {
						"type": "text",
						"text": "##text.wav",
						"values": {
							"text": {
								"type": "text",
								"value": "anger_beepdead"
							}
						}
					}
				}
			}]
		}],
		"else_action": [{}]
	}, {
		"name": "wait_second",
		"value": 2
	}, {
		"name": "hide_phone_avatar",
		"helper": "This action will Hide Npc Phone Portrait",
		"helperTitle": "Ui : Hide Phone Avatar "
	}]
}