{
    "name": "keystone_loading_anim",
    "tag": "keystone_loading_anim",
    "action": [
		{
			"name": "set_variable",
			"variable": "keystone",
			"key": "loadinganim",
			"value": "[--------------------]"
		},	
		{
			"name": "set_variable",
			"variable": "keystone",
			"key": "iceprotocolanim",
			"value": ">>ice_protocol:booting()"
		},	
		{
					"name": "set_variable",
					"variable": "keystone",
					"key": "loading",
					"value": "Fetching Data...(5%%)"
		},
		{
			"name": "set_score",
			"score": "keystone",
			"key": "loadinganim_width",
			"value":5
		},	
		{
			"name": "wait_second",
			"value": 0.3
		},
		{
			"name": "set_variable",
			"variable": "keystone",
			"key": "loadinganim",
			"value": "[**------------------]"
		},	
		{
			"name": "set_variable",
			"variable": "keystone",
			"key": "iceprotocolanim",
			"value": ">>ice_protocol:avoid('s1Lv€Rh@nd.exe')"
		},	
		{
			"name": "set_score",
			"score": "keystone",
			"key": "loadinganim_width",
			"value":100
		},	
		{
					"name": "set_variable",
					"variable": "keystone",
					"key": "loading",
					"value": "Fetching Data...(25%%)"
		},
		{
			"name": "wait_second",
			"value": 0.3
		},
		{
			"name": "set_variable",
			"variable": "keystone",
			"key": "loadinganim",
			"value": "[****----------------]"
		},	
		{
			"name": "set_variable",
			"variable": "keystone",
			"key": "iceprotocolanim",
			"value": ">>ice_protocol:executecmd('netbreach 127.0.0.1') --redirect('netbreach') -- runsilent"
		},	
		{
			"name": "wait_second",
			"value": 0.3
		},
		{
			"name": "set_variable",
			"variable": "keystone",
			"key": "loadinganim",
			"value": "[******--------------]"
		},	
		{
					"name": "set_variable",
					"variable": "keystone",
					"key": "loading",
					"value": "Fetching Data...(30%%)"
		},
		{
			"name": "set_score",
			"score": "keystone",
			"key": "loadinganim_width",
			"value":150
		},	
		{
			"name": "set_variable",
			"variable": "keystone",
			"key": "iceprotocolanim",
			"value": ">>netbreach:download('cyberscript_redirect.exe')"
		},	
		{
			"name": "wait_second",
			"value": 0.3
		},
		{
			"name": "set_variable",
			"variable": "keystone",
			"key": "loadinganim",
			"value": "[********------------]"
		},	
		{
					"name": "set_variable",
					"variable": "keystone",
					"key": "loading",
					"value": "Fetching Data...(40%%)"
		},
		{
			"name": "set_score",
			"score": "keystone",
			"key": "loadinganim_width",
			"value":200
		},	
		{
			"name": "wait_second",
			"value": 0.3
		},
		{
			"name": "set_variable",
			"variable": "keystone",
			"key": "iceprotocolanim",
			"value": ">>cyberscript_redirect:executecmd('breach_ice_protocol')"
		},	
		{
			"name": "set_variable",
			"variable": "keystone",
			"key": "loadinganim",
			"value": "[**********----------]"
		},	
		{
					"name": "set_variable",
					"variable": "keystone",
					"key": "loading",
					"value": "Fetching Data...(50%%)"
		},
		{
			"name": "set_score",
			"score": "keystone",
			"key": "loadinganim_width",
			"value":250
		},	
		{
			"name": "set_variable",
			"variable": "keystone",
			"key": "iceprotocolanim",
			"value": ">>cyberscript_redirect:waitfor('breach_ice_protocol','onfinish')"
		},	
		{
			"name": "wait_second",
			"value": 0.3
		},
		{
			"name": "set_variable",
			"variable": "keystone",
			"key": "loadinganim",
			"value": "[************--------]"
		},	
		{
					"name": "set_variable",
					"variable": "keystone",
					"key": "loading",
					"value": "Fetching Data...(60%%)"
		},
		{
			"name": "set_score",
			"score": "keystone",
			"key": "loadinganim_width",
			"value":300
		},	
		{
			"name": "set_variable",
			"variable": "keystone",
			"key": "iceprotocolanim",
			"value": ">>cyberscript_redirect:run('cyberscript.exe')"
		},	
		{
			"name": "wait_second",
			"value": 0.3
		},
		{
			"name": "set_variable",
			"variable": "keystone",
			"key": "loadinganim",
			"value": "[**************------]"
		},
		{
					"name": "set_variable",
					"variable": "keystone",
					"key": "loading",
					"value": "Fetching Data...(70%%)"
		},
		{
			"name": "set_score",
			"score": "keystone",
			"key": "loadinganim_width",
			"value":350
		},	
		{
			"name": "set_variable",
			"variable": "keystone",
			"key": "iceprotocolanim",
			"value": ">>cyberscript_redirect:run('cyberscript_browser.exe')"
		},	
		{
			"name": "wait_second",
			"value": 0.3
		},
		{
			"name": "set_variable",
			"variable": "keystone",
			"key": "loadinganim",
			"value": "[****************----]"
		},	
		{
					"name": "set_variable",
					"variable": "keystone",
					"key": "loading",
					"value": "Fetching Data...(85%%)"
		},
		{
			"name": "set_score",
			"score": "keystone",
			"key": "loadinganim_width",
			"value":400
		},	
		{
			"name": "set_variable",
			"variable": "keystone",
			"key": "iceprotocolanim",
			"value": ">>cyberscript_browser:start()"
		},	
		{
			"name": "wait_second",
			"value": 0.3
		},
		{
			"name": "set_variable",
			"variable": "keystone",
			"key": "loadinganim",
			"value": "[********************]"
		},
		{
					"name": "set_variable",
					"variable": "keystone",
					"key": "loading",
					"value": "Fetching Data...(100%%)"
		},
		{
			"name": "set_score",
			"score": "keystone",
			"key": "loadinganim_width",
			"value":500
		},	
		{
			"name": "set_variable",
			"variable": "keystone",
			"key": "iceprotocolanim",
			"value": ">>cyberscript:start()"
		},	
		{
			"name": "wait_second",
			"value": 30
		},
		{
					"name": "set_variable",
					"variable": "keystone",
					"key": "loading",
					"value": "If you this message, it means that your framework exe is not running ! Launch it for get into CyberScriptServer"
		}
    ]
}