[ {
  "HouseTag": "",
  "Tag": "arroyo_corridor_light_f_big",
  "Yaw": 88.30233001709,
  "Title": "arroyo_corridor_light_f_big",
  "X": -1848.7353515625,
  "Z": 13.263999938965,
  "ItemPath": "base\\gameplay\\devices\\lights\\indestructible\\arroyo_corridor_light_f_big.ent",
  "Y": -125.94827270508,
  "Pitch": 0,
  "Id": "_arroyo_corridor_light_f_big_74794",
  "Roll": 92.699996948242
}, {
  "HouseTag": "",
  "Tag": "arroyo_corridor_light_f_big",
  "Yaw": -93.088806152344,
  "Title": "arroyo_corridor_light_f_big",
  "X": -1862.2199707031,
  "Z": 13.437000274658,
  "ItemPath": "base\\gameplay\\devices\\lights\\indestructible\\arroyo_corridor_light_f_big.ent",
  "Y": -125.50531005859,
  "Pitch": 0,
  "Id": "_arroyo_corridor_light_f_big_79677",
  "Roll": 86.400001525879
}, {
  "HouseTag": "",
  "Tag": "corridor_light_c_lch_tunnel_top_double",
  "Yaw": -92.188858032227,
  "Title": "corridor_light_c_lch_tunnel_top_double",
  "X": -1837.6448974609,
  "Z": 13.894000053406,
  "ItemPath": "base\\gameplay\\devices\\lights\\indestructible\\corridor_light_c_lch_tunnel_top_double.ent",
  "Y": -175.75079345703,
  "Pitch": 0,
  "Id": "_corridor_light_c_lch_tunnel_top_double_46127",
  "Roll": -0
}, {
  "HouseTag": "",
  "Tag": "corridor_light_c_lch_tunnel_top_double",
  "Yaw": 87.611137390137,
  "Title": "corridor_light_c_lch_tunnel_top_double",
  "X": -1828.5327148438,
  "Z": 13.774000167847,
  "ItemPath": "base\\gameplay\\devices\\lights\\indestructible\\corridor_light_c_lch_tunnel_top_double.ent",
  "Y": -176.29458618164,
  "Pitch": 0,
  "Id": "_corridor_light_c_lch_tunnel_top_double_46291",
  "Roll": 0
} ]