{
	"name": "AV CockPit",
	"trigger": {
		"car": {
			"name": "player_is_in_av",
			"helper": "This trigger will be triggered when you are in an car"
		},
		"cockpit":{
		"name": "custom_condition",
		"value": "av_cockpit",
		"score": 0,
		"helper": "This trigger will be triggered when the custom score (value) have reach the score",
		"helperTitle": "Score : Custom Score"
		}
	},
	"display": "event_interact",
	"tag": "av_cockpit",
	"requirement": [
		[
			"car","cockpit"
		]
	],
	"action": [
		{
			"x": 0,
			"y": 7.2549998092651,
			"helper": "This action will change the position of the camera",
			"name": "change_camera_position",
			"z": 0
		},
		
		{
		"name": "change_custom_condition",
		"value": "av_cockpit",
		"score": 1,
		"helper": "This action will change the value of an custom score",
		"helperTitle": "Score :  change the value of an custom score"
		}
	],
	"timer": 0,
	"sorttag": "av_interact"
}