{
	"name": "Get in AV",
	"tag": "enter_in_garage",
	"timer": 0,
	"sorttag": "AV",
	"display": "event_interact",
	"trigger": {
		"auto": {
			"name": "auto"
		},
		"condition02": {
			"name": "compare",
			"trigger": {
				"name": "in_car"
			},
			"expected": false

		},
		"looking at?": {
			"name": "entity_looked_is_custom_av",
			"helper": "This trigger will be triggered when the entity that you look have been registred as Custom AV",
			"helperTitle": "Entity : Looked Entity is Registred as Custom AV"
		}
	},
	"requirement": [
		[
			"auto", "condition02", "looking at?"
		]
	],
	"action": [
					{
		"name":"wait_second",
		"value":1
		},

					{
		"name":"vehicle_change_doors",
		"value":"close",
		"tag":"lookat"
		},
		{


			"name": "entity_set_seat_looked_av",
			"tag": "player",
			"vehicle":"lookat",
			"waitforsit": false,
			
			"seat": "seat_back_left"


		},
		{
		"name": "change_custom_condition",
		"value": "av_cockpit",
		"score": 1,
		"helper": "This action will change the value of an custom score",
		"helperTitle": "Score :  change the value of an custom score"
		}

		


	]
}