{
    "action": [
		{
        "name": "open_interface",
		"tag": "av_shop_ui"
		}
		
		
		
		
    ],
    "display": "event_interact",
    "input": 2,
    "name": "Buy an AV",
    "requirement": [["a","buyer"]],
    "sorttag": "",
    "tag": "open_av_shop_ui",
    "timer": 0,
    "trigger": {
        "a":{
		"name": "custom_place",
		"value": "av_shop",
		"helper": "This trigger will be triggered when you are at an specific custom place",
		"helperTitle": "House : in specific Custom Place"
	},
	 "buyer":{
		"name": "look_at_entity",
		"tag": "av_vendor",
		"helper": "This trigger will be triggered when you are at an specific custom place",
		"helperTitle": "House : in specific Custom Place"
	}
    }
}
