{

	"tag": "hud_corpo_scrolltext_text_tsheme",
	"type": "theme",
	
	"theme": [
		{
			"target": "hud_corpo_news_title",
			"text": "Corpo News Network"
		

		},

		{
			
			"target": "hud_corpo_news_content",
			"trigger": {
					"auto": {
						"name": "check_score",
						"value": "corpo_news",
						"key": "canget",
						"score": 1,
						"operator": "=",
						"helper": "This action will check the targeted score key value \n Available Operator : < || <= || > || >= || != || = ",
						"helperTitle": "Score : Check Score"
					}
				},
			"requirement": [
					["auto"]
			],
			"context": [{

				"trigger": {
					"auto": {
						"name": "check_score",
						"value": "corpo_news",
						"key": "canget",
						"score": 1,
						"operator": "=",
						"helper": "This action will check the targeted score key value \n Available Operator : < || <= || > || >= || != || = ",
						"helperTitle": "Score : Check Score"
					}
				},
				"requirement": [
					["auto"]
				],
				"prop": {

					"text": {
						"text": "##gangname",
						"values": {
							"gangname": {
								"type": "corpo_news",
								"tag": "corpo_arasaka",
								"prop": "title"
							}



						}

					}
				}
			}]
		}
	]



}