{

	"tag": "hud_corpo_assistant_2_theme",
	"type": "theme",
	"theme": [
		{
			"target": "hud_corpo",
			"visible": true
		},
		{
			"target": "hud_corpo_assistant",
			"visible": false
		},
		{
			"target": "hud_corpo_market_marketFluff",
			"visible": false
		},
		{
			"target": "hud_corpo_market_marketFluffIcon",
			"visible": false
		},
		{
			"target": "hud_corpo_market_marketWindowWrapperA_logoArasaka",
			"visible": false
		},
		{
			"target": "default_minimap_container",
			"visible": true,
			"margin":{
				"top":0,
				"left":-350
			},
			"anchor":15
		},
		{
			"target": "hud_corpo_market",
			"margin":{
				"top":0,
				"left":-350
			},
			"anchor":15
		},
		{
			"target": "hud_corpo_market_marketWindowWrapperA_FluffTxt_bottom2",
			"visible": false
		},
		{
			"target": "hud_corpo_stock",
			"margin": {
				"top": 1900,
				"left": 550
			},
			"anchor": 15
		},
		{
			"target": "hud_corpo_market_marketWindowWrapperA_Flufftxt_Bottom",
			"visible": false
		},
		{
			"target": "hud_corpo_market_marketWindowWrapperA_FluffTxt_bottom3",
			"visible": false
		},
		{
			"target": "hud_corpo_market_marketWindowWrapperA_03_mt_bottfluff",
			"visible": false
		},

		{
			"target": "hud_corpo_stock_marqueeUnit_name_pet",
			"fontsize": 25,
			"context": [{

				"trigger": {
					"auto": {
						"name": "check_score",
						"value": "myScore",
						"key": "myScoreKey",
						"score": 50,
						"operator": "=",
						"helper": "This action will check the targeted score key value \n Available Operator : < || <= || > || >= || != || = ",
						"helperTitle": "Score : Check Score"
					}
				},
				"requirement": [
					["auto"]
				],
				"prop": {

					"text": {
						"text": "##gangname : ##gangvalue",
						"values": {
							"gangname": {
								"type": "corpo",
								"tag": "corpo_arasaka",
								"prop": "title"
							},
							"gangvalue": {
								"type": "corpo",
								"tag": "corpo_arasaka",
								"prop": "price"
							}



						}

					}
				}
			}]
		},

		{
			"target": "hud_corpo_stock_marqueeUnit_value_pet",
			"visible": false
		},
{
			"target": "factiontitle",
			"parent": "hud_corpo_market_marketWindowWrapperA_container",
			"margin": {
				"top": 100,
				"left": 100
			}
		},
		{
			"target": "factionwidget",
			"parent": "hud_corpo_market_marketWindowWrapperA_container",
			"margin": {
				"top": 120,
				"left": 100
			}
		},

		{
			"target": "hud_corpo_market_marketWindowWrapperB",
			"visible": false

		},

		

		{
			"target": "hud_corpo_stock_marqueeUnit_name_orb",
			"fontsize": 25,
			"context": [{

				"trigger": {
					"auto": {
						"name": "auto"
					}
				},
				"requirement": [
					["auto"]
				],
				"prop": {

					"text": {
						"text": "##gangname : ##gangvalue",
						"values": {
							"gangname": {
								"type": "corpo",
								"tag": "corpo_militech",
								"prop": "title"
							},
							"gangvalue": {
								"type": "corpo",
								"tag": "corpo_militech",
								"prop": "price"
							}



						}

					}
				}
			}]
		},

		{
			"target": "hud_corpo_stock_marqueeUnit_value_orb",
			"visible": false
		},

		{
			"target": "hud_corpo_stock_marqueeUnit_name_mil",
			"fontsize": 25,
			"context": [{

				"trigger": {
					"auto": {
						"name": "auto"
					}
				},
				"requirement": [
					["auto"]
				],
				"prop": {

					"text": {
						"text": "##gangname : ##gangvalue",
						"values": {
							"gangname": {
								"type": "corpo",
								"tag": "corpo_kangtao",
								"prop": "title"
							},
							"gangvalue": {
								"type": "corpo",
								"tag": "corpo_kangtao",
								"prop": "price"
							}



						}

					}
				}
			}]
		},

		{
			"target": "hud_corpo_stock_marqueeUnit_value_mil",
			"visible": false
		},

		{
			"target": "hud_corpo_stock_marqueeUnit_name_ara",
			"visible": false
		},
		{
			"target": "hud_corpo_stock_marqueeUnit_value_ara",
			"visible": false
		},

		{
			"target": "hud_corpo_stock_marqueeUnit_arrow_pet",
			"visible": false
		},

		{
			"target": "hud_corpo_stock_marqueeUnit_arrow_orb",
			"visible": false
		},

		{
			"target": "hud_corpo_stock_marqueeUnit_arrow_mil",
			"visible": false
		},

		{
			"target": "hud_corpo_stock_marqueeUnit_arrow_ara",
			"visible": false
		}
	]




}