{
	"tag":"multistatewidget",
	"type":"widget",
	"container":"",
	"fontfamily":"base\\gameplay\\gui\\fonts\\raj\\raj.inkfontfamily",
	"fontstyle":"Medium",
	"fontsize":25,
	"color":{
		"red":255,
		"green":10,
		"blue":10
		
	},
	"visible":true,
	"margin":{
		"top":1775,
		"left":15
	},
	"text":"",
	"context": [
		{
			
            "trigger": {
                "auto": {
                    "name": "auto"
                }
            },
            "requirement": [["auto"]],
            "prop": 
			{
			
				"text": {
					"text": "##language",
					"values":{
						"language": {
							"type": "lang",
							"tag":"ui_hud_multi_disconnected"
						}

					}
				
				},
				"color": {
					"text": "",
					"values":{
						"color": {
							"type": "object",
							"value":{
								"red":255,
								"green":10,
								"blue":10
								
							}
						}

					}
				
				}
			}
		},
        {
			
            "trigger": {
                "auto": {
                    "name": "player_is_connected"
                }
            },
            "requirement": [["auto"]],
            "prop": 
			{
			
				"text": {
					"text": "##language",
					"values":{
						"language": {
							"type": "lang",
							"tag":"ui_hud_multi_connected"
						}

					}
				
				},
				"color": {
					"text": "",
					"values":{
						"color": {
							"type": "object",
							"value":{
								"red":255,
								"green":204,
								"blue":29
								
							}
						}

					}
				
				}
			}
		},
		{
			
            "trigger": {
                "auto": {
                    "name": "player_is_online"
                }
            },
            "requirement": [["auto"]],
            "prop": 
			{
			
				"text": {
					"text": "##language",
					"values":{
						"language": {
							"type": "lang",
							"tag":"ui_hud_multi_multienabled"
						}

					}
				
				},
				"color": {
					"text": "",
					"values":{
						"color": {
							"type": "object",
							"value":{
								"red":0,
								"green":212,
								"blue":45
								
							}
						}

					}
				
				}
			}
		}
	]

}