{
  
  "spawnaction": [ {
    "entity": "player",
    "name": "rotate_entity_to_entity",
    "tag": "this"
  }, {
    "name": "wait_second",
    "value": "1"
  }, {
    "entity": "player",
    "name": "look_at_entity_entity",
    "tag": "this"
  }, {
    "name": "wait_second",
    "value": "1"
  },
  {
    "duration": 3,
    "target": "av_vendor",
    "title": "Welcome to our shop. I hope you can find the AV that you dream.",
    "helper": "This action will fire an npc chat, it act live wait for second",
    "type": 1,
    "helperTitle": "Dialog : run an npc chat",
    "name": "npc_chat",
    "speaker": "AV Vendor"
  } ],
  "routineaction": [ 
  
  {
		"name": "random_npc_chat",
		"title": [
			"I'm here in case if you need buy an AV",
			"We have an good selection of flying machines",
			"Have you make an choice ?",
			"Can I help you to choose an AV ?"
		],
		"type": 1,
		"target": "av_vendor",
		"speaker": "AV Vendor",
		"duration": 3,
		"helper": "This action will fire an random npc chat, it act live wait for second",
		"helperTitle": "Dialog : run an random npc chat"
	}
  
  
  ],
  "requirement": [ [ "auto" ] ],
  
  "auto_despawn": true,
 
  "location": {
    "y": 401.70938110352,
    "x": -140.81799316406,
    "z": 39.011611938477,
    "radius": 20
  },
  
  "deathaction": [],
 
  "tag": "av_vendor",
 
  "repeat_routine": true,

  "appeareance": "",
 
  "despawnaction": [],
  "triggers": {
    "auto": {
      "helper": "This trigger will be triggered when you are at an specific custom place",
      "helperTitle": "House : in specific Custom Place",
      "name": "auto",
      "value": "av_shop"
    }
  },
  "tweakDB": "Character.CitizenRichMale",
 
  "name": "AV Vendor",
  "useBetaSpawn": false
}