 {
    "name": "TraumaTeam Membership",
    "desc": "Subscribe to Trauma Team Plan, Trauma Team will come and help you if you are in danger of dying and transport you to MedBay, or come and help you fight. There are 3 tiers of subscriptions. The higher the tier you subscribe to, the faster they show up/more people show up to help you when you need it.",
    "author": "RedRock Studio",
    "file": "TraumaTeam Membership.zip",
    "tag": "TraumaTeam Membership",
    "version": "1.0.2",
    "isdebug": false,
	"branch": "beta",
	"flags":["cm_version:1.2.0"]
}
