{
	"title":"Joytoy Roleplay",
	"tag":"mp_joytoy_ui",
	"width":500,
	"heigh":500,
	"x":200,
	"y":200,
	
	"controls":
	[	
		
		
		
		
		
		
		
		{	
			"type":"label",
			"tag":"myscoreNo_label",
			"margin":{
				"left":640
			},
			"style":{
				"fontsize":50
			},
			"trigger":
			{
				"auto":
				{
					"name": "auto"
				}
				
			},
			"requirement":[["auto"]],
			"value":
			{
				"type":"text",
				"value":"Your role : "
			}
		},
		
		{	
			"type":"label",
			"tag":"myscoreNo_label_c",
			"margin":{
				"left":850
			},
			"style":{
				"fontsize":50
			},
			"trigger":
			{
				"auto":
				{
					"name": "player_server_score",
					"value":"mp_joytoy_type",
					"operator":"=",
					"score":0
				}
				
			},
			"requirement":[["auto"]],
			"value":
			{
				"type":"text",
				"value":"Client"
			}
		},
		
		{	
			"type":"label",
			"tag":"myscoreNo_label_j",
			"margin":{
				"left":850
			},
			"style":{
				"fontsize":50
			},
			"trigger":
			{
				"auto":
				{
					"name": "player_server_score",
					"value":"mp_joytoy_type",
					"operator":"=",
					"score":1
				}
				
			},
			"requirement":[["auto"]],
			"value":
			{
				"type":"text",
				"value":"Joytoy"
			}
		},
		
		
		
		
		
		
		
		{	
			"type":"button",
			"title":"Be an Client",
			"tag":"btn_001",
			"width":800,
			"margin":{
				"top":400,
				"left":550
			},
			"style":{
				"fontsize":35,
				"width":600,
				"height":100
			},
			"trigger":
			{
				
				"auto":
				{
					"name": "auto"
				}
				
				
			},
			"requirement":[["auto"]],
			"action":
			[	
				{
					"name":"edit_server_score_user",
					"score":"mp_joytoy_type",
					"value":0
					
				},
				{
					"name":"close_interface"
					
				},
				{
					"name":"notify",
					"tag":"You are an Client !"
					
				}
			]
		},
		
		
		{	
			"type":"button",
			"title":"Be an Joytoy",
			"tag":"btn_001",
			"width":800,
			"margin":{
				"top":400,
				"left":1150
			},
			"style":{
				"fontsize":35,
				"width":600,
				"height":100
			},
			"trigger":
			{
				
				"auto":
				{
					"name": "auto"
				}
				
				
			},
			"requirement":[["auto"]],
			"action":
			[	
				{
					"name":"edit_server_score_user",
					"score":"mp_joytoy_type",
					"value":1
					
				},
				{
					"name":"close_interface"
					
				},
				{
					"name":"notify",
					"tag":"You are an Client !"
					
				}
			]
		}
		
	]
}
	
