{
    "name": "func_dial_leah_choice_02_f",
    "tag": "func_dial_leah_choice_02_f",
    "action": [{
            "name": "subtitle",
            "title": 
				"Let me play with your pussy and your tits and make you squeal.",
			"type": 1,
            "target": "player",
            "speaker": "Client",
            "duration": 6,
            "helper": "This action will fire an subtitle, it act live wait for seconds",
            "helperTitle": "Dialog : run an subtitle"
        },

         {
            "name": "dialog",
            "dialog":"dial_leah_choice_02_f"

        }
        ]
}