{
    "name": "func_dial_leah_choice_01",
    "tag": "func_dial_leah_choice_01",
    "action": [{
            "name": "subtitle",
            "title": 
				"Love a bit of anal maybe? Are you tight ? Would you be up for that?",
			"type": 1,
            "target": "player",
            "speaker": "Client",
            "duration": 6,
            "helper": "This action will fire an subtitle, it act live wait for seconds",
            "helperTitle": "Dialog : run an subtitle"
        },

         {
            "name": "dialog",
            "dialog":"dial_leah_choice_01"

        }
        ]
}