{
    "name": "func_dial_leah_choice_03_f",
    "tag": "func_dial_leah_choice_03_f",
    "action": [{
            "name": "subtitle",
            "title": 
				"Your booty and ass looks delicous for me to use!",
			"type": 1,
            "target": "player",
            "speaker": "Client",
            "duration": 6,
            "helper": "This action will fire an subtitle, it act live wait for seconds",
            "helperTitle": "Dialog : run an subtitle"
        },

         {
            "name": "dialog",
            "dialog":"dial_leah_choice_03_f"

        }
        ]
}