{
    "name": "func_dial_leah_choice_03_m",
    "tag": "func_dial_leah_choice_03_m",
    "action": [{
            "name": "subtitle",
            "title": 
				"Would Love to play with that muscular ass of yours all night long!",
			"type": 1,
            "target": "player",
            "speaker": "Client",
            "duration": 6,
            "helper": "This action will fire an subtitle, it act live wait for seconds",
            "helperTitle": "Dialog : run an subtitle"
        },

         {
            "name": "dialog",
            "dialog":"dial_leah_choice_03_m"

        }
        ]
}