{
    "name": "func_dial_leah_choice_02",
    "tag": "func_dial_leah_choice_02",
    "action": [{
            "name": "subtitle",
            "title": 
				"How about some BDSM play, I could tie you up and use you all night like a plaything... Maybe  cuffs, a strapped gag or a body harness with vibes to keep you hot and bothered all along...",
			"type": 1,
            "target": "player",
            "speaker": "Client",
            "duration": 6,
            "helper": "This action will fire an subtitle, it act live wait for seconds",
            "helperTitle": "Dialog : run an subtitle"
        },

         {
            "name": "dialog",
            "dialog":"dial_leah_choice_02"

        }
        ]
}