{
    "name": "joytoy_endpoint_05_high",
    "tag": "joytoy_endpoint_05_high",
    "action": [
			{
					"name": "new_map_point",
					"x": -1869,
					"y": 458,
					"z": 13,
					"tag": "joytoy_endpoint",
					"typemap": "ExclamationMarkVariant",
					"wall": true,
					"active": true,
					"mapgroup": "",
					"helper": "This action will draw an map pin at XYZ position, with an custom tag, an type of map Pin, can be or not seeing thought wall and can be or not active. You can group it into an map Pin group",
					"helperTitle": "Map : Add an map pin"
			}
        ]
}
   
   