{
	"name": "entity_check",
	"tag": "entity_check",
	"way": "world",
	"trigger": {
		"npc": {
			"name": "look_at_object",
			"value": "NPCPuppet"
		},
		"isfollower": {
			"name": "testFor",
			"triggers": [{
					"name": "entity_in_faction",
					"tag": "lookat",
					"faction": "faction_maelstrom"
				},
				{
					"name": "entity_in_faction",
					"tag": "lookat",
					"faction": "faction_tygerclaws"
				},
				{
					"name": "entity_in_faction",
					"tag": "lookat",
					"faction": "faction_valentinos"
				},
				{
					"name": "entity_in_faction",
					"tag": "lookat",
					"faction": "faction_sixthstreet"
				},
				{
					"name": "entity_in_faction",
					"tag": "lookat",
					"faction": "faction_mox"
				},
				{
					"name": "entity_in_faction",
					"tag": "lookat",
					"faction": "faction_scavengers"
				}
			],
			"logic": "or",
			"helper": "This trigger will be triggered when the trigger that you set have the same statut that you put in (expected)",
			"helperTitle": "Logic : Compare"
		},
		"isnotregistred": {

			"name": "compare",
			"trigger": {
				"name": "entity_looked_is_registered"
			},
			"expected": false,
			"helper": "This trigger will be triggered when the trigger that you set have the same statut that you put in (expected)",
			"helperTitle": "Logic : Compare"
		},
		"isregistred": {
			"name": "compare",
			"trigger": {
				"name": "entity_looked_is_registered"
			},
			"expected": true,
			"helper": "This trigger will be triggered when the trigger that you set have the same statut that you put in (expected)",
			"helperTitle": "Logic : Compare"
		},
		"setting": {
			"name": "check_setting",
			"value": "ScriptedEntityAffinity",
			"score": 1,
			"helper": "This trigger will be triggered when the custom score (value) have reach the score",
			"helperTitle": "Score : Custom Score"
		},
		"script_level": {
			"name": "entity_script_level",
			"tag": "lookat",
			"operator": "=",
			"scriptlevel": 0,
			"helper": "This action will check the script level of an entity. \n Available Operator : < || <= || > || >= || != || = ",
			"helperTitle": "Entity : Check Script Level"
		}


	},
	"requirement": [
		[
			"npc", "isfollower", "isnotregistred"
		],
		[
			"npc", "isfollower", "isregistred", "setting", "script_level"
		]
	],
	"action": [


		{
			"name": "if",
			"trigger": {
				"name": "testFor",
				"triggers": [{

						"name": "compare",
						"trigger": {
							"name": "entity_looked_is_gangfriendly"
						},
						"expected": true
				}, {
					"name": "compare",
						"trigger": {
							"name": "entity_looked_is_gangfriendly"
						},
						"expected": true

					}

				],
				"logic": "and"

			},
			"if_action": [{
					"name": "attitude_entity_against_entity",
					"tag": "lookat",
					"entity": "player",
					"attitude": "friendly",
					"help": "companion will work only for entity player",
					"helper": "This action will change attitude of an custom entity to another one",
					"helperTitle": "Entity : change attitude against another entity"
				},
				{
					"name": "toggle_immortal_entity",
					"tag": "lookat",
					"immortal": false,
					"helper": "This action will toggle immortal entity ",
					"helperTitle": "Entity : Toggle Immortality"
				},
				{
					"name": "random_npc_chat",
					"title": [
						"Hey V !",
						"Hey, it's V !",
						"V !"
					],
					"type": 1,
					"target": "lookat",
					"speaker": "lookat",
					"duration": 3,
					"helper": "This action will fire a npc chat Above the Npc's Head, The duration must complete in order for the next action to call. Type value just keep at 1 for now.",
					"helperTitle": "Dialog : run a random npc chat"
				}

			],
			"else_action": [

				{

					"name": "attitude_entity_against_entity",
					"tag": "lookat",
					"entity": "player",
					"attitude": "hostile",
					"help": "companion will work only for entity player",
					"helper": "This action will change attitude of an custom entity to another one",
					"helperTitle": "Entity : change attitude against another entity"



				},
				{
					"name": "random_npc_chat",
					"title": [
						"Oh shit, it's You !",
						"Fuck you, V !",
						"Fuck ! V !!!",
						"What are you looking at ?",
						"Move on !",
						"Move"
					],
					"type": 1,
					"target": "lookat",
					"speaker": "lookat",
					"duration": 3,
					"helper": "This action will fire a npc chat Above the Npc's Head, The duration must complete in order for the next action to call. Type value just keep at 1 for now.",
					"helperTitle": "Dialog : run a random npc chat"
				}
			]



		}
	]
}