{
	"name": "bounty_manager",
	"tag": "bounty_manager",
	"way": "ambush",
	"trigger": {

		"building": {
			"name": "compare",
			"trigger": {
				"name": "player_inbuilding"
			},
			"expected": false
		},

		"checkaffinity": {

			"name": "testFor",
			"triggers": [{

					"name": "compare",
					"trigger": {
						"name": "gang_affinity",
						"value": "faction_mox",
						"score": -99
					},
					"expected": false
				},
				{
					"name": "compare",
					"trigger": {
						"name": "gang_affinity",
						"value": "faction_tygerclaws",
						"score": -99
					},
					"expected": false
				},
				{
					"name": "compare",
					"trigger": {
						"name": "gang_affinity",
						"value": "faction_valentinos",
						"score": -99
					},
					"expected": false
				}, {
					"name": "compare",
					"trigger": {
						"name": "gang_affinity",
						"value": "faction_maxtac",
						"score": -99
					},
					"expected": false
				}, {
					"name": "compare",
					"trigger": {
						"name": "gang_affinity",
						"value": "faction_maelstrom",
						"score": -99
					},
					"expected": false
				},
				{
					"name": "compare",
					"trigger": {
						"name": "gang_affinity",
						"value": "faction_scavengers",
						"score": -99
					},
					"expected": false
				},
				{
					"name": "compare",
					"trigger": {
						"name": "gang_affinity",
						"value": "faction_aldecaldos",
						"score": -99
					},
					"expected": false
				},
				{
					"name": "compare",
					"trigger": {
						"name": "gang_affinity",
						"value": "faction_wraiths",
						"score": -99
					},
					"expected": false
				},
				{
					"name": "compare",
					"trigger": {
						"name": "gang_affinity",
						"value": "faction_voodooboys",
						"score": -99
					},
					"expected": false
				},
				{
					"name": "compare",
					"trigger": {
						"name": "gang_affinity",
						"value": "faction_animals",
						"score": -99
					},
					"expected": false
				},
				{
					"name": "compare",
					"trigger": {
						"name": "gang_affinity",
						"value": "faction_militech",
						"score": -99
					},
					"expected": false
				},
				{
					"name": "compare",
					"trigger": {
						"name": "gang_affinity",
						"value": "faction_arasaka",
						"score": -99
					},
					"expected": false
				},
				{
					"name": "compare",
					"trigger": {
						"name": "gang_affinity",
						"value": "faction_kangtao",
						"score": -99
					},
					"expected": false
				},
				{
					"name": "compare",
					"trigger": {
						"name": "gang_affinity",
						"value": "faction_sixthstreet",
						"score": -99
					},
					"expected": false
				}

			],
			"logic": "or"
		}









	},
	"requirement": [

		[

			"checkaffinity", "building"

		]
	],
	"action": [{
			"name": "simple_message",
			"value": "You have a Bounty Hunter searching for you."
		}, {
			"name": "if",
			"trigger": {
				"name": "compare",
				"trigger": {
					"name": "gang_affinity",
					"value": "faction_mox",
					"score": -99
				},
				"expected": false

			},
			"if_action": [{
				"name": "do_random_function",
				"funcs": ["hunt_mox", "nothing"],
				"parallele": true,
				"applyto": ""
			}],
			"else_action": [{

				"name": "consolelog",
				"value": "pass"
			}]

		}, {
			"name": "if",
			"trigger": {
				"name": "compare",
				"trigger": {
					"name": "gang_affinity",
					"value": "faction_tygerclaws",
					"score": -99
				},
				"expected": false

			},
			"if_action": [{
				"name": "do_random_function",
				"funcs": ["hunt_tygers", "nothing"],
				"parallele": true,
				"applyto": ""
			}],
			"else_action": [{
				"name": "consolelog",
				"value": "pass"

			}]

		}, {
			"name": "if",
			"trigger": {
				"name": "compare",
				"trigger": {
					"name": "gang_affinity",
					"value": "faction_maelstrom",
					"score": -99
				},
				"expected": false,
				"helper": "This trigger will be triggered when the trigger that you set have the same statut that you put in (expected)",
				"helperTitle": "Logic : Compare"
			},
			"if_action": [{
				"name": "do_random_function",
				"funcs": ["hunt_maelstrom", "nothing"],
				"parallele": true,
				"applyto": ""
			}],
			"else_action": [{

				"name": "consolelog",
				"value": "pass"
			}]

		}, {
			"name": "if",
			"trigger": {
				"name": "compare",
				"trigger": {
					"name": "gang_affinity",
					"value": "faction_valentinos",
					"score": -99
				},
				"expected": false,
				"helper": "This trigger will be triggered when the trigger that you set have the same statut that you put in (expected)",
				"helperTitle": "Logic : Compare"
			},
			"if_action": [{
				"name": "do_random_function",
				"funcs": ["hunt_valentinos", "nothing"],
				"parallele": true,
				"applyto": ""
			}],
			"else_action": [{

				"name": "consolelog",
				"value": "pass"
			}]

		}, {
			"name": "if",
			"trigger": {
				"name": "compare",
				"trigger": {
					"name": "gang_affinity",
					"value": "faction_scavengers",
					"score": -99
				},
				"expected": false

			},
			"if_action": [{
				"name": "do_random_function",
				"funcs": ["hunt_scav", "nothing"],
				"parallele": true,
				"applyto": ""
			}],
			"else_action": [{

				"name": "consolelog",
				"value": "pass"

			}]
		}, {
			"name": "if",
			"trigger": {
				"name": "compare",
				"trigger": {
					"name": "gang_affinity",
					"value": "faction_wraiths",
					"score": -99
				},
				"expected": false

			},
			"if_action": [{
				"name": "do_random_function",
				"funcs": ["hunt_wraith", "nothing"],
				"parallele": true,
				"applyto": ""
			}],
			"else_action": [{

				"name": "consolelog",
				"value": "pass"
			}]

		}, {
			"name": "if",
			"trigger": {
				"name": "compare",
				"trigger": {
					"name": "gang_affinity",
					"value": "faction_arasaka",
					"score": -99
				},
				"expected": false

			},
			"if_action": [{
				"name": "do_random_function",
				"funcs": ["hunt_arasaka", "nothing"],
				"parallele": true,
				"applyto": ""
			}],
			"else_action": [{

				"name": "consolelog",
				"value": "pass"

			}]
		}, {
			"name": "if",
			"trigger": {
				"name": "compare",
				"trigger": {
					"name": "gang_affinity",
					"value": "faction_animals",
					"score": -99
				},
				"expected": false

			},
			"if_action": [{
				"name": "do_random_function",
				"funcs": ["hunt_animal", "nothing"],
				"parallele": true,
				"applyto": ""
			}],
			"else_action": [{

				"name": "consolelog",
				"value": "pass"

			}]
		}, {
			"name": "wait_second",
			"value": 3



		}


	]
}