{
	"trigger": {
		"loaded1": {
			"name": "testFor",
			"triggers": [{
					"name": "compare",
					"trigger": {
						"name": "player_current_gang",
						"value": "faction_mox"
					},
					"expected": true
				},
				{
					"name": "compare",
					"trigger": {
						"name": "player_current_gang",
						"value": "faction_tygerclaws"
					},
					"expected": true
				},
				{
					"name": "compare",
					"trigger": {
						"name": "player_current_gang",
						"value": "faction_valentinos"
					},
					"expected": true
				},
				{
					"name": "compare",
					"trigger": {
						"name": "player_current_gang",
						"value": "faction_scavengers"
					},
					"expected": true
				},
				{
					"name": "compare",
					"trigger": {
						"name": "player_current_gang",
						"value": "faction_maelstrom"
					},
					"expected": true
				},
				{

					"name": "compare",
					"trigger": {
						"name": "player_current_gang",
						"value": "faction_aldecaldos"
					},
					"expected": true
				},
				{
					"name": "compare",
					"trigger": {
						"name": "player_current_gang",
						"value": "faction_maxtac"
					},
					"expected": true
				},
				{
					"name": "compare",
					"trigger": {
						"name": "player_current_gang",
						"value": "faction_arasaka"
					},
					"expected": true
				},
				{
					"name": "compare",
					"trigger": {
						"name": "player_current_gang",
						"value": "faction_militech"
					},
					"expected": true
				},
				{
					"name": "compare",
					"trigger": {
						"name": "player_current_gang",
						"value": "faction_kangtao"
					},
					"expected": true
				},
				{
					"name": "compare",
					"trigger": {
						"name": "player_current_gang",
						"value": "faction_traumateam"
					},
					"expected": true
				},
				{

					"name": "compare",
					"trigger": {
						"name": "player_current_gang",
						"value": "faction_wraiths"
					},
					"expected": true
				},
				{
					"name": "compare",
					"trigger": {
						"name": "player_current_gang",
						"value": "faction_voodooboys"
					},
					"expected": true
				},
				{
					"name": "compare",
					"trigger": {
						"name": "player_current_gang",
						"value": "faction_animals"
					},
					"expected": true
				},
				{
					"name": "compare",
					"trigger": {
						"name": "player_current_gang",
						"value": "faction_sixthstreet"
					},
					"expected": true
				}
			],
			"logic": "or"
		}
	},
	"tag": "GNC_reaction_system",
	"way": "init",
	"action": [{

			"name": "wait_for_trigger",
			"trigger": {
				"name": "testFor",
				"triggers": [{
						"name": "compare",
						"trigger": {
							"name": "entity_looked_is_registered"
						},
						"expected": true
					},
					{
						"name": "compare",
						"trigger": {
							"name": "player_have_combatstate",
							"value": 1
						},
						"expected": false

					}
				],
				"logic": "and"
			}

		},
		{

			"name": "if",
			"trigger": {
				"name": "testFor",
				"triggers": [{
					"name": "testFor",
					"triggers": [{
						"name": "compare",
						"trigger": {

							"name": "entity_looked_is_gangfriendly"
						},
						"expected": true
					}, {
						"name": "compare",
						"trigger": {

							"name": "entity_looked_is_gangfriendly"
						},
						"expected": false
					}],
					"logic": "or"
				}, {

					"name": "player_current_gang",
					"value": "faction_mox"



				}],
				"logic": "and"
			},
			"if_action": [{

				"name": "do_function",
				"value": "mox_react",
				"parallele": false,
				"applyto": ""
			}],
			"else_action": [{

			}]
		},
		{

			"name": "if",
			"trigger": {
				"name": "testFor",
				"triggers": [{
					"name": "testFor",
					"triggers": [{
						"name": "compare",
						"trigger": {

							"name": "entity_looked_is_gangfriendly"
						},
						"expected": true
					}, {
						"name": "compare",
						"trigger": {

							"name": "entity_looked_is_gangfriendly"
						},
						"expected": false
					}],
					"logic": "or"
				}, {

					"name": "player_current_gang",
					"value": "faction_tygerclaws"



				}],
				"logic": "and"
			},
			"if_action": [{

				"name": "do_function",
				"value": "tygerclaw_react",
				"parallele": false,
				"applyto": ""
			}],
			"else_action": [{

			}]
		},
		{

			"name": "if",
			"trigger": {
				"name": "testFor",
				"triggers": [{
					"name": "testFor",
					"triggers": [{
						"name": "compare",
						"trigger": {

							"name": "entity_looked_is_gangfriendly"
						},
						"expected": true
					}, {
						"name": "compare",
						"trigger": {

							"name": "entity_looked_is_gangfriendly"
						},
						"expected": false
					}],
					"logic": "or"
				}, {

					"name": "player_current_gang",
					"value": "faction_maelstrom"



				}],
				"logic": "and"
			},
			"if_action": [{

				"name": "do_function",
				"value": "maelstrom_react",
				"parallele": false,
				"applyto": ""
			}],
			"else_action": [{

			}]
		},
		{

			"name": "if",
			"trigger": {
				"name": "testFor",
				"triggers": [{
					"name": "testFor",
					"triggers": [{
						"name": "compare",
						"trigger": {

							"name": "entity_looked_is_gangfriendly"
						},
						"expected": true
					}, {
						"name": "compare",
						"trigger": {

							"name": "entity_looked_is_gangfriendly"
						},
						"expected": false
					}],
					"logic": "or"
				}, {

					"name": "player_current_gang",
					"value": "faction_scavengers"



				}],
				"logic": "and"
			},
			"if_action": [{

				"name": "do_function",
				"value": "scavenger_react",
				"parallele": false,
				"applyto": ""
			}],
			"else_action": [{

			}]
		},
		{

			"name": "if",
			"trigger": {
				"name": "testFor",
				"triggers": [{
					"name": "testFor",
					"triggers": [{
						"name": "compare",
						"trigger": {

							"name": "entity_looked_is_gangfriendly"
						},
						"expected": true
					}, {
						"name": "compare",
						"trigger": {

							"name": "entity_looked_is_gangfriendly"
						},
						"expected": false
					}],
					"logic": "or"
				}, {

					"name": "player_current_gang",
					"value": "faction_valentinos"



				}],
				"logic": "and"
			},
			"if_action": [{

				"name": "do_function",
				"value": "valentino_react",
				"parallele": false,
				"applyto": ""
			}],
			"else_action": [{

			}]
		},
		{

			"name": "if",
			"trigger": {
				"name": "testFor",
				"triggers": [{
					"name": "testFor",
					"triggers": [{
						"name": "compare",
						"trigger": {

							"name": "entity_looked_is_gangfriendly"
						},
						"expected": true
					}, {
						"name": "compare",
						"trigger": {

							"name": "entity_looked_is_gangfriendly"
						},
						"expected": false
					}],
					"logic": "or"
				}, {

					"name": "player_current_gang",
					"value": "faction_sixthstreet"



				}],
				"logic": "and"
			},
			"if_action": [{

				"name": "do_function",
				"value": "sixthstreet_react",
				"parallele": false,
				"applyto": ""
			}],
			"else_action": [{

			}]
		},
		{

			"name": "if",
			"trigger": {
				"name": "testFor",
				"triggers": [{
					"name": "testFor",
					"triggers": [{
						"name": "compare",
						"trigger": {

							"name": "entity_looked_is_gangfriendly"
						},
						"expected": true
					}, {
						"name": "compare",
						"trigger": {

							"name": "entity_looked_is_gangfriendly"
						},
						"expected": false
					}],
					"logic": "or"
				}, {

					"name": "player_current_gang",
					"value": "faction_animals"



				}],
				"logic": "and"
			},
			"if_action": [{

				"name": "do_function",
				"value": "animals_react",
				"parallele": false,
				"applyto": ""
			}],
			"else_action": [{

			}]
		},
		{

			"name": "if",
			"trigger": {
				"name": "testFor",
				"triggers": [{
					"name": "testFor",
					"triggers": [{
						"name": "compare",
						"trigger": {

							"name": "entity_looked_is_gangfriendly"
						},
						"expected": true
					}, {
						"name": "compare",
						"trigger": {

							"name": "entity_looked_is_gangfriendly"
						},
						"expected": false
					}],
					"logic": "or"
				}, {

					"name": "player_current_gang",
					"value": "faction_voodooboys"



				}],
				"logic": "and"
			},
			"if_action": [{

				"name": "do_function",
				"value": "voodooboys_react",
				"parallele": false,
				"applyto": ""
			}],
			"else_action": [{

			}]



		}
	],
	"name": "GNC_reaction_system",
	"requirement": [
		["loaded1"]
	]
}