{
	"name": "Last_K_refresh",
	"tag": "Last_K_refresh",
	"way": "init",
	"trigger": {

		"auto": {
			"name": "compare",
			"trigger": {
				"name": "event_is_triggered",
				"tag": "NGKill_Counter"
			},
			"expected": false
		}
	},
	"requirement": [
		[
			"auto"
		]
	],
	"action": [{
		"name": "wait_for_trigger",
		"trigger": {
			"name": "compare",
			"trigger": {
				"name": "event_is_triggered",
				"tag": "Kill_Counter"
			},
			"expected": false
		}
	}, {
		"name": "wait_second",
		"value": 1
	}, {
		"name": "do_event",
		"value": "Kill_Counter",
		"parallele": false
	}]
}