{
	"name": "AV CockPit",
	"trigger": {
		"car": {
			"name": "player_is_in_av",
			"helper": "This trigger will be triggered when you are in an car"
		},
		"cockpit":{
		
		"name": "check_score",
		"value":"av_cockpit",
		"key":"state",
		"score":0,
		"operator":"=",
		"helper": "This action will check the targeted score key value \n Available Operator : < || <= || > || >= || != || = ",
		"helperTitle": "Score : Check Score"
		}
	},
	"display": "event_interact",
	"tag": "av_cockpit",
	"requirement": [
		[
			"car","cockpit"
		]
	],
	"action": [
		{
			"x": 0,
			"y": 7.2549998092651,
			"helper": "This action will change the position of the camera",
			"name": "change_camera_position",
			"z": 0
		},
		
		
		{
			"name":"set_score",
			"score":"av_cockpit",
			"key":"state",
			"value": 1,
			"helper": "This action will set a value for a key of a score ",
			"helperTitle": "Score : Set Score"
		}
	],
	"timer": 0,
	"sorttag": "av_interact"
}