{

	"Name":"Coach Fred",
	"LOC_X":-1430,
	"LOC_Y":1335,
	"LOC_Z":86,
	"range":8,
	"Faction":"faction_animals",
	"Tag": "fixer_fred",
	"exist":false,
	"npcexist":true,
	"NPCId":"Character.q110_animals_boss",
	"trigger":{
		"always_enable":{
			"name":"auto"
		}
	},
	"requirement":[["always_enable"]],
	"spawn_action":[
		{ 
		
		"name": "wait_second",
		"value": 2
		}, {
			"name": "attitude_entity_against_entity",
		"tag": "fixer_fred",
		"entity": "player",
		"attitude": "friendly"
		}, {
			"name": "subtitle",
			"title": "Hey, V, need a few jobs to get done, if you can help out.",
			"type": 1,
			"target": "player",
			"speaker": "Coach Fred",
			"duration": 3,
			"helper": "This action will fire an random subtitle, it act live wait for second",
			"helperTitle": "Dialog : run random subtitle"
		}
		],
	"despawn_action":[]
}