{

	"Name":"Michiko",
	"oldLOC_X":-2077,
	"oldLOC_Y":1844,
	"oldLOC_Z":18,
	
	"LOC_X": -1444.9503173828,
	"LOC_Y": 121.66790771484,
	"LOC_Z": 15.353485107422,

	"range":8,
	"Faction":"faction_arasaka",
	"Tag": "fixer_michiko",
	"exist":false,
	"npcexist":false,
	"NPCId":"Character.Michiko",
	"trigger":{
		"always_enable":{
			"name":"auto"
		}
	},
	"requirement":[["always_enable"]],
	"spawn_action":[
		
		{
			"name": "wait_second",
		"value": 2
		}, {
			"name": "attitude_entity_against_entity",
		"tag": "fixer_michiko",
		"entity": "player",
		"attitude": "friendly"
		}, {
			
			
			"name": "if",
			"trigger": {
				"name": "player_current_gang",
				"value": "faction_arasaka"
			},
			"if_action": [{

				"name": "subtitle",
				"title": "I have Contracts for you, Interested?",
				"type": 1,
				"target": "player",
				"speaker": "Michiko",
				"duration": 3,
				"helper": "This action will fire an random subtitle, it act live wait for second",
				"helperTitle": "Dialog : run random subtitle"
			}],
			"else_action": [{
				
					"name": "subtitle",
			"title": "I've seen you around, heard about your work. Interested in ours?",
			"type": 1,
			"target": "player",
			"speaker": "Arasaka Fixer",
			"duration": 3,
			"helper": "This action will fire an random subtitle, it act live wait for second",
			"helperTitle": "Dialog : run random subtitle"
			}]
		}
		
		],
	"despawn_action":[]
}