{

	"Name": "Rogue Amendiares",
	"LOC_X": -1421.547,
	"LOC_Y": 1014.365,
	"LOC_Z": 16.922,
	"range": 5,
	"Faction": "faction_afterlife",
	"Tag": "fixer_rogue",
	"NPCId": "Character.Rogue",
	"exist": true,
	"npcexist": true,
	"trigger": {
		"always_enable": {
			"name": "auto"
		}
	},
	"requirement": [
		["always_enable"]
	],
	"spawn_action": [

		{


			"name": "attitude_entity_against_entity",
			"tag": "fixer_rogue",
			"entity": "player",
			"attitude": "friendly"
		}, {
			"name": "if",
			"trigger": {
				"name": "player_current_gang",
				"value": "faction_afterlife"
			},
			"if_action": [{

				"name": "subtitle",
				"title": "Hey there, Killer! Got some Jobs for you, when you're ready.",
				"type": 1,
				"target": "player",
				"speaker": "Rogue",
				"duration": 3,
				"helper": "This action will fire an random subtitle, it act live wait for second",
				"helperTitle": "Dialog : run random subtitle"
			}],
			"else_action": [{
				"name": "subtitle",
				"title": "Wouldn't ya know, I have jobs for you, for once. Check them.",
				"type": 1,
				"target": "player",
				"speaker": "Rogue",
				"duration": 3,
				"helper": "This action will fire an random subtitle, it act live wait for second",
				"helperTitle": "Dialog : run random subtitle"
			}]

		}


	],
	"despawn_action": []
}