{

	"Name":"KangTao Agent",
	"LOC_X":-1200.250,
	"LOC_Y":-127.313,
	"LOC_Z":16.123,
	"range":15,
	"Faction":"faction_kangtao",
	"Tag": "fixer_kangtao",
	"NPCId":"Character.kangtao_officer_grenadier3_mah_elite",
	"exist":false,
	"npcexist":false,
	"trigger":{
		"always_enable":{
			"name":"auto"
		}
	},
	"requirement":[["always_enable"]],
	"spawn_action":[
		
		{
				"name": "wait_second",
		"value": 2
		}, {
			"name": "attitude_entity_against_entity",
		"tag": "fixer_kangtao",
		"entity": "player",
		"attitude": "friendly"
		}, {
			
			
			
			
			
			"name": "if",
			"trigger": {
				"name": "player_current_gang",
				"value": "faction_kangtao"
			},
			"if_action": [{

				"name": "subtitle",
				"title": "Let's get to work, solider.",
				"type": 1,
				"target": "player",
				"speaker": "Kang Tao Commander",
				"duration": 3,
				"helper": "This action will fire an random subtitle, it act live wait for second",
				"helperTitle": "Dialog : run random subtitle"
			}],
			"else_action": [{
				
					"name": "subtitle",
			"title": "Merc Help us out with these problems of ours",
			"type": 1,
			"target": "player",
			"speaker": "Kang Tao Agent",
			"duration": 3,
			"helper": "This action will fire an random subtitle, it act live wait for second",
			"helperTitle": "Dialog : run random subtitle"
			}]
		}
		
		
		],
	"despawn_action":[]
}