{

	"Name":"Muamar « El Captain » Reyes",
	"LOC_X":406,
	"LOC_Y":-2361,
	"LOC_Z":0,
	"range":5,
	"Faction":"faction_sixthstreet",
	"Tag": "fixer_captain",
	"NPCId":"Character.muamar_reyes",
	"exist":true,
	"npcexist":true,
	"trigger":{
		"always_enable":{
			"name":"auto"
		}
	},
	"requirement":[["always_enable"]],
	"spawn_action":[
		
		{
				"name": "if",
			"trigger": {
				"name": "player_current_gang",
				"value": "faction_sixthstreet"
			},
			"if_action": [{

				"name": "subtitle",
				"title": "What's up! We got some gigs to go do, Interested?",
				"type": 1,
				"target": "player",
				"speaker": "El Captain Reyes",
				"duration": 3,
				"helper": "This action will fire an random subtitle, it act live wait for second",
				"helperTitle": "Dialog : run random subtitle"
			}],
			"else_action": [{
				
					"name": "subtitle",
			"title": "Tryin' to help us out, of all people, Merc?",
			"type": 1,
			"target": "player",
			"speaker": "6th Street Fixer",
			"duration": 3,
			"helper": "This action will fire an random subtitle, it act live wait for second",
			"helperTitle": "Dialog : run random subtitle"
			}]
		}
		
		],
	"despawn_action":[]
}