{

	"Name":"Sebastian « Padre » Ibarra",
	"LOC_X":-1247.109,
	"LOC_Y":-1004.15215,
	"LOC_Z":16.027,
	"range": 8,
	"Faction":"faction_valentinos",
	"Tag": "fixer_padre",
	"NPCId":"Character.Padre",
	"exist":true,
	"npcexist":false,
	"trigger":{
		"always_enable":{
			"name":"auto"
		}
	},
	"requirement":[["always_enable"]],
	"spawn_action":[
		
		{
			"name": "wait_second",
		"value": 2
		}, {
			"name": "attitude_entity_against_entity",
		"tag": "fixer_padre",
		"entity": "player",
		"attitude": "friendly"
		}, {
			"name": "if",
			"trigger": {
				"name": "player_current_gang",
				"value": "faction_valentinos"
			},
			"if_action": [{

				"name": "subtitle",
				"title": "Amigo! I got some work for you, when you're ready.",
				"type": 1,
				"target": "player",
				"speaker": "Padre",
				"duration": 3,
				"helper": "This action will fire an random subtitle, it act live wait for second",
				"helperTitle": "Dialog : run random subtitle"
			}],
			"else_action": [{
				
					"name": "subtitle",
			"title": "My friend, I have work if you are interested.",
			"type": 1,
			"target": "player",
			"speaker": "Padre",
			"duration": 3,
			"helper": "This action will fire an random subtitle, it act live wait for second",
			"helperTitle": "Dialog : run random subtitle"
			}]
		}
		
		],
	"despawn_action":[]
}