{
	"action": [{
		
				"name": "spawn_npc",
		"tag": "ambush",
		"spawnlevel": 36,
		"use_police_prevention_system": false,
		"group": "ambushteam",
		"appearance": "none",
		"create_group_if_not_exist":true,
		"source":"current_subdistrict_leader",
		"source_helper":"npc||current_star||faction||current_district_leader||current_subdistrict_leader||district_leader||subdistrict_leader||random||from_list",
		
		"source_tag":"",
		"source_tag_helper":"Character.Judy||faction_mox||district_westbrook||NorthOaks",
		"source_list":["Character.Judy"],
		"source_use_vip":false,
		"source_use_rival":false,	
		
		"position":"poi",
		"position_helper":"at||relative_to_entity||node||current_node||poi||mappin||fasttravel||current_fasttravel||custom_place||custom_room||current_custom_place||current_custom_room",
		
		"position_tag": "",
		"position_tag_helper": "judy01||playerhouse01||playerhouse_bed||",
		
		"position_way": "normal",
		"position_way_helper": "normal||behind||forward",
		
		
		
		"position_poi_district":"Watson",
		"position_poi_subdistrict":"Northside",
		"position_poi_is_for_car":false,
		"position_poi_from_position":true,
		"position_poi_use_location_tag":false,
		"position_poi_range": 20,
		"position_poi_type":1,
		
		
		"position_distance": 5,
		
		"position_house_way":"default||enter||exit",
		
		"position_house_tag":"playerhouse01",
		
		"position_node_current_detection_range":70,
		"position_node_usegameplay":false,
		"x": 0,
		"y": 0,
		"z": 0,
		"amount":5,
		"help": "This action will summon a custom npc with several custom parameter ",
		"helper": "This action will summon a custom npc with several custom parameter ",
		"helperTitle": "Entity : Spawn NPC"
			}, {

 

				"name": "wait_second",
				"value": 3,
				"help": "Wait x second"
			},
			{
					"name": "move_group_at_entity_relative_position",
					"entity": "player",
					"x": 0,
					"y": 2,
					"z": 0,
					"move": "Sprint",
					"tag": "ambushteam"
			}, {
				"name": "look_at_entity_group",
				"tag": "ambushteam",
				"entity": "player"
			},
			{
				"name": "wait_second",
				"value": 1,
				"help": "Wait x second"
			},
			{

				"name": "attitude_group_against_entity",
				"attitude": "hostile",
				"tag": "ambushteam",
				"entity": "player"
			},
			{
			
				"name": "play_group_voice",
				"tag": "ambushteam",
				"voice": "battlecry_curse"




		
	}, {
		"name": "wait_for_trigger",
		"trigger": {

			"name": "killed_group",
			"tag": "ambushteam"





		}
	}, {


		"name": "despawn_group",
		"tag": "ambushteam"
	}, {
		"name": "remove_group",
		"tag": "ambushteam"
	




	}],

	"name": "ambush_northside",
	"tag": "ambush_northside",
	"trigger": {
		"name": "auto"

	}
}