{
	"name": "Ambush",
	"tag": "Ambush",
	"action": [{
			"name": "spawn_npc",
			"tag": "ambusher",
			"spawnlevel": 45,
			"use_police_prevention_system": true,
			"group": "enemy",
			"scriptlevel": 0,
			"appearance": "none",
			"create_group_if_not_exist": true,
			"source": "faction",
			"source_helper": "npc||current_star||faction||current_district_leader||current_subdistrict_leader||district_leader||subdistrict_leader||random||from_list||district_rival||subdistrict_rival||current_district_rival||current_subdistrict_rival",
			"source_gang": "player",
			"source_tag": "faction_mox",
			"source_tag_helper": "Character.Judy||faction_mox||district_westbrook||NorthOaks",
			"source_list": ["Character.Judy"],
			"source_use_vip": false,
			"source_use_rival": false,
			"position": "poi",
			"position_helper": "at||relative_to_entity||node||player_look_at||poi||mappin||fasttravel||custom_place||custom_room",
			"position_change_helper": "Write 'current' in position_tag for get current node,mappin, fasttravel, custom_place or custom_room. \n For poi if you write 'current' in position_poi_district you will get the current district, \n if you write 'current in position_poi_subdistrict you will get the current subdistrict. \n also if you write 'random' in position_poi_subdistrict or position_poi_district, you will get an 'random' value",
			"position_range": 90,
			"position_lookatdistance": 0,
			"position_tag": "",
			"position_tag_helper": "judy01||playerhouse01||playerhouse_bed||",
			"position_way": "normal",
			"position_way_helper": "normal||behind||forward",
			"position_poi_district": "",
			"position_poi_subdistrict": "",
			"position_poi_is_for_car": false,
			"position_poi_from_position": true,
			"position_poi_use_location_tag": false,
			"position_poi_type": 77,
			"position_distance": 60,
			"position_house_way": "default",
			"position_house_way_helper": "default||enter||exit",
			"position_house_tag": "playerhouse01",
			"position_node_usegameplay": false,
			"x": 0,
			"y": 0,
			"z": 0,
			"amount": 1,
			"help": "This action will summon a custom npc with several custom parameter ",
			"helper": "This action will summon a custom npc with several custom parameter ",
			"helperTitle": "Entity : Spawn NPC",
			"context": [{
					"trigger": {
						"fnc1": {
							"name": "check_score",
							"value": "Datapack",
							"key": "Difficulty",
							"score": 1,
							"operator": "="
						}
					},
					"requirement": [
						["fnc1"]
					],
					"prop": {
						"amount": {
							"type": "number",
							"text": "##number",
							"values": {
								"number": {
									"type": "random_number",
									"list": [1, 2, 3]
								}
							}
						}
					}
				}, {
					"trigger": {
						"fnc2": {
							"name": "check_score",
							"value": "Datapack",
							"key": "Difficulty",
							"score": 2,
							"operator": "="
						}
					},
					"requirement": [
						["fnc2"]
					],
					"prop": {
						"amount": {
							"type": "number",
							"text": "##number",
							"values": {
								"number": {
									"type": "random_number",
									"list": [4, 5, 6]
								}
							}
						}
					}
				},
				{
					"trigger": {
						"fnc3": {
							"name": "check_score",
							"value": "Datapack",
							"key": "Difficulty",
							"score": 3,
							"operator": "="
						}
					},
					"requirement": [
						["fnc3"]
					],
					"prop": {
						"amount": {
							"type": "number",
							"text": "##number",
							"values": {
								"number": {
									"type": "random_number",
									"list": [6, 8, 10]
								}
							}
						}
					}
				}, {
					"trigger": {
						"fnc4": {
							"name": "check_score",
							"value": "Datapack",
							"key": "Difficulty",
							"score": 4,
							"operator": "="
						}
					},
					"requirement": [
						["fnc4"]
					],
					"prop": {
						"amount": {
							"type": "number",
							"text": "##number",
							"values": {
								"number": {
									"type": "random_number",
									"list": [12, 14, 16, 20]
								}
							}
						}
					}
				}, {
					"trigger": {
						"fnc6": {
							"name": "auto"
						}
					},
					"requirement": [
						["fnc6"]
					],
					"prop": {
						"source_tag": {
							"type": "text",
							"text": "##faction",
							"values": {
								"faction": {
									"type": "current_district_rival",
									"tag": "player",
									"prop": "Tag"
								}
							}
						}
					}
				}
			]
		},
		{
			"name": "wait_second",
			"value": 5
		},
		{
			"name": "move",
			"tag": "enemy",
			"group": true,
			"move": "Walk",
			"position": "poi",
			"position_helper": "at||relative_to_entity||node||player_look_at||poi||mappin||fasttravel||custom_place||custom_room",
			"position_change_helper": "Write 'current' in position_tag for get current node,mappin, fasttravel, custom_place or custom_room. \n For poi if you write 'current' in position_poi_district you will get the current district, \n if you write 'current in position_poi_subdistrict you will get the current subdistrict. \n also if you write 'random' in position_poi_subdistrict or position_poi_district, you will get an 'random' value",
			"position_range": 50,
			"position_lookatdistance": 0,
			"position_tag": "",
			"position_tag_helper": "judy01||playerhouse01||playerhouse_bed||",
			"position_way": "normal",
			"position_way_helper": "normal||behind||forward",
			"position_poi_district": "",
			"position_poi_subdistrict": "",
			"position_poi_is_for_car": false,
			"position_poi_from_position": true,
			"position_poi_use_location_tag": false,
			"position_poi_type": 77,
			"position_distance": 80,
			"position_house_way": "default",
			"position_house_way_helper": "default||enter||exit",
			"position_house_tag": "playerhouse01",
			"position_node_usegameplay": false,
			"x": 0,
			"y": 0,
			"z": 0,
			"moveV2": true,
			"roll": 0,
			"pitch": 0,
			"yaw": 0,
			"distance": 0,
			"distancetolerance": 0,
			"ignorenavigation": true,
			"stoponobstacle": false,
			"outofway": false
		}, {
			"name": "phone_notification",
			"title": "Get Fucked Merc!",
			"desc": "Watch your Back, Bitch!",
			"duration": 3
		}, {

			"name": "wait_second",
			"value": 3
		},
		{
			"name": "move",
			"tag": "enemy",
			"group": true,
			"move": "Sprint",
			"position": "relative_to_entity",
			"position_helper": "at||relative_to_entity||node||player_look_at||poi||mappin||fasttravel||custom_place||custom_room",
			"position_change_helper": "Write 'current' in position_tag for get current node,mappin, fasttravel, custom_place or custom_room. \n For poi if you write 'current' in position_poi_district you will get the current district, \n if you write 'current in position_poi_subdistrict you will get the current subdistrict. \n also if you write 'random' in position_poi_subdistrict or position_poi_district, you will get an 'random' value",
			"position_range": 50,
			"position_lookatdistance": 0,
			"position_tag": "player",
			"position_tag_helper": "judy01||playerhouse01||playerhouse_bed||",
			"position_way": "normal",
			"position_way_helper": "normal||behind||forward",
			"position_poi_district": "",
			"position_poi_subdistrict": "",
			"position_poi_is_for_car": false,
			"position_poi_from_position": false,
			"position_poi_use_location_tag": false,
			"position_poi_type": 77,
			"position_distance": 60,
			"position_house_way": "default",
			"position_house_way_helper": "default||enter||exit",
			"position_house_tag": "playerhouse01",
			"position_node_usegameplay": false,
			"x": 1,
			"y": 1,
			"z": 0,
			"moveV2": true,
			"roll": 0,
			"pitch": 0,
			"yaw": 0,
			"distance": 50,
			"distancetolerance": 0,
			"ignorenavigation": true,
			"stoponobstacle": false,
			"outofway": true
		},
		{
			"name": "wait_second",
			"value": 5
		},
		{
			"name": "attitude_group_against_entity",
			"attitude": "hostile",
			"tag": "enemy",
			"entity": "player"
		},
		{
			"name": "wait_for_trigger",
			"trigger": {
				"name": "killed_group",
				"tag": "enemy"
			}
		},
		{
			"name": "wait_second",
			"value": 15
		}, {
			"name": "despawn_group",
			"tag": "enemy"
		},
		{
			"name": "despawn_group",
			"tag": "enemy"
		}
	]
}