{
	"action": [{
		"name": "create_group",
		"tag": "ambushteam"
	}, {
		"name": "if",
		"trigger": {
			"name": "compare",
			"trigger": {
				"name": "gang_affinity",
				"value": "faction_arasaka",
				"score": -10
			},
			"expected": true
		},
		"if_action": [{
				"ambush": true,
				"amount": 6,
				"distance": 1,
				"entity": "player",
				"faction": "faction_arasaka",
				"name": "summon_entity_at_entity_relative_from_faction_rival",
				"position": "behind",
				"spawnlevel": 25,
				"group": "ambushteam",
				"tag": "blue01",
				"x": 0,
				"y": 0,
				"z": 0
			}, {



				"name": "wait_second",
				"value": 1,
				"help": "Wait x second"
			},
			{
				"name": "look_at_entity_group",
				"tag": "ambushteam",
				"entity": "player"
			},
			{
				"name": "wait_second",
				"value": 1,
				"help": "Wait x second"
			},
			{

				"name": "attitude_group_against_entity",
				"attitude": "hostile",
				"tag": "ambushteam",
				"entity": "player"
			},
			{
				
			

				"name": "play_group_voice",
				"tag": "ambushteam",
				"voice": "battlecry_curse"
			}
		],


		"else_action": [{
				"ambush": true,
				"amount": 5,
				"distance": 1,
				"entity": "player",
				"faction": "faction_arasaka",
				"name": "summon_entity_at_entity_relative_from_faction",
				"position": "behind",
				"spawnlevel": 25,
				"group": "ambushteam",
				"tag": "red01",
				"x": 0,
				"y": 0,
				"z": 0
			}, {




				"name": "wait_second",
				"value": 1,
				"help": "Wait x second"
			},
			{
				"name": "look_at_entity_group",
				"tag": "ambushteam",
				"entity": "player"
			},
			{
				"name": "wait_second",
				"value": 1,
				"help": "Wait x second"
			},
			{

				"name": "attitude_group_against_entity",
				"attitude": "hostile",
				"tag": "ambushteam",
				"entity": "player"
			},
			{
			
				"name": "play_group_voice",
				"tag": "ambushteam",
				"voice": "battlecry_curse"




			}
		]
	}, {
		"name": "wait_for_trigger",
		"trigger": {

			"name": "killed_group",
			"tag": "ambushteam"





		}
	}, {


		"name": "despawn_group",
		"tag": "ambushteam"
	}, {
		"name": "remove_group",
		"tag": "ambushteam"
	




	}],

	"name": "ambush_arr_arasaka",
	"tag": "ambush_arr_arasaka",
	"trigger": {
		"name": "auto"

	}
}