{
	"action": [{
			"else_action": [{
				"name": "nothing"
			}],
			"if_action": [{
				"funcs": ["ambush_wraith", "ambush_aldecaldos"],
				"name": "do_random_function"
			}],
			"name": "if",
			"trigger": {
				"name": "current_district",
				"value": "Badlands"
			}


		},
		{
			"else_action": [{
				"name": "nothing"
			}],
			"if_action": [{
				"funcs": ["ambush_animal", "ambush_scavenger", "ambush_arasaka", "ambush_militech", "ambush_orbitalair", "ambush_petrochem"],
				"name": "do_random_function"
			}],
			"name": "if",
			"trigger": {
				"name": "current_district",
				"value": "CityCenter"
			}
		},
		{


			"else_action": [{
				"name": "nothing"
			}],
			"if_action": [{
				"funcs": ["ambush_valentinos", "ambush_militech"],
				"name": "do_random_function"
			}],
			"name": "if",
			"trigger": {
				"name": "current_district",
				"value": "Heywood"
			}

		},
		{
			"else_action": [{
				"name": "nothing"
			}],
			"if_action": [{
				"funcs": ["ambush_voodoo", "ambush_netrunners", "ambush_kangtao"],
				"name": "do_random_function"
			}],
			"name": "if",
			"trigger": {
				"name": "current_district",
				"value": "Pacifica"
			}
		},
		{

			"else_action": [{
				"name": "nothing"
			}],
			"if_action": [{
				"funcs": ["ambush_6thstreet", "ambush_arasaka", "ambush_militech", "ambush_orbitalair", "ambush_petrochem"],
				"name": "do_random_function"
			}],
			"name": "if",
			"trigger": {
				"name": "current_district",
				"value": "SantoDomingo"
			}
		},
		{

			"else_action": [{
				"name": "nothing"
			}],
			"if_action": [{
				"else_action": [{
					"value": "ambush_maelstrom",
					"name": "do_function"
				}],
				"if_action": [{
					"funcs": ["ambush_mox", "ambush_netrunners", "ambush_afterlife"],
					"name": "do_random_function"
				}],
				"name": "if",
				"trigger": {
					"logic": "or",
					"name": "check",
					"triggers": [{
						"name": "current_subdistrict",
						"value": "Kabuki"
					}, {
						"name": "current_subdistrict",
						"value": "LittleChina"
					}]
				}
			}],
			"name": "if",
			"trigger": {
				"name": "current_district",
				"value": "Watson"
			}
		},
		{


			"else_action": [{
				"name": "nothing"
			}],
			"if_action": [{
				"funcs": ["ambush_tygers", "ambush_orbitalair", "ambush_petrochem"],
				"name": "do_random_function"
			}],
			"name": "if",
			"trigger": {
				"name": "current_district",
				"value": "WestBrook"
			}




		}
	],
	"name": "ambush_gangmanager",
	"tag": "ambush_gangmanager"
}