{
	"name": "ambush_kangtao",
	"tag": "ambush_kangtao",
	"action": [

		{
			"name": "create_group",
			"tag": "ambushteam"
		}, {
			"name": "wait_second",
			"value": 0.5
			
		}, {
				"name": "summon_entity_at_entity_relative_from_faction",
        "entity": "player",
        "x": 0,
        "y": 0,
        "z": 0,
        "ambush": false,
        "faction": "faction_kangtao",
        "amount": 1,
        "tag": "blue01",
        "spawnlevel": 25,
        "position": "behind",
        "distance": 5
		},
		{
			"name": "if",
			"trigger": {
				"name": "compare",
				"trigger": {
					"name": "gang_affinity",
					"value": "faction_kangtao",
					"score": -10
				},
				"expected": false
			},
			"if_action": [{
					"name": "summon_entity_at_entity_relative_from_faction",
        "entity": "player",
        "x": 0,
        "y": 0,
        "z": 0,
        "ambush": false,
        "faction": "faction_kangtao",
        "amount": 1,
        "tag": "blue02",
        "spawnlevel": 25,
        "position": "behind",
        "distance": 3
			}, {
				"name": "add_entity_to_group",
				"tag": "ambushteam",
				"entities": [
					"blue02"
				]
			}],
			"else_action": [{
				"name": "nothing"
			}]
		},
		{
			"name": "if",
			"trigger": {
				"name": "compare",
				"trigger": {
					"name": "gang_affinity",
					"value": "faction_kangtao",
					"score": -20
				},
				"expected": false
			},
			"if_action": [{
				"name": "summon_entity_at_entity_relative_from_faction",
        "entity": "player",
        "x": 0,
        "y": 0,
        "z": 0,
        "ambush": false,
        "faction": "faction_kangtao",
        "amount": 1,
        "tag": "blue03",
        "spawnlevel": 25,
        "position": "behind",
        "distance": 7
			}, {
				"name": "add_entity_to_group",
				"tag": "ambushteam",
				"entities": [
					"blue03"
				]
			}],
			"else_action": [{
				"name": "nothing"
			}]
		}, {
			"name": "if",
			"trigger": {
				"name": "compare",
				"trigger": {
					"name": "gang_affinity",
					"value": "faction_kangtao",
					"score": -30
				},
				"expected": false
			},
			"if_action": [{
					"name": "summon_entity_at_entity_relative_from_faction",
        "entity": "player",
        "x": 0,
        "y": 0,
        "z": 0,
        "ambush": false,
        "faction": "faction_kangtao",
        "amount": 1,
        "tag": "blue02",
        "spawnlevel": 25,
        "position": "behind",
        "distance": 5
			}, {
				"name": "add_entity_to_group",
				"tag": "ambushteam",
				"entities": [
					"blue02"
				]
			}],
			"else_action": [{
				"name": "nothing"
			}]
		},
		{
			"name": "add_entity_to_group",
			"tag": "ambushteam",
			"entities": [
				"blue01"
			]
		}, {
			"name": "wait_second",
			"value": 0.5
		}, {
			"name": "move_group_at_entity_relative_position",
		"entity": "player",
		"x": -2,
		"y": -1,
		"z": 0,
		"move": "Sprint",
		"tag": "ambushteam"
	}, {
			"name": "wait_second",
			"value": 1
		}, {
			"name": "if",
			"trigger": {
				"name": "gang_affinity",
				"value": "faction_kangtao",
				"value": "faction_kangtao",
				"score": 0
			},
			"if_action": [{
				"name": "attitude_group_against_entity",
				"entity": "player",
				"attitude": "passive",
				"tag": "ambushteam"
			}, {
				"name": "notify",
				"value": "Some crews are here to help you !"
			}],
			"else_action": [{
				"name": "attitude_group_against_entity",
				"entity": "player",
				"attitude": "hostile",
				"tag": "ambushteam"
			}, {
				"name": "notify",
				"value": "Hostiles actions towards you have been detected !"
			}]
		}








	]
}