{
	"action": [{
		"name": "create_group",
		"tag": "ambushteam"
	}, {
		"name": "wait_second",
		"value": 0.5
	}, {
		"name": "summon_entity_at_entity_relative_from_faction",
		"entity": "player",
		"x": 0,
		"y": 0,
		"z": 0,
		"ambush": false,
		"faction": "faction_scavengers",
		"amount": 1,
		"tag": "blue01",
		"spawnlevel": 25,
		"position": "behind",
		"distance": 2
	}, {
		"else_action": [{
			"name": "nothing"
		}],
		"if_action": [{
			"name": "summon_entity_at_entity_relative_from_faction",
			"entity": "player",
			"x": 0,
			"y": 0,
			"z": 0,
			"ambush": false,
			"faction": "faction_scavengers",
			"amount": 1,
			"tag": "blue02",
			"spawnlevel": 25,
			"position": "behind",
			"distance": 2
		}, {
			"entities": ["blue02"],
			"name": "add_entity_to_group",
			"tag": "ambushteam"
		}],
		"name": "if",
		"trigger": {
			"expected": false,
			"name": "compare",
			"trigger": {
				"name": "gang_affinity",
				"score": -10,
				"value": "faction_scavengers"
			}
		}
	}, {
		"else_action": [{
			"name": "nothing"
		}],
		"if_action": [{
			"name": "summon_entity_at_entity_relative_from_faction",
			"entity": "player",
			"x": 0,
			"y": 0,
			"z": 0,
			"ambush": false,
			"faction": "faction_scavengers",
			"amount": 1,
			"tag": "blue03",
			"spawnlevel": 25,
			"position": "behind",
			"distance": 6
		}, {
			"entities": ["blue03"],
			"name": "add_entity_to_group",
			"tag": "ambushteam"
		}],
		"name": "if",
		"trigger": {
			"expected": false,
			"name": "compare",
			"trigger": {
				"name": "gang_affinity",
				"score": -20,
				"value": "faction_scavengers"
			}
		}
	}, {

		"entities": ["blue01"],
		"name": "add_entity_to_group",
		"tag": "ambushteam"
	}, {
		"name": "wait_second",
		"value": 0.5
	}, {
		"name": "move_group_at_entity_relative_position",
		"entity": "player",
		"x": -2,
		"y": -1,
		"z": 0,
		"move": "Sprint",
		"tag": "ambushteam"
	}, {
		"name": "wait_second",
		"value": 1
	}, {
		"else_action": [{
			"attitude": "hostile",
			"entity": "player",
			"name": "attitude_group_against_entity",
			"tag": "ambushteam"
		}, {
			"name": "notify",
			"value": "Scavs! Watch Out!"
		}, {
			"else_action": [{
				"name": "nothing"
			}],
			"if_action": [{
				"name": "notify",
				"value": "elite Scav Squad running up!"
			}, {
				"name": "wait_second",
				"value": 2.0
			}, {
				"name": "do_function",
				"value": "ambush_scavengerT2"
			}],
			"name": "if",
			"trigger": {
				
				"name": "compare",
				"trigger": {
					"name": "gang_affinity",
					"score": -100,
					"value": "faction_scavengers"
				},
				"expected": false
			}
		}],
		"if_action": [{
			"attitude": "passive",
			"entity": "player",
			"name": "attitude_group_against_entity",
			"tag": "ambushteam"
		}, {
			"name": "notify",
			"value": "Some crews are here to help you !"
		}],
		"name": "if",
		"trigger": {
			"name": "gang_affinity",
			"score": 0,
			"value": "faction_scavengers"
		}
	}],
	"name": "ambush_scavengers",
	"tag": "ambush_scavengers"
}