{
	"action": [{
		"name": "create_group",
		"tag": "ambushteam"
	}, {
		"name": "wait_second",
		"value": 0.5
	}, {
		"ambush": true,
		"amount": 1,
		"distance": 6,
		"entity": "player",
		"name": "summon_entity_at_entity_relative",
		"npc": "Character.arr_security_android_android2_ajax_ma",
		"position": "behind",
		"spawnlevel": 36,
		"tag": "blue01"
	}, {
		"else_action": [{
			"name": "nothing"
		}],
		"if_action": [{
			"ambush": true,
			"amount": 1,
			"distance": 7,
			"entity": "player",
			"name": "summon_entity_at_entity_relative",
			"npc": "Character.dtn_security_netrunner_netrunner2_lexington_ma_rare",
			"position": "behind",
			"spawnlevel": 36,
			"tag": "blue02"
		}, {
			"entities": ["blue02"],
			"name": "add_entity_to_group",
			"tag": "ambushteam"
		}],
		"name": "if",
		"trigger": {
			"expected": false,
			"name": "compare",
			"trigger": {
				"name": "gang_affinity",
				"score": -10,
				"value": "faction_kangtao"
			}
		}
	}, {
		"else_action": [{
			"name": "nothing"
		}],
		"if_action": [{
			"ambush": true,
			"amount": 1,
			"distance": 8,
			"entity": "player",
			"name": "summon_entity_at_entity_relative",
			"npc": "Character.security_officer_officer_nue_ma",
			"position": "behind",
			"spawnlevel": 36,
			"tag": "blue03"
		}, {
			"entities": ["blue03"],
			"name": "add_entity_to_group",
			"tag": "ambushteam"
		}],
		"name": "if",
		"trigger": {
			"expected": false,
			"name": "compare",
			"trigger": {
				"name": "gang_affinity",
				"score": -20,
				"value": "faction_kangtao"
			}
		}
	}, {
		"else_action": [{
			"name": "nothing"
		}],
		"if_action": [{
			"ambush": true,
			"amount": 1,
			"distance": 9,
			"entity": "player",
			"name": "summon_entity_at_entity_relative",
			"npc": "Character.nok_security_blackmasked_sniper3_grad_ma_elite",
			"position": "behind",
			"spawnlevel": 25,
			"tag": "blue02"
		}, {
			"entities": ["blue02"],
			"name": "add_entity_to_group",
			"tag": "ambushteam"
		}],
		"name": "if",
		"trigger": {
			"expected": false,
			"name": "compare",
			"trigger": {
				"name": "gang_affinity",
				"score": -30,
				"value": "faction_kangtao"
			}
		}
	}, {
		"entities": ["blue01"],
		"name": "add_entity_to_group",
		"tag": "ambushteam"
	}, {
		"name": "wait_second",
		"value": 0.5
	}, {
		"name": "move_group_at_entity_relative_position",
		"entity": "player",
		"x": -2,
		"y": -1,
		"z": 0,
		"move": "Sprint",
		"tag": "ambushteam"
	}, {
		"name": "wait_second",
		"value": 1
	}, {
		"else_action": [{
			"attitude": "hostile",
			"entity": "player",
			"name": "attitude_group_against_entity",
			"tag": "ambushteam"
		}, {
			"name": "notify",
			"value": "Orbital Air Consultants on your Radar!"
		}, {


		}],
		"if_action": [{
			"attitude": "passive",
			"entity": "player",
			"name": "attitude_group_against_entity",
			"tag": "ambushteam"
		}, {
			"name": "notify",
			"value": "Some crews are here to help you !"
		}],
		"name": "if",
		"trigger": {
			"name": "gang_affinity",
			"score": 20,
			"value": "faction_kangtao"
		}
	}],
	"name": "ambush_orbitalair",
	"tag": "ambush_orbitalair"
}