{
	"action": [{
		"name": "create_group",
		"tag": "ambushteam"
	}, {
		"name": "wait_second",
		"value": 0.5
	}, {
		"ambush": true,
		"amount": 1,
		"distance": 6,
		"entity": "player",
		"name": "summon_entity_at_entity_relative",
		"npc": "Character.q003_meat_factory_militech_ranger1_ranged1_saratoga_ma",
		"position": "behind",
		"spawnlevel": 36,
		"tag": "blue01"
	}, {
		"else_action": [{
			"name": "nothing"
		}],
		"if_action": [{
			"ambush": true,
			"amount": 1,
			"distance": 7,
			"entity": "player",
			"name": "summon_entity_at_entity_relative",
			"npc": "Character.q003_meat_factory_militech_ranger1_ranged1_saratoga_ma",
			"position": "behind",
			"spawnlevel": 36,
			"tag": "blue02"
		}, {
			"entities": ["blue02"],
			"name": "add_entity_to_group",
			"tag": "ambushteam"
		}],
		"name": "if",
		"trigger": {
			"expected": false,
			"name": "compare",
			"trigger": {
				"name": "gang_affinity",
				"score": -10,
				"value": "faction_militech"
			}
		}
	}, {
		"else_action": [{
			"name": "nothing"
		}],
		"if_action": [{
			"ambush": true,
			"amount": 1,
			"distance": 8,
			"entity": "player",
			"name": "summon_entity_at_entity_relative",
			"npc": "Character.arr_security_android_android2_ajax_ma",
			"position": "behind",
			"spawnlevel": 36,
			"tag": "blue03"
		}, {
			"entities": ["blue03"],
			"name": "add_entity_to_group",
			"tag": "ambushteam"
		}],
		"name": "if",
		"trigger": {
			"expected": false,
			"name": "compare",
			"trigger": {
				"name": "gang_affinity",
				"score": -20,
				"value": "faction_militech"
			}
		}
	}, {
		"else_action": [{
			"name": "nothing"
		}],
		"if_action": [{
			"ambush": true,
			"amount": 1,
			"distance": 9,
			"entity": "player",
			"name": "summon_entity_at_entity_relative",
			"npc": "Character.arr_security_android_android2_ajax_ma",
			"position": "behind",
			"spawnlevel": 25,
			"tag": "blue02"
		}, {
			"entities": ["blue02"],
			"name": "add_entity_to_group",
			"tag": "ambushteam"
		}],
		"name": "if",
		"trigger": {
			"expected": false,
			"name": "compare",
			"trigger": {
				"name": "gang_affinity",
				"score": -30,
				"value": "faction_militech"
			}
		}
	}, {
		"entities": ["blue01"],
		"name": "add_entity_to_group",
		"tag": "ambushteam"
	}, {
		"name": "wait_second",
		"value": 0.5

	}, {
		"name": "wait_second",
		"value": 1
	}, {
		"else_action": [{
			"attitude": "hostile",
			"entity": "player",
			"name": "attitude_group_against_entity",
			"tag": "ambushteam"
		}, {
			"name": "notify",
			"value": "Petrochem Is taking Action against you !"
		}, {

		}],
		"if_action": [{
			"attitude": "passive",
			"entity": "player",
			"name": "attitude_group_against_entity",
			"tag": "ambushteam"
		}, {
			"name": "notify",
			"value": "Some crews are here to help you !"
		}],
		"name": "if",
		"trigger": {
			"name": "gang_affinity",
			"score": 10,
			"value": "faction_militech"
		}
	}],
	"name": "ambush_petrochem",
	"tag": "ambush_petrochem"
}