{
	"name": "carbush",
	"tag": "carbush",

	"action": [{
			"name": "spawn_vehicule_v2",
			"tag": "car",
			"spawnlevel": 36,
			"appearance": "none",
			"spawn_system": 1,
			"scriptlevel": 0,

			"group": "g1",
			"create_group_if_not_exist": true,

			"source": "current_district_leader",
			"source_helper": "vehicle||faction||current_district_leader||current_subdistrict_leader||district_leader||subdistrict_leader||random||from_list||district_rival||subdistrict_rival||current_district_rival||current_subdistrict_rival",
			"source_tag": "Vehicle.cs_savable_archer_hella_police_siren",
			"source_gang": "",
			"source_list": ["Vehicle.cs_savable_archer_hella_police_siren"],
			"source_tag_helper": "Vehicle.cs_savable_archer_hella_police_siren||faction_mox||district_westbrook||NorthOaks",

			"source_use_rival": false,

			"position": "poi",
			"position_helper": "at||relative_to_entity||node||current_node||poi||mappin||fasttravel||current_fasttravel||custom_place||custom_room||current_custom_place||current_custom_room||current_custom_mappin",

			"position_tag": "",
			"position_way": "",
			"position_tag_helper": "judy01||playerhouse01||playerhouse_bed||",
			"position_way_helper": "normal||behind||forward",


			"position_poi_district": "",
			"position_poi_subdistrict": "",
			"position_poi_is_for_car": true,
			"position_poi_from_position": true,
			"position_poi_use_location_tag": false,
			"position_poi_range": 40,
			"position_poi_type": 2,



			"position_distance": 20,

			"position_house_way": "default",

			"position_house_way_helper": "default||enter||exit",
			"position_house_tag": "playerhouse01",

			"position_node_current_detection_range": 40,
			"position_node_usegameplay": false,

			"x": 0,
			"y": 0,
			"z": 0,

			"amount": 1,
			"isAV": false,
			"appears_from_behind": false,
			"wait_for_vehicle": false
		}, {

			"name": "wait_second",
			"value": 2
		}, {
			
			"name": "spawn_npc",
			"tag": "a1",
			"spawnlevel": 45,
			"use_police_prevention_system": true,
			"group": "g1",
			"scriptlevel": 0,
			"appearance": "none",
			"create_group_if_not_exist": false,
			"source": "current_district_leader",
			"source_helper": "npc||current_star||faction||current_district_leader||current_subdistrict_leader||district_leader||subdistrict_leader||random||from_list||district_rival||subdistrict_rival||current_district_rival||current_subdistrict_rival",
			"source_gang": "",
			"source_tag": "",
			"source_tag_helper": "Character.Judy||faction_mox||district_westbrook||NorthOaks",
			"source_list": ["Character.Judy"],
			"source_use_vip": false,
			"source_use_rival": false,

			"position": "relative_to_entity",
			"position_helper": "at||relative_to_entity||node||current_node||poi||mappin||fasttravel||current_fasttravel||custom_place||custom_room||current_custom_place||current_custom_room||current_custom_mappin",

			"position_tag": "car",
			"position_tag_helper": "judy01||playerhouse01||playerhouse_bed||",

			"position_way": "behind",
			"position_way_helper": "normal||behind||forward",



			"position_poi_district": "",
			"position_poi_subdistrict": "",
			"position_poi_is_for_car": true,
			"position_poi_from_position": true,
			"position_poi_use_location_tag": false,
			"position_poi_range": 40,
			"position_poi_type": 2,


			"position_distance": 5,

			"position_house_way": "default||enter||exit",

			"position_house_tag": "playerhouse01",

			"position_node_current_detection_range": 40,
			"position_node_usegameplay": false,
			"x": 3,
			"y": -5,
			"z": 0,
			"amount": 1,
			"help": "This action will summon a custom npc with several custom parameter ",
			"helper": "This action will summon a custom npc with several custom parameter ",
			"helperTitle": "Entity : Spawn NPC"
		}, {
			"name": "wait_second",
			"value": 2
		}, {
			"name": "move_entity_at_entity_relative",
			"entity": "car",
			"x": -1,
			"y": 0,
			"z": 0,
			"move": "Sprint",
			"tag": "a1"
		}, {
			"name": "entity_set_seat",
			"tag": "a1",
			"vehicle": "car",
			"waitforsit": true,
			"seat": "seat_front_left"

		}, {
			"name": "attitude_entity_against_entity",
			"tag": "a1",
			"entity": "player",
			"attitude": "hostile"
		}, {
			"name": "wait_for_trigger",
			"trigger": {
				"name": "killed_entity",
				"tag": "a1"
			}

		},
		{
			"name": "notify",
			"value": "Car Ambush Survived."
		}, {

			"name": "wait_second",
			"value": 8
		}, {
			"name": "despawn_group",
			"tag": "g1"
		}, {
			"name": "remove_group",
			"tag": "g1"






		}
	]
}