{
	"name": "GangFight",
	"tag": "GangFight",

	"action": [{
		"name": "spawn_npc",
		"tag": "1",
		"spawnlevel": 36,
		"use_police_prevention_system": true,
		"group": "T1",
		"appeareance": "none",
		"create_group_if_not_exist": true,
		"source": "current_district_leader",
		"source_helper": "npc||current_star||faction||current_district_leader||current_subdistrict_leader||district_leader||subdistrict_leader||random||from_list",

		"source_tag": "",
		"source_tag_helper": "Character.Judy||faction_mox||district_westbrook||NorthOaks",
		"source_list": ["Character.Judy"],
		"source_use_vip": false,
		"source_use_rival": true,

		"position": "poi",
		"position_helper": "at||relative_to_entity||node||current_node||poi||mappin||fasttravel||current_fasttravel||custom_place||custom_room||current_custom_place||current_custom_room",

		"position_tag": "",
		"position_tag_helper": "judy01||playerhouse01||playerhouse_bed||",

		"position_way": "normal",
		"position_way_helper": "normal||behind||forward",



		"position_poi_district": "",
		"position_poi_subdistrict": "",
		"position_poi_is_for_car": false,
		"position_poi_from_position": true,
		"position_poi_use_location_tag": false,
		"position_poi_range": 50,
		"position_poi_type": 2,


		"position_distance": 5,

		"position_house_way": "default||enter||exit",

		"position_house_tag": "playerhouse01",

		"position_node_current_detection_range": 70,
		"position_node_usegameplay": false,
		"x": 0,
		"y": 0,
		"z": 0,
		"amount": 5,
		"help": "This action will summon a custom npc with several custom parameter ",
		"helper": "This action will summon a custom npc with several custom parameter ",
		"helperTitle": "Entity : Spawn NPC"
	}, {
		"name": "wait_second",
		"value": 2
	}, {
		"name": "move_group_at_relative_position",
		"tag": "T1",
		"x": -5,
		"y": 3,
		"z": 0,
		"move": "Walk"
	}, {
		"name": "wait_for_trigger",
		"trigger": {
			"name": "player_in_poi",
			"tag": "",
			"district": "",
			"subdistrict": "",
			"iscar": false,
			"type": 2,
			"uselocationtag": false,
			"range": 35
		}
	}, {
		"name": "wait_second",
		"value": 2
	}, {
		"name": "spawn_npc",
		"tag": "2",
		"spawnlevel": 36,
		"use_police_prevention_system": true,
		"group": "T2",
		"appeareance": "none",
		"create_group_if_not_exist": true,
		"source": "current_subdistrict_leader",
		"source_helper": "npc||current_star||faction||current_district_leader||current_subdistrict_leader||district_leader||subdistrict_leader||random||from_list",

		"source_tag": "",
		"source_tag_helper": "Character.Judy||faction_mox||district_westbrook||NorthOaks",
		"source_list": ["Character.Judy"],
		"source_use_vip": false,
		"source_use_rival": false,

		"position": "relative_to_entity",
		"position_helper": "at||relative_to_entity||node||current_node||poi||mappin||fasttravel||current_fasttravel||custom_place||custom_room||current_custom_place||current_custom_room",

		"position_tag": "player",
		"position_tag_helper": "judy01||playerhouse01||playerhouse_bed||",

		"position_way": "normal",
		"position_way_helper": "normal||behind||forward",



		"position_poi_district": "",
		"position_poi_subdistrict": "",
		"position_poi_is_for_car": false,
		"position_poi_from_position": false,
		"position_poi_use_location_tag": false,
		"position_poi_range": 50,
		"position_poi_type": 2,


		"position_distance": 2,

		"position_house_way": "default||enter||exit",

		"position_house_tag": "playerhouse01",

		"position_node_current_detection_range": 70,
		"position_node_usegameplay": false,
		"x": -3,
		"y": 4,
		"z": 0,
		"amount": 5,
		"help": "This action will summon a custom npc with several custom parameter ",
		"helper": "This action will summon a custom npc with several custom parameter ",
		"helperTitle": "Entity : Spawn NPC"
	}, {



		"name": "wait_second",
		"value": 2
	}, {
		"name": "move_group_at_relative_position",
		"tag": "T1",
		"x": -2,
		"y": 2,
		"z": 0,
		"rotation": 1,
		"move": "Sprint"
	}, {
		"name": "wait_second",
		"value": 1
	}, {
		"name": "move_group_at_relative_position",
		"tag": "T2",
		"x": 2,
		"y": -2,
		"z": 0,
		"rotation": 1,
		"move": "Sprint"
	}, {
		"name": "wait_second",
		"value": 1
	}, {
		"name": "look_at_entity_group",
		"tag": "T2",
		"entity": "1_1"
	}, {
		"name": "look_at_entity_group",
		"tag": "T1",
		"entity": "2_1"
	}, {
		"name": "wait_second",
		"value": 1
	}, {
		"name": "attitude_group_against_group",
		"attitude": "hostile",
		"tag": "T2",
		"attitudegroup": "nid_01_Lizzies",
		"attitudegrouptarget": "tygerClaws",
		"target": "T1"
	}, {
		"name": "attitude_group_against_group",
		"attitude": "hostile",
		"tag": "T1",
		"attitudegroup": "tygerClaws",
		"attitudegrouptarget": "nid_01_Lizzies",
		"target": "T2"
	}, {
		"name": "wait_second",
		"value": 1
	}, {

		"name": "wait_for_trigger",
		"trigger": {
			"name": "testFor",
			"triggers": [{
					"name": "compare",
					"trigger": {
						"name": "datapack_is_enabled",
						"tag": "Gangs of Night City"
					},
					"expected": true
				},
				{
					"name": "compare",
					"trigger": {
						"name": "datapack_is_enabled",
						"tag": "Gangs of Night City"
					},
					"expected": false

				}
			],
			"logic": "or"
		}

	}, {
		"name": "if",
		"trigger": {

			"name": "datapack_is_enabled",
			"tag": "Gangs of Night City"

		},
		"if_action": [{
			"name": "wait_for_trigger",
			"trigger": {
				"name": "testFor",
				"triggers": [{
						"name": "compare",
						"trigger": {
							"name": "check_gang_relation",
							"tag": "player",
							"target": "",
							"mode": "current_district_leader",
							"operator": "=",
							"score": -10
						},
						"expected": true
					},
					{
						"name": "compare",
						"trigger": {
							"name": "check_gang_relation",
							"tag": "player",
							"target": "",
							"mode": "current_district_leader",
							"operator": "=",
							"score": -10
						},
						"expected": false

					}
				],
				"logic": "or"
			}
		}, {
			"name": "if",
			"trigger": {
				"name": "check_gang_relation",
				"tag": "player",
				"target": "",
				"mode": "current_district_leader",
				"operator": "=",
				"score": -10
			},
			"if_action": [{
				"name": "attitude_group_against_entity",
				"attitude": "friendly",
				"tag": "T1",
				"entity": "player"

			}],
			"else_action": [{
				"name": "attitude_group_against_entity",
				"attitude": "hostile",
				"tag": "T2",
				"entity": "player"


			}]

		}],
		"else_action": [{
			"name": "if",
			"trigger": {
				"name": "check_gang_relation",
				"tag": "player",
				"target": "",
				"mode": "current_district_leader",
				"operator": "=",
				"score": -10
			},
			"if_action": [{
				"name": "attitude_group_against_entity",
				"attitude": "passive",
				"tag": "T2",
				"entity": "player"

			}],
			"else_action": [{
				"name": "attitude_group_against_entity",
				"attitude": "hostile",
				"tag": "T1",
				"entity": "player"


			}]
		}]

	}, {
		"name": "wait_for_trigger",
		"trigger": {
			"name": "testFor",
			"triggers": [{
				"name": "killed_group",
				"tag": "T1"
			}, {
				"name": "killed_group",
				"tag": "T2"
			}],
			"logic": "or",
			"helper": "This trigger will be triggered when all of the trigger are triggered by the logic you choose."
		}
	}, {
		"name": "if",
		"trigger": {
			"name": "killed_group",
				"tag": "T1"
		},
		"if_action": [{
				"name": "add_leader_currentdistrict_score",
				"value": 5
			},
			{
					"name": "gang_affinity_from_current_district_leader_rival",
					"score": -5
			}
		],
		"else_action": [{
			
				"name": "remove_leader_currentdistrict_score",
				"value": 5
			},
			{
				
				"name": "gang_affinity_from_current_district_leader_rival",
				"score": 5
			}
		],
		"helper": "This action will check a trigger and execute IF actions if the trigger is OK or ELSE action if the trigger is not OK",
		"helperTitle": "Logic : If"
	
	}, {
		"name": "wait_second",
		"value": 20

	}, {
		"name": "despawn_group",
		"tag": "T2"
	}, {
		"name": "despawn_group",
		"tag": "T1"
	}, {
		"name": "wait_second",
		"value": 1
	}, {
		"name": "remove_group",
		"tag": "T1"
	}, {
		"name": "remove_group",
		"tag": "T2"

	}]
}