{
	"name": "GangFight",
	"tag": "GangFight",
	"action": [{
			"name": "spawn_npc",
			"tag": "1",
			"spawnlevel": 45,
			"use_police_prevention_system": true,
			"group": "T1",
			"scriptlevel": 0,
			"appearance": "none",
			"create_group_if_not_exist": true,
			"source": "current_district_leader",
			"source_helper": "npc||current_star||faction||current_district_leader||current_subdistrict_leader||district_leader||subdistrict_leader||random||from_list||district_rival||subdistrict_rival||current_district_rival||current_subdistrict_rival",
			"source_gang": "faction_mox",
			"source_tag": "",
			"source_tag_helper": "Character.Judy||faction_mox||district_westbrook||NorthOaks",
			"source_list": ["Character.Judy"],
			"source_use_vip": false,
			"source_use_rival": true,
			"position": "poi",
			"position_helper": "at||relative_to_entity||node||player_look_at||poi||mappin||fasttravel||custom_place||custom_room",
			"position_change_helper": "Write 'current' in position_tag for get current node,mappin, fasttravel, custom_place or custom_room. \n For poi if you write 'current' in position_poi_district you will get the current district, \n if you write 'current in position_poi_subdistrict you will get the current subdistrict. \n also if you write 'random' in position_poi_subdistrict or position_poi_district, you will get an 'random' value",
			"position_range": 90,
			"position_lookatdistance": 0,
			"position_tag": "",
			"position_tag_helper": "judy01||playerhouse01||playerhouse_bed||",
			"position_way": "normal",
			"position_way_helper": "normal||behind||forward",
			"position_poi_district": "",
			"position_poi_subdistrict": "",
			"position_poi_is_for_car": false,
			"position_poi_from_position": true,
			"position_poi_use_location_tag": false,
			"position_poi_type": 2,
			"position_distance": 5,
			"position_house_way": "default",
			"position_house_way_helper": "default||enter||exit",
			"position_house_tag": "playerhouse01",
			"position_node_usegameplay": false,
			"x": 0,
			"y": 0,
			"z": 0,
			"amount": 1,
			"help": "This action will summon a custom npc with several custom parameter ",
			"helper": "This action will summon a custom npc with several custom parameter ",
			"helperTitle": "Entity : Spawn NPC",
			"context": [{
					"trigger": {
						"fnc1": {
							"name": "check_score",
							"value": "Datapack",
							"key": "Difficulty",
							"score": 1,
							"operator": "="
						}
					},
					"requirement": [
						["fnc1"]
					],
					"prop": {
						"amount": {
							"type": "number",
							"text": "##number",
							"values": {
								"number": {
									"type": "random_number",
									"list": [2, 3, 4, 5]

								}
							}
						}
					}
				}, {
					"trigger": {
						"fnc2": {
							"name": "check_score",
							"value": "Datapack",
							"key": "Difficulty",
							"score": 2,
							"operator": "="
						}
					},
					"requirement": [
						["fnc2"]
					],
					"prop": {
						"amount": {
							"type": "number",
							"text": "##number",
							"values": {
								"number": {
									"type": "random_number",
									"list": [5, 6, 7, 8]
								}
							}
						}
					}
				},
				{
					"trigger": {
						"fnc3": {
							"name": "check_score",
							"value": "Datapack",
							"key": "Difficulty",
							"score": 3,
							"operator": "="
						}
					},
					"requirement": [
						["fnc3"]
					],
					"prop": {
						"amount": {
							"type": "number",
							"text": "##number",
							"values": {
								"number": {
									"type": "random_number",
									"list": [7, 8, 9, 10]
								}
							}
						}
					}
				}, {
					"trigger": {
						"fnc4": {
							"name": "check_score",
							"value": "Datapack",
							"key": "Difficulty",
							"score": 4,
							"operator": "="
						}
					},
					"requirement": [
						["fnc4"]
					],
					"prop": {
						"amount": {
							"type": "number",
							"text": "##number",
							"values": {
								"number": {
									"type": "random_number",
									"list": [9, 10, 11, 12]
								}
							}
						}
					}
				}, {
					"trigger": {
						"condition01": {
							"name": "auto"
						}
					},
					"requirement": [
						[
							"condition01"
						]
					],
					"prop": {
						"position_poi_type": {
							"type": "number",
							"text": "##numberrandom",
							"values": {
								"numberrandom": {
									"type": "random_number",
									"list": [77, 2]
								}
							}
						}
					}
				}
			]
		},
		{
			"name": "wait_second",
			"value": 2
		},
		{
			"name": "move_group_at_relative_position",
			"tag": "T1",
			"x": -5,
			"y": 3,
			"z": 0,
			"move": "Walk"
		},
		{

			"name": "random_custom_score",
			"variable": "gangsfight_event_score",
			"min": 3,
			"max": 6
		},
		{
			"name": "spawn_npc",
			"tag": "2",
			"spawnlevel": 36,
			"use_police_prevention_system": true,
			"group": "T2",
			"scriptlevel": 0,
			"appearance": "none",
			"create_group_if_not_exist": true,
			"source": "current_district_leader",
			"source_helper": "npc||current_star||faction||current_district_leader||current_subdistrict_leader||district_leader||subdistrict_leader||random||from_list||district_rival||subdistrict_rival||current_district_rival||current_subdistrict_rival",
			"source_gang": "",
			"source_tag": "",
			"source_tag_helper": "Character.Judy||faction_mox||district_westbrook||NorthOaks",
			"source_list": ["Character.Judy"],
			"source_use_vip": false,
			"source_use_rival": false,
			"position": "relative_to_entity",
			"position_helper": "at||relative_to_entity||node||player_look_at||poi||mappin||fasttravel||custom_place||custom_room",
			"position_change_helper": "Write 'current' in position_tag for get current node,mappin, fasttravel, custom_place or custom_room. \n For poi if you write 'current' in position_poi_district you will get the current district, \n if you write 'current in position_poi_subdistrict you will get the current subdistrict. \n also if you write 'random' in position_poi_subdistrict or position_poi_district, you will get an 'random' value",
			"position_range": 90,
			"position_lookatdistance": 0,
			"position_tag": "1_2",
			"position_tag_helper": "judy01||playerhouse01||playerhouse_bed||",
			"position_way": "normal",
			"position_way_helper": "normal||behind||forward",
			"position_poi_district": "",
			"position_poi_subdistrict": "",
			"position_poi_is_for_car": false,
			"position_poi_from_position": false,
			"position_poi_use_location_tag": false,
			"position_poi_type": 2,
			"position_distance": 90,
			"position_house_way": "default",
			"position_house_way_helper": "default||enter||exit",
			"position_house_tag": "playerhouse01",
			"position_node_usegameplay": false,
			"x": 2,
			"y": -2,
			"z": 0,
			"amount": 1,
			"help": "This action will summon a custom npc with several custom parameter ",
			"helper": "This action will summon a custom npc with several custom parameter ",
			"helperTitle": "Entity : Spawn NPC",
			"context": [{
					"trigger": {
						"fnc1": {
							"name": "check_score",
							"value": "Datapack",
							"key": "Difficulty",
							"score": 1,
							"operator": "="
						}
					},
					"requirement": [
						["fnc1"]
					],
					"prop": {
						"amount": {
							"type": "number",
							"text": "##number",
							"values": {
								"number": {
									"type": "random_number",
									"list": [2, 3, 4, 5]

								}
							}
						}
					}
				}, {
					"trigger": {
						"fnc2": {
							"name": "check_score",
							"value": "Datapack",
							"key": "Difficulty",
							"score": 2,
							"operator": "="
						}
					},
					"requirement": [
						["fnc2"]
					],
					"prop": {
						"amount": {
							"type": "number",
							"text": "##number",
							"values": {
								"number": {
									"type": "random_number",
									"list": [5, 6, 7, 8]
								}
							}
						}
					}
				},
				{
					"trigger": {
						"fnc3": {
							"name": "check_score",
							"value": "Datapack",
							"key": "Difficulty",
							"score": 3,
							"operator": "="
						}
					},
					"requirement": [
						["fnc3"]
					],
					"prop": {
						"amount": {
							"type": "number",
							"text": "##number",
							"values": {
								"number": {
									"type": "random_number",
									"list": [7, 8, 9, 10]
								}
							}
						}
					}
				}, {
					"trigger": {
						"fnc4": {
							"name": "check_score",
							"value": "Datapack",
							"key": "Difficulty",
							"score": 4,
							"operator": "="
						}
					},
					"requirement": [
						["fnc4"]
					],
					"prop": {
						"amount": {
							"type": "number",
							"text": "##number",
							"values": {
								"number": {
									"type": "random_number",
									"list": [9, 10, 11, 12]
								}
							}
						}
					}
				}
			]
		},
		{
			"name": "wait_second",
			"value": 2
		},
		{
			"name": "move",
			"tag": "T2",
			"group": true,
			"move": "Sprint",
			"position": "relative_to_entity",
			"position_helper": "at||relative_to_entity||node||player_look_at||poi||mappin||fasttravel||custom_place||custom_room",
			"position_change_helper": "Write 'current' in position_tag for get current node,mappin, fasttravel, custom_place or custom_room. \n For poi if you write 'current' in position_poi_district you will get the current district, \n if you write 'current in position_poi_subdistrict you will get the current subdistrict. \n also if you write 'random' in position_poi_subdistrict or position_poi_district, you will get an 'random' value",
			"position_range": 50,
			"position_lookatdistance": 0,
			"position_tag": "1_1",
			"position_tag_helper": "judy01||playerhouse01||playerhouse_bed||",
			"position_way": "normal",
			"position_way_helper": "normal||behind||forward",
			"position_poi_district": "",
			"position_poi_subdistrict": "",
			"position_poi_is_for_car": false,
			"position_poi_from_position": false,
			"position_poi_use_location_tag": false,
			"position_poi_type": 77,
			"position_distance": 60,
			"position_house_way": "default",
			"position_house_way_helper": "default||enter||exit",
			"position_house_tag": "playerhouse01",
			"position_node_usegameplay": false,
			"x": 0,
			"y": 3,
			"z": 0,
			"moveV2": true,
			"roll": 0,
			"pitch": 0,
			"yaw": 0,
			"distance": 0,
			"distancetolerance": 0,
			"ignorenavigation": true,
			"stoponobstacle": false,
			"outofway": false
		}, {
			"name": "move",
			"tag": "T1",
			"group": true,
			"move": "Sprint",
			"position": "relative_to_entity",
			"position_helper": "at||relative_to_entity||node||player_look_at||poi||mappin||fasttravel||custom_place||custom_room",
			"position_change_helper": "Write 'current' in position_tag for get current node,mappin, fasttravel, custom_place or custom_room. \n For poi if you write 'current' in position_poi_district you will get the current district, \n if you write 'current in position_poi_subdistrict you will get the current subdistrict. \n also if you write 'random' in position_poi_subdistrict or position_poi_district, you will get an 'random' value",
			"position_range": 50,
			"position_lookatdistance": 0,
			"position_tag": "2_1",
			"position_tag_helper": "judy01||playerhouse01||playerhouse_bed||",
			"position_way": "normal",
			"position_way_helper": "normal||behind||forward",
			"position_poi_district": "",
			"position_poi_subdistrict": "",
			"position_poi_is_for_car": false,
			"position_poi_from_position": false,
			"position_poi_use_location_tag": false,
			"position_poi_type": 77,
			"position_distance": 60,
			"position_house_way": "default",
			"position_house_way_helper": "default||enter||exit",
			"position_house_tag": "playerhouse01",
			"position_node_usegameplay": false,
			"x": 0,
			"y": -3,
			"z": 0,
			"moveV2": true,
			"roll": 0,
			"pitch": 0,
			"yaw": 0,
			"distance": 0,
			"distancetolerance": 0,
			"ignorenavigation": true,
			"stoponobstacle": false,
			"outofway": false
		},
		{
			"name": "wait_second",
			"value": 1
		},
		{
			"name": "look_at_entity_group",
			"tag": "T2",
			"entity": "1_1"
		},
		{
			"name": "look_at_entity_group",
			"tag": "T1",
			"entity": "2_1"
		},
		{
			"name": "wait_second",
			"value": 1
		},
		{
			"name": "attitude_group_against_group",
			"attitude": "hostile",
			"tag": "T2",
			"attitudegroup": "nid_01_Lizzies",
			"attitudegrouptarget": "tygerClaws",
			"target": "T1"
		},
		{
			"name": "attitude_group_against_group",
			"attitude": "hostile",
			"tag": "T1",
			"attitudegroup": "tygerClaws",
			"attitudegrouptarget": "nid_01_Lizzies",
			"target": "T2"
		},
		{
			"name": "wait_second",
			"value": 1
		},
		{
			"name": "wait_for_trigger",
			"trigger": {
				"name": "testFor",
				"triggers": [{
						"name": "compare",
						"trigger": {
							"name": "datapack_is_enabled",
							"tag": "Gangs of Night City"
						},
						"expected": true
					},
					{
						"name": "compare",
						"trigger": {
							"name": "datapack_is_enabled",
							"tag": "Gangs of Night City"
						},
						"expected": false
					}
				],
				"logic": "or"
			}
		},
		{
			"name": "if",
			"trigger": {
				"name": "datapack_is_enabled",
				"tag": "Gangs of Night City"
			},
			"if_action": [{
				"name": "if",
				"trigger": {
					"me": "check_gang_relation",
					"tag": "player",
					"target": "1_1",
					"mode": "gang",
					"operator": ">=",
					"score": 10
				},
				"if_action": [{
						"name": "attitude_group_against_entity",
						"attitude": "friendly",
						"tag": "rival",
						"entity": "player"
					},
					{
						"name": "attitude_group_against_entity",
						"attitude": "hostile",
						"tag": "lead",
						"entity": "player"
					}
				]
			}],
			"else_action": [{
				"name": "if",
				"trigger": {
					"me": "check_gang_relation",
					"tag": "player",
					"target": "2_1",
					"mode": "gang",
					"operator": ">=",
					"score": 10
				},
				"if_action": [{
						"name": "attitude_group_against_entity",
						"attitude": "hostile",
						"tag": "rival",
						"entity": "player"
					},
					{
						"name": "attitude_group_against_entity",
						"attitude": "friendly",
						"tag": "lead",
						"entity": "player"
					}
				],
				"else_action": [{}]
			}]
		},
		{
			"name": "wait_for_trigger",
			"trigger": {
				"name": "testFor",
				"triggers": [{
						"name": "killed_group",
						"tag": "T1"
					},
					{
						"name": "killed_group",
						"tag": "T2"
					}
				],
				"logic": "or",
				"helper": "This trigger will be triggered when all of the trigger are triggered by the logic you choose."
			}
		},
		{
			"name": "if",
			"trigger": {
				"name": "killed_group",
				"tag": "T1"
			},
			"if_action": [{
				"name": "add_leader_currentdistrict_score",
				"value": 10
			}],
			"else_action": [{
				"name": "remove_leader_currentdistrict_score",
				"value": 10
			}],
			"helper": "This action will check a trigger and execute IF actions if the trigger is OK or ELSE action if the trigger is not OK",
			"helperTitle": "Logic : If"
		},
		{
			"name": "wait_second",
			"value": 10
		},
		{
			"name": "despawn_group",
			"tag": "T2"
		},
		{
			"name": "despawn_group",
			"tag": "T1"
		},
		{
			"name": "wait_second",
			"value": 1
		},
		{
			"name": "remove_group",
			"tag": "T1"
		},
		{
			"name": "remove_group",
			"tag": "T2"
		}
	]
}