{
    "name": "maxtac_maelstrom",
    "tag": "maxtac_maelstrom",
    "action": [
		{
			 "name": "summon_entity_at_entity_relative","entity":"player",
			"npc" : 
				"Character.sts_wat_nid_02_enemy_maelstrom_fast_sniper2_grad_ma",
			"position": "behind",
			"distance": 8,
			"amount": 1,
			"tag": "blue01",
			"spawnlevel": 25,
			"ambush": true
		},
		{
			 "name": "summon_entity_at_entity_relative",
			 "entity":"player",
			"npc" : 
				"Character.sts_wat_nid_06_maelstrom_netrunner_netrunner2_lexington_ma",
			"position": "behind",
			"distance": 9,
			"amount": 1,
			"tag": "blue02",
			"spawnlevel": 25,
			"ambush": true
		},
		{
			 "name": "summon_entity_at_entity_relative","entity":"player",
			"npc" : 
				"Character.maelstrom_techie_grenadier2_lexington_ma",
			"position": "behind",
			"distance": 10,
			"amount": 1,
			"tag": "blue03",
			"spawnlevel": 25,	
			"ambush": true
		},
		{
			 "name": "summon_entity_at_entity_relative","entity":"player",
			"npc" : 
				"Character.maelstrom_strong_gunner2_defender_mb_rare",
			"position": "behind",
			"distance": 11,
			"amount": 1,
			"tag": "blue02",
			"spawnlevel": 25,
			"ambush": true
			
			
		}
    ]
}