{
	"name": "maxtac_6thstreet",
	"tag": "maxtac_6thstreet",
	"action": [{
			"name": "summon_entity_at_entity_relative",
			"entity": "player",
			"npc": "Character.mq008_6th_street_representative",
			"position": "behind",
			"distance": 8,
			"amount": 1,
			"tag": "blue01",
			"spawnlevel": 25,
			"ambush": true
		},
		{
			"name": "summon_entity_at_entity_relative",
			"entity": "player",
			"npc": "Character.mq008_6th_street_representative",
			"position": "behind",
			"distance": 9,
			"amount": 1,
			"tag": "blue02",
			"spawnlevel": 25,
			"ambush": true
		},
		{
			"name": "summon_entity_at_entity_relative",
			"entity": "player",
			"npc": "Character.mq008_6th_street_civ_judge_wa",
			"position": "behind",
			"distance": 10,
			"amount": 1,
			"tag": "blue03",
			"spawnlevel": 25,
			"ambush": true
		},
		{
			"name": "summon_entity_at_entity_relative",
			"entity": "player",
			"npc": "Character.mq008_6th_street_civ_judge_ma",
			"position": "behind",
			"distance": 11,
			"amount": 1,
			"tag": "blue02",
			"spawnlevel": 25,
			"ambush": true 
			
			
		
		}
	]
}