{
	"name": "MaxTac Intervention",
	"tag": "maxtac010",

	"action": [{
		"name": "do_function",
		"value": "maxtac_gangmanager"
	}, {
		"name": "wait_second",
		"value": 0.5
	}, {
		"if_action": [{
			"name": "consolelog",
			"value": "True"
		}],
		"trigger": {
			"name": "entity_is_spawn",
			"tag": "blue_1"
		},
		"name": "lightif",
		"else_action": [{
			"name": "maxtac010"
		}]
	}, {
		"if_action": [{
			"name": "consolelog",
			"value": "True"
		}],
		"trigger": {
			"name": "entity_is_spawn",
			"tag": "blue_2"
		},
		"name": "lightif",
		"else_action": [{
			"name": "maxtac010"
		}]
	}, {
		"if_action": [{
			"name": "consolelog",
			"value": "True"
		}],
		"trigger": {
			"name": "entity_is_spawn",
			"tag": "blue_3"
		},
		"name": "lightif",
		"else_action": [{
			"name": "maxtac010"
		}]
	}, {
		"if_action": [{
			"name": "consolelog",
			"value": "True"
		}],
		"trigger": {
			"name": "entity_is_spawn",
			"tag": "blue_4"
		},
		"name": "lightif",
		"else_action": [{
			"name": "maxtac010"
		}]
	}, {
		
		"name": "wait_second",
		"value": 0.5
		}, {
		"name": "create_group",
		"tag": "maxtacsquad"
	}, {
		"name": "notify",
		"value": "MaxTac Intervention in progress"
		
	}, {
		"name": "spawn_vehicule_v2",
		"tag": "helicoTac",
		"spawnlevel": 36,
		"appearance": "",
		"spawn_system": 1,

		"group": "",
		"create_group_if_not_exist": false,

		"source": "vehicle",
		"source_helper": "vehicle||faction||current_district_leader||current_subdistrict_leader||district_leader||subdistrict_leader||random||from_list",
		"source_tag": "Vehicle.av_militech_manticore",
		"source_list": ["Vehicle.cs_savable_archer_hella_police_siren"],
		"source_tag_helper": "Vehicle.cs_savable_archer_hella_police_siren||faction_mox||district_westbrook||NorthOaks",

		"source_use_rival": false,

		"position": "relative_to_entity",
		"position_helper": "at||relative||node||current_node||poi||mappin||fasttravel||current_fasttravel||custom_place||custom_room||current_custom_place||current_custom_room",

		"position_tag": "blue_1",
		"position_way": "normal",

		"position_tag_helper": "judy01||playerhouse01||playerhouse_bed||",
		"position_way_helper": "normal||behind||forward",

		"position_poi_district": "",
		"position_poi_subdistrict": "",
		"position_poi_is_for_car": false,
		"position_poi_from_position": true,
		"position_poi_use_location_tag": false,
		"position_poi_range": 50,
		"position_poi_type": 2,

		"position_distance": 0,

		"position_house_way": "default",

		"position_house_way_helper": "default||enter||exit",
		"position_house_tag": "playerhouse01",

		"position_node_current_detection_range": 70,
		"position_node_usegameplay": false,

		"x": -10,
		"y": -10,
		"z": 65,

		"amount": 1,
		"isAV": false,
		"appears_from_behind": true,
		"wait_for_vehicle":false
	}, {

		"name": "wait_second",
		"value": 2
	}, {
		"x": 0,
		"y": 0,
		"rotation": 1,
		"name": "nothing",
		"z": 0
	}, {
		"name": "nothing",
		"value": 0.001
	}, {
		"x": 0,
		"tag": "helicoTac",
		"y": 0,
		"rotation": 1,
		"name": "teleport_entity_at_relative_position",
		"z": -0.7
	}, {
		"amount": 220,
		"action": [{
			"x": 0,
			"tag": "helicoTac",
			"y": 0,
			"rotation": 1,
			"name": "teleport_entity_at_relative_position",
			"z": -0.28
		}],
		"name": "for"
	}, {
		"name": "wait_second",
		"value": 1
	}, {
		"tag": "helicoTac",
		"value": "open",
		"helperTitle": "Vehicule : Change Doors State",
		"helper": "This action will change the state of doors (open/close/lock/unlock)",
		"name": "vehicle_change_doors"
	}, {
		"ambush": false,
		"x": 5,
		"tag": "max01",
		"entity": "helicoTac",
		"amount": 1,
		"spawnlevel": 36,
		"npc": "Character.mq030_max_tac",
		"y": 5,
		"z": -1.5,
		"name": "summon_entity_at_entity_relative"
	}, {
		"ambush": false,
		"x": 6,
		"tag": "max02",
		"entity": "helicoTac",
		"amount": 1,
		"spawnlevel": 36,
		"npc": "Character.mq030_max_tac",
		"y": 5,
		"z": -1.5,
		"name": "summon_entity_at_entity_relative"
	}, {
		"ambush": false,
		"x": 7,
		"tag": "max03",
		"entity": "helicoTac",
		"amount": 1,
		"spawnlevel": 36,
		"npc": "Character.mq030_max_tac",
		"y": 5,
		"z": -1.5,
		"name": "summon_entity_at_entity_relative"
	}, {
		"ambush": false,
		"x": 8,
		"tag": "max04",
		"entity": "helicoTac",
		"amount": 1,
		"spawnlevel": 36,
		"npc": "Character.mq030_max_tac",
		"y": 5,
		"z": -1.5,
		"name": "summon_entity_at_entity_relative"
	}, {
		"name": "wait_second",
		"value": 0.5
	
	}, {
		"entities": ["max01", "max02", "max03", "max04"],
		"name": "set_entity_to_group",
		"tag": "maxtacsquad"
	}, {
		"name": "wait_second",
		"value": 0.5
	}, {
		"x": 0,
		"tag": "maxtacsquad",
		"y": 0,
		"rotation": 1,
		"name": "nothing",
		"z": 0
	}, {
		"name": "teleport_group_at_relative_position",
		"tag": "maxtacsquad",
		"x": 0,
		"y": 0,
		"z": -0.8
	}, {
		"voice": "danger",
		"name": "play_group_voice",
		"tag": "maxtacsquad"
	}, {
		"name": "wait_second",
		"value": 1
	}, {
		"attitude": "hostile",
		"attitudegroup": "mq030_max_tac",
		"tag": "maxtacsquad",
		"attitudegrouptarget": "6thStreet",
		"name": "attitude_group_against_group",
		"target": "gangteam"
	}, {
		"attitude": "hostile",
		"attitudegroup": "6thStreet",
		"tag": "gangteam",
		"attitudegrouptarget": "mq030_max_tac",
		"name": "attitude_group_against_group",
		"target": "maxtacsquad"
	}, {
		"name": "wait_second",
		"value": 0.1
	}, {
		"name": "wait_for_trigger",
		"trigger": {
			"logic": "or",
			"name": "testFor",
			"triggers": [{
				"name": "killed_group",
				"tag": "maxtacsquad"
			}, {
				"name": "killed_group",
				"tag": "gangteam"
			}]
		}
	}, {
		"if_action": [{
			"score": -1,
			"name": "gang_affinity",
			"value": "faction_maxtac"
		}],
		"trigger": {
			"name": "killed_group",
			"tag": "maxtacsquad"
		},
		"name": "if",
		"else_action": [{
			"score": 1,
			"name": "gang_affinity",
			"value": "faction_maxtac"
		}]
	}, {
		"name": "notify",
		"value": "MaxTac Intervention finished"
	}, {
		"x": -2,
		"entity": "helicoTac",
		"tag": "maxtacsquad",
		"y": 1,
		"rotation": 1,
		"move": "Run",
		"name": "move_group_at_entity_relative_position",
		"z": 0
	}, {
		"name": "wait_second",
		"value": 1
	}, {
		"tag": "helicoTac",
		"value": "close",
		"helperTitle": "Vehicule : Change Doors State",
		"helper": "This action will change the state of doors (open/close/lock/unlock)",
		"name": "vehicle_change_doors"
	}, {
		"name": "vehicle_change_engine",
		"value": "on",
		"tag": "helicoTac"
	}, {
		"name": "despawn_group",
		"tag": "gangteam"
	}, {
		"name": "despawn_group",
		"tag": "maxtacsquad"
	}, {
		"name": "wait_second",
		"value": 0.5
	}, {
		"name": "remove_group",
		"tag": "gangteam"
	}, {
		"name": "remove_group",
		"tag": "maxtacsquad"
	}, {
		"name": "wait_second",
		"value": 0.5
	}, {
		"name": "nothing",
		"value": 0.01
	}, {
		"name": "play_game_sound",
		"value": "q001_sc_00c_trauma_leaves_av_engines"
	}, {
		"name": "wait_second",
		"value": 11.65
	}, {

		"x": 0,
		"tag": "helicoTac",
		"y": 0,
		"rotation": 1,
		"name": "teleport_entity_at_relative_position",
		"z": 0.2
	}, {
		"amount": 200,
		"action": [{
			"x": 0,
			"tag": "helicoTac",
			"y": 0,
			"rotation": 1,
			"name": "teleport_entity_at_relative_position",
			"z": 0.5
		}],
		"name": "for"
	}, {
		"name": "wait_second",
		"value": 0.3
	}, {
		"amount": 650,
		"action": [{
			"x": 0,
			"tag": "helicoTac",
			"y": 0.5,
			"rotation": 1,
			"name": "teleport_entity_at_relative_position",
			"z": 0
		}],
		"name": "for"
	}, {
		"name": "wait_second",
		"value": 8
	}, {
		"name": "stop_game_sound",
		"value": "q001_sc_00c_trauma_leaves_av_engines"
	}, {
		"name": "despawn_entity",
		"tag": "helicoTac"
	}, {
			"name": "clean_thread",
			"tag": "dnc_districtmanager"
	}]


}