{
	"name": "NCPDVSmalestrom",
	"tag": "NCPDVSmalestrom",

	"action": [{
		"name": "spawn_npc",
		"tag": "1",
		"spawnlevel": 36,
		"use_police_prevention_system": true,
		"group": "ncpdteam",
		"appeareance": "none",
		"create_group_if_not_exist": true,
		"source": "faction",
		"source_helper": "npc||current_star||faction||current_district_leader||current_subdistrict_leader||district_leader||subdistrict_leader||random||from_list",

		"source_tag": "faction_ncpd",
		"source_tag_helper": "Character.Judy||faction_maelstrom||district_westbrook||NorthOaks",
		"source_list": ["Character.Judy"],
		"source_use_vip": false,
		"source_use_rival": false,

		"position": "poi",
		"position_helper": "at||relative_to_entity||node||current_node||poi||mappin||fasttravel||current_fasttravel||custom_place||custom_room||current_custom_place||current_custom_room",

		"position_tag": "",
		"position_tag_helper": "judy01||playerhouse01||playerhouse_bed||",

		"position_way": "normal",
		"position_way_helper": "normal||behind||forward",



		"position_poi_district": "Watson",
		"position_poi_subdistrict": "Northside",
		"position_poi_is_for_car": false,
		"position_poi_from_position": true,
		"position_poi_use_location_tag": false,
		"position_poi_range": 50,
		"position_poi_type": 2,


		"position_distance": 5,

		"position_house_way": "default||enter||exit",

		"position_house_tag": "playerhouse01",

		"position_node_current_detection_range": 70,
		"position_node_usegameplay": false,
		"x": 0,
		"y": 0,
		"z": 0,
		"amount": 5,
		"help": "This action will summon a custom npc with several custom parameter ",
		"helper": "This action will summon a custom npc with several custom parameter ",
		"helperTitle": "Entity : Spawn NPC"
	}, {

		"name": "wait_second",
		"value": 2
	}, {
		"name": "move_group_at_relative_position",
		"tag": "ncpdteam",
		"x": 3,
		"y": 3,
		"z": 0,
		"move": "Walk"
	}, {
		"name": "wait_second",
		"value": 2

	}, {
		"name": "spawn_npc",
		"tag": "2",
		"spawnlevel": 36,
		"use_police_prevention_system": true,
		"group": "maelstromteam",
		"appeareance": "none",
		"create_group_if_not_exist": true,
		"source": "faction",
		"source_helper": "npc||current_star||faction||current_district_leader||current_subdistrict_leader||district_leader||subdistrict_leader||random||from_list",

		"source_tag": "faction_maelstrom",
		"source_tag_helper": "Character.Judy||faction_maelstrom||district_westbrook||NorthOaks",
		"source_list": ["Character.Judy"],
		"source_use_vip": false,
		"source_use_rival": false,

		"position": "relative_to_entity",
		"position_helper": "at||relative_to_entity||node||current_node||poi||mappin||fasttravel||current_fasttravel||custom_place||custom_room||current_custom_place||current_custom_room",

		"position_tag": "1_1",
		"position_tag_helper": "judy01||playerhouse01||playerhouse_bed||",

		"position_way": "normal",
		"position_way_helper": "normal||behind||forward",



		"position_poi_district": "",
		"position_poi_subdistrict": "",
		"position_poi_is_for_car": false,
		"position_poi_from_position": false,
		"position_poi_use_location_tag": false,
		"position_poi_range": 50,
		"position_poi_type": 2,


		"position_distance": 2,

		"position_house_way": "default||enter||exit",

		"position_house_tag": "playerhouse01",

		"position_node_current_detection_range": 70,
		"position_node_usegameplay": false,
		"x": 0,
		"y": 1,
		"z": 0,
		"amount": 5,
		"help": "This action will summon a custom npc with several custom parameter ",
		"helper": "This action will summon a custom npc with several custom parameter ",
		"helperTitle": "Entity : Spawn NPC"
	}, {



		"name": "wait_second",
		"value": 1
	}, {
		"name": "move_group_at_relative_position",
		"tag": "ncpdteam",
		"x": -3,
		"y": 0,
		"z": 0,
		"rotation": 1,
		"move": "Sprint"
	}, {
		"name": "move_group_at_relative_position",
		"tag": "maelstromteam",
		"x": 3,
		"y": 0,
		"z": 0,
		"rotation": 1,
		"move": "Sprint"
	}, {
		"name": "wait_second",
		"value": 1
	}, {
		"name": "look_at_entity_group",
		"tag": "maelstromteam",
		"entity": "1_3"
	}, {
		"name": "look_at_entity_group",
		"tag": "ncpdteam",
		"entity": "2_2"
	}, {
		"name": "wait_second",
		"value": 1
	}, {
		"name": "attitude_group_against_group",
		"attitude": "hostile",
		"tag": "maelstromteam",
		"attitudegroup": "nid_01_Lizzies",
		"attitudegrouptarget": "tygerClaws",
		"target": "ncpdteam"
	}, {
		"name": "attitude_group_against_group",
		"attitude": "hostile",
		"tag": "ncpdteam",
		"attitudegroup": "tygerClaws",
		"attitudegrouptarget": "nid_01_Lizzies",
		"target": "maelstromteam"
	}, {
		"name": "wait_for_trigger",
		"trigger": {
			"name": "testFor",
			"triggers": [{
					"name": "compare",
					"trigger": {
						"name": "datapack_is_enabled",
						"tag": "Gangs of Night City"
					},
					"expected": true
				},
				{
					"name": "compare",
					"trigger": {
						"name": "datapack_is_enabled",
						"tag": "Gangs of Night City"
					},
					"expected": false

				}
			],
			"logic": "or"
		}

	}, {
		"name": "if",
		"trigger": {

			"name": "datapack_is_enabled",
			"tag": "Gangs of Night City"

		},
		"if_action": [{
			"name": "wait_for_trigger",
			"trigger": {
				"name": "testFor",
				"triggers": [{
						"name": "compare",
						"trigger": {
							"name": "player_current_gang",
							"value": "faction_maelstrom"
						},
						"expected": true
					},
					{
						"name": "compare",
						"trigger": {
							"name": "player_current_gang",
							"value": "faction_maelstrom"
						},
						"expected": false
					},
					{
						"name": "compare",
						"trigger": {
							"name": "player_current_gang",
							"value": "faction_ncpd"
						},
						"expected": false
					},
					{
						"name": "compare",
						"trigger": {
							"name": "player_current_gang",
							"value": "faction_ncpd"
						},
						"expected": true

					}
				],
				"logic": "or"
			}
		}, {
			"name": "if",
			"trigger": {
				"name": "player_current_gang",
				"value": "faction_maelstrom"
			},
			"if_action": [{
				"name": "attitude_group_against_entity",
				"attitude": "friendly",
				"tag": "maelstromteam",
				"entity": "player"

			}],
			"else_action": [{
				"name": "attitude_group_against_entity",
				"attitude": "hostile",
				"tag": "maelstromteam",
				"entity": "player"


			}]

		}],
		"else_action": [{
			"name": "if",
			"trigger": {
				"name": "player_current_gang",
				"value": "faction_ncpd"
			},
			"if_action": [{
				"name": "attitude_group_against_entity",
				"attitude": "friendly",
				"tag": "ncpdteam",
				"entity": "player"

			}],
			"else_action": [{
				"name": "attitude_group_against_entity",
				"attitude": "hostile",
				"tag": "ncpdteam",
				"entity": "player"


			}]
		}]
	}, {
		"name": "wait_for_trigger",
		"trigger": {
			"name": "testFor",
			"triggers": [{
				"name": "killed_group",
				"tag": "ncpdteam"
			}, {
				"name": "killed_group",
				"tag": "maelstromteam"
			}],
			"logic": "or",
			"helper": "This trigger will be triggered when all of the trigger are triggered by the logic you choose."
		}

	}, {
		"name": "if",
		"trigger": {
			"name": "killed_group",
			"tag": "ncpdteam"
		},
		"if_action": [{
			"name": "add_gang_currentdistrict_score",
			"faction": "faction_maelstrom",
			"value": 5
		}, {
			"name": "remove_gang_currentdistrict_score",
			"faction": "faction_ncpd",
			"value": -5
		}, {
			"name": "add_gang_currentsubdistrict_score",
			"faction": "faction_maelstrom",
			"value": 5
		}, {
			"name": "remove_gang_currentsubdistrict_score",
			"faction": "faction_ncpd",
			"value": -5
		}, {
			"name": "gang_affinity",
			"value": "faction_maelstrom",
			"score": 5
		}, {
			"name": "gang_affinity",
			"value": "faction_ncpd",
			"score": -5


		}],
		"else_action": [{
				"name": "add_gang_currentdistrict_score",
				"faction": "faction_ncpd",
				"value": 5
			}, {
				"name": "remove_gang_currentdistrict_score",
				"faction": "faction_maelstrom",
				"value": -5
			}, {
				"name": "add_gang_currentsubdistrict_score",
				"faction": "faction_ncpd",
				"value": 8
			}, {
				"name": "remove_gang_currentsubdistrict_score",
				"faction": "faction_maelstrom",
				"value": -8
			}, {
				"name": "gang_affinity",
				"value": "faction_ncpd",
				"score": 5
			}, {
				"name": "gang_affinity",
				"value": "faction_maelstrom",
				"score": -5
			}

		]
	}, {
		"name": "wait_second",
		"value": 10
	}, {
		"name": "despawn_group",
		"tag": "maelstromteam"
	}, {
		"name": "despawn_group",
		"tag": "ncpdteam"
	}, {
		"name": "wait_second",
		"value": 1
	}, {
		"name": "remove_group",
		"tag": "ncpdteam"
	}, {
		"name": "remove_group",
		"tag": "maelstromteam"
	}, {

		"name": "clean_thread",
		"tag": "dnc_districtmanager"
	}]
}