{
	"action": [{



		"name": "spawn_vehicule_v2",
		"tag": "patrolcar",
		"spawnlevel": 36,
		"appearance": "none",
		"spawn_system": 1,


		"group": "patroller",
		"create_group_if_not_exist": true,

		"source": "vehicle",
		"source_helper": "vehicle||faction||current_district_leader||current_subdistrict_leader||district_leader||subdistrict_leader||random||from_list",
		"source_tag": "Vehicle.mq026_maelstrom_car",
		"source_list": ["Vehicle.cs_savable_archer_hella_police_siren"],
		"source_tag_helper": "Vehicle.cs_savable_archer_hella_police_siren||faction_mox||district_westbrook||NorthOaks",

		"source_use_rival": false,

		"position": "poi",
		"position_helper": "at||relative||node||current_node||poi||mappin||fasttravel||current_fasttravel||custom_place||custom_room||current_custom_place||current_custom_room",

		"position_tag": "",
		"position_way": "normal",
		"position_tag_helper": "judy01||playerhouse01||playerhouse_bed||",
		"position_way_helper": "normal||behind||forward",


		"position_poi_district": "Watson",
		"position_poi_subdistrict": "Northside",
		"position_poi_is_for_car": false,
		"position_poi_from_position": true,
		"position_poi_use_location_tag": false,
		"position_poi_range": 50,
		"position_poi_type": 2,



		"position_distance": 5,

		"position_house_way": "default",

		"position_house_way_helper": "default||enter||exit",
		"position_house_tag": "playerhouse01",

		"position_node_current_detection_range": 70,
		"position_node_usegameplay": false,

		"x": 0,
		"y": 0,
		"z": 0,

		"amount": 1,
		"isAV": false,
		"appears_from_behind": false
	}, {
		"name": "wait_second",
		"value": 1
	}, {
		"name": "vehicle_change_engine",
		"value": "on",
		"tag": "patrolcar"
	}, {
		"name": "wait_second",
		"value": 1
	}, {
		"name": "spawn_npc",
		"tag": "goon",
		"spawnlevel": 36,
		"use_police_prevention_system": true,
		"group": "patroller",
		"appearance": "none",
		"create_group_if_not_exist": false,
		"source": "faction",
		"source_helper": "npc||current_star||faction||current_district_leader||current_subdistrict_leader||district_leader||subdistrict_leader||random||from_list",

		"source_tag": "faction_maelstrom",
		"source_tag_helper": "Character.Judy||faction_mox||district_westbrook||NorthOaks",
		"source_list": ["Character.Judy"],
		"source_use_vip": false,
		"source_use_rival": false,

		"position": "relative_to_entity",
		"position_helper": "at||relative_to_entity||node||current_node||poi||mappin||fasttravel||current_fasttravel||custom_place||custom_room||current_custom_place||current_custom_room",

		"position_tag": "patrolcar",
		"position_tag_helper": "judy01||playerhouse01||playerhouse_bed||",

		"position_way": "normal",
		"position_way_helper": "normal||behind||forward",



		"position_poi_district": "",
		"position_poi_subdistrict": "",
		"position_poi_is_for_car": false,
		"position_poi_from_position": false,
		"position_poi_use_location_tag": false,
		"position_poi_range": 50,
		"position_poi_type": 2,


		"position_distance": 1,

		"position_house_way": "default||enter||exit",

		"position_house_tag": "playerhouse01",

		"position_node_current_detection_range": 70,
		"position_node_usegameplay": false,
		"x": 6,
		"y": -3,
		"z": 0,
		"amount": 1,
		"help": "This action will summon a custom npc with several custom parameter ",
		"helper": "This action will summon a custom npc with several custom parameter ",
		"helperTitle": "Entity : Spawn NPC"
	}, {
		"name": "wait_second",
		"value": 3
	}, {
		"name": "move_entity_at_entity_relative",
		"entity": "patrolcar",
		"x": -2,
		"y": 0,
		"z": 0,
		"move": "Sprint",
		"tag": "goon"
	}, {
		"name": "wait_second",
		"value": 3
	}, {



		"name": "entity_set_seat",
		"tag": "goon",
		"vehicle": "patrolcar",
		"waitforsit": true,
		"seat": "seat_front_left"

	}, {
		"name": "wait_second",
		"value": 2
	}, {

		"name": "wait_for_trigger",
		"trigger": {
			"name": "player_in_poi",
			"tag":"",
			"district":"Watson",
			"subdistrict":"Northside",
			"iscar":false,
			"type": 2,
			"uselocationtag":false,
			"range": 30,
		}
	}, {
		"name": "vehicle_follow_entity",
		"tag": "player",
		"vehicle": "patrolcar"
	}, {
		"name": "attitude_entity_against_entity",
		"tag": "goon",
		"entity": "player",
		"attitude": "hostile"



	}],
	"name": "Patroller_northside",
	"tag": "Patroller_northside"
}