{
	"name": "Roamer npc",
	"tag": "Roamernpc",


	"action": [{
			"name": "spawn_npc",
			"tag": "walker",
			"spawnlevel": 25,
			"use_police_prevention_system": true,
			"group": "",
			"appeareance": "none",
			"create_group_if_not_exist": false,
			"source": "current_subdistrict_leader",
			"source_helper": "npc||current_star||faction||current_district_leader||current_subdistrict_leader||district_leader||subdistrict_leader||random||from_list",

			"source_tag": "",
			"source_tag_helper": "Character.Judy||faction_mox||district_westbrook||NorthOaks",
			"source_list": ["Character.Judy"],
			"source_use_vip": false,
			"source_use_rival": false,

			"position": "poi",
			"position_helper": "at||relative_to_entity||node||current_node||poi||mappin||fasttravel||current_fasttravel||custom_place||custom_room||current_custom_place||current_custom_room",

			"position_tag": "",
			"position_tag_helper": "judy01||playerhouse01||playerhouse_bed||",

			"position_way": "normal",
			"position_way_helper": "normal||behind||forward",



			"position_poi_district": "",
			"position_poi_subdistrict": "",
			"position_poi_is_for_car": false,
			"position_poi_from_position": true,
			"position_poi_use_location_tag": false,
			"position_poi_range": 20,
			"position_poi_type": 3,


			"position_distance": 0,

			"position_house_way": "default||enter||exit",

			"position_house_tag": "playerhouse01",

			"position_node_current_detection_range": 70,
			"position_node_usegameplay": false,
			"x": 0,
			"y": 0,
			"z": 0.5,
			"amount": 1,
			"help": "This action will summon a custom npc with several custom parameter ",
			"helper": "This action will summon a custom npc with several custom parameter ",
			"helperTitle": "Entity : Spawn NPC"
		}, {

			"name": "wait_second",
			"value": 2
		}, {
			


			"name": "move_entity_at_entity_relative",
			"entity": "player",
			"x": 1.5,
			"y": 4,
			"z": 0,
			"move": "Walk",
			"tag": "walker",
			"help": "Walk||Run||Sprint"
		},
		{
			"name": "wait_second",
			"value": 2

		}, {
			"name": "look_at_entity_entity",
			"tag": "walker",
			"entity": "player"
		}, {

			"name": "wait_for_trigger",
			"trigger": {
				"name": "entity_looked_is_gangfriendly"
			}
		}, {




			"name": "random_subtitle",
			"title": [
				"Yo, What's up V?",
				"Hey, V! good to see you around.",
				"Oh it's V! Find any 'friends' nearby?",
				"Good to see your Face around here.",
				"Ah it's V, Nice seein' you around here.",
				"Fancy Seeing You over Here.",
				"Stay Strapped and Safe out Here, V."


			],
			"type": 2,
			"target": "player",
			"speaker": "Gang Member",
			"duration": 3

		}, {

			"name": "random_subtitle",
			"title": [
				"Glad to see You, too.",
				"Stay safe out here.",
				"Now I'll know who to run to when I get jumped, Hey!",
				"Nice to see you, as well.",
				"Oh hey! Hope there isn't trouble nearby.",
				"You must've scared your enemies off if you're here.",
				" Ah, What's up, How's it goin'?",
				"Fancy seeing you here, too.",
				"Hey! What's happenin'.",
				"Catch ya later, Gotta get somewhere.",
				"Hope to see you around again, Take care."

			],
			"type": 2,
			"target": "walker",
			"speaker": "V",
			"duration": 4
		}, {
			"name": "move_entity_at_entity_relative",
			"entity": "player",
			"x": -5.5,
			"y": -8,
			"z": 0,
			"move": "Walk",
			"tag": "walker",
			"help": "Walk||Run||Sprint"
		},
		{

			"name": "wait_second",
			"value": 30
		}, {

			"name": "despawn_entity",
			"tag": "walker"
		}, {
			
			"name": "clean_thread",
			"tag": "dnc_districtmanager"


		}
	],
	"helper": "This action will check an trigger and execute IF actions if the trigger is OK or ELSE action if the trigger is not OK",
	"helperTitle": "Logic : If"











}