{
	"name": "Westbrook_dnc",
	"tag": "Westbrook_dnc",
	"action": [{
		"name": "wait_for_trigger",
		"trigger": {
			"name": "testFor",
			"triggers": [{
				"name": "compare",
				"trigger": {
					"name": "time",
					"min": 100,
					"max": 1800
				},
				"expected": true
			}, {
				"name": "compare",
				"trigger": {
					"name": "time",
					"min": 1300,
					"max": 2400
				},
				"expected": true
			}],
			"logic": "or"

		}
	}, {

		"name": "if",
		"trigger": {
			"name": "testFor",
			"triggers": [{
				"name": "time",
				"min": 100,
				"max": 1800

			}, {

				"name": "player_in_poi",
				"tag": "",
				"district": "Westbrook",
				"subdistrict": "JapanTown",
				"iscar": false,
				"type": 3,
				"uselocationtag": false,
				"range": 50
			}],
			"logic": "and"
		},
		"if_action": [{
			"name": "do_random_function",
			"funcs": ["Roamernpc", "nothing"],
			"parallele": false,
			"applyto": ""
		}],
		"else_action": [{
			"name": "nothing"
		}]


	}, {

		"name": "if",
		"trigger": {
			"name": "testFor",
			"triggers": [{
				"name": "time",
				"min": 100,
				"max": 2400

			}, {

				"name": "player_in_poi",
				"tag": "",
				"district": "Westbrook",
				"subdistrict": "JapanTown",
				"iscar": false,
				"type": 2,
				"uselocationtag": false,
				"range": 50
			}],
			"logic": "and"
		},
		"if_action": [{
			"name": "do_random_function",
			"funcs": ["GangFight",  "ambush_westbrook_tygers"],
			"parallele": false,
			"applyto": ""
		}],
		"else_action": [{
			"name": "nothing"
		}]

	}, {
		"name": "if",
		"trigger": {
			"name": "testFor",
			"triggers": [{
				"name": "time",
				"min": 1500,
				"max": 2400

			}, {

				"name": "player_in_poi",
				"tag": "",
				"district": "Westbrook",
				"subdistrict": "JapanTown",
				"iscar": false,
				"type": 2,
				"uselocationtag": false,
				"range": 50
			}],
			"logic": "and"
		},
		"if_action": [{
			"name": "do_random_function",
			"funcs": ["GangWar", "GangFight",   "maxtac010"],
			"parallele": false,
			"applyto": ""
		}],
		"else_action": [{
			"name": "nothing"
		}]
	}, {
		"name": "if",
		"trigger": {
			"name": "testFor",
			"triggers": [{
				"name": "time",
				"min": 1200,
				"max": 2400

			}, {

				"name": "player_in_poi",
				"tag": "",
				"district": "Westbrook",
				"subdistrict": "JapanTown",
				"iscar": true,
				"type": 2,
				"uselocationtag": false,
				"range": 60
			}],
			"logic": "and"
		},
		"if_action": [{
			"name": "do_function",
			"value": "carbush",
			"parallele": false,
			"applyto": ""
		}],
		"else_action": [{
			"name": "nothing"
		}]

	}]
}