{
	"title": "Places of Night City",
	"description": "Few manually made spots you can either just visit, or purchase via using the Interact group for this datapack. To Purchase a property that is already made, use your cycle interact key to find Datapack group menu UI. You would then select this Datapack's name, then use your cycle interact key again to find the prompt to open place menu to buy the place. Once bought, you can start a business in it or place bought housing items within. We reccomend using the Editor to place items. It has a much more accessibility when spawning and placing objects within your new place. Also use editor to make your own spots too.",




	"tag": "places",
	"locked": false,
	"crypted": false,
	"new": true


}