{
    "name": "Crews Of Night City",
    "desc": " Read the Shard for Further Clarification: Recruit Friends/Characters from the various factions throughout Night City to make your own Crew. To do this you must be Friendly with with that Faction via Affinity, and go to fixers associated with that faction.",
    "author": "RedRock Studio",
    "file": "Crews Of Night City.zip",
    "tag": "Crews Of Night City",
    "version": "1.0.1",
    "isessential": false,
	"branch":"beta",
	"requirement":"1.0.14",
 "flags":[]
	}
