{
	"title":"Subscribe TraumaTeam Membership",
	"tag":"trauma_membership_ui",
	"width":500,
	"heigh":500,
	"x":200,
	"y":200,
	
	"controls":
	[	
		
		
		
		
		
		
		
		
		
		
		
		
		
		
		{	
			"type":"label",
			"tag":"myscoreNo_label",
			"margin":{
				"left":450
			},
			"style":{
				"fontsize":50
			},
			"trigger":
			{
				"nomember":
					{
						"name": "custom_condition",
						"value": "trauma_membership",
						"score": 0,
						"helper": "This trigger will be triggered when the custom score (value) have reach the score",
						"helperTitle": "Score : Custom Score"
					}
				
			},
			"requirement":[["nomember"]],
			"value":
			{
				"type":"text",
				"value":"Your current plan : No Membership"
			}
		},
		
		
		
		{	
			"type":"label",
			"tag":"myscore1_label",
			"margin":{
				"left":450
			},
			"style":{
				"fontsize":50
			},
			"trigger":
			{
				"nomember":
					{
						"name": "custom_condition",
						"value": "trauma_membership",
						"score": 1,
						"helper": "This trigger will be triggered when the custom score (value) have reach the score",
						"helperTitle": "Score : Custom Score"
					}
				
			},
			"requirement":[["nomember"]],
			"value":
			{
				"type":"text",
				"value":"Your current plan : Plan 01"
			}
		},
	
		{	
			"type":"label",
			"tag":"myscore2_label",
			"margin":{
					"left":450
			},
			"style":{
				"fontsize":50
			},
			"trigger":
			{
				"nomember":
					{
						"name": "custom_condition",
						"value": "trauma_membership",
						"score": 2,
						"helper": "This trigger will be triggered when the custom score (value) have reach the score",
						"helperTitle": "Score : Custom Score"
					}
				
			},
			"requirement":[["nomember"]],
			"value":
			{
				"type":"text",
				"value":"Your current plan : Plan 02"
			}
		},
	
		{	
			"type":"label",
			"tag":"myscore3_label",
			"margin":{
				"left":450
			},
			"style":{
				"fontsize":50
			},
			"trigger":
			{
				"nomember":
					{
						"name": "custom_condition",
						"value": "trauma_membership",
						"score": 3,
						"helper": "This trigger will be triggered when the custom score (value) have reach the score",
						"helperTitle": "Score : Custom Score"
					}
				
			},
			"requirement":[["nomember"]],
			"value":
			{
				"type":"text",
				"value":"Your current plan : Plan 03"
			}
		},
		
		
		
		
		
	
		
		
		
		
		
		
		
		
		
		
		
		
		
		
		{	
			"type":"label",
			"tag":"membership01_label00",
			"margin":{
				"left":600,
				"top":100
			},
			"style":{
				"fontsize":40
			},
			"trigger":
			{
				"auto":
				{
					"name":"auto"
				}
				
			},
			"requirement":[["auto"]],
			"value":
			{
				"type":"text",
				"value":"Plan 1 (25000$)"
			}
		},
		{	
			"type":"label",
			"tag":"membership01_label01",
			"margin":{
				"left":600,
				"top":150
			},
			"style":{
				"fontsize":30
			},
			"trigger":
			{
				"auto":
				{
					"name":"auto"
				}
				
			},
			"requirement":[["auto"]],
			"value":
			{
				"type":"text",
				"value":"Trauma Team comes help to you when your health is under 120."
			}
		},
		{	
			"type":"label",
			"tag":"membership01_label02",
			"margin":{
				"left":600,
				"top":190
			},
			"style":{
				"fontsize":30
			},
			"trigger":
			{
				"auto":
				{
					"name":"auto"
				}
				
			},
			"requirement":[["auto"]],
			"value":
			{
				"type":"text",
				"value":" If you are outside, our team comes to take you to med center in 20 second."
			}
		},
		
		{	
			"type":"label",
			"tag":"membership01_label2",
			"margin":{
				"left":600,
				"top":220
			},
			"style":{
				"fontsize":30
			},
			"trigger":
			{
				"auto":
				{
					"name":"auto"
				}
				
			},
			"requirement":[["auto"]],
			"value":
			{
				"type":"text",
				"value":"If you are inside, our team (1 soldier) comes to help you in 20 second."
			}
		},
		
	
		
	
		
		
		
		
		
		
		
		
		
		{	
			"type":"label",
			"tag":"membership02_label00",
			"margin":{
				"left":600,
				"top":300
			},
			"style":{
				"fontsize":40
			},
			"trigger":
			{
				"auto":
				{
					"name":"auto"
				}
				
			},
			"requirement":[["auto"]],
			"value":
			{
				"type":"text",
				"value":"Plan 2 (50000$)"
			}
		},
		{	
			"type":"label",
			"tag":"membership02_label01",
			"margin":{
				"left":600,
				"top":350
			},
			"style":{
				"fontsize":30
			},
			"trigger":
			{
				"auto":
				{
					"name":"auto"
				}
				
			},
			"requirement":[["auto"]],
			"value":
			{
				"type":"text",
				"value":"Trauma Team comes help to you when your health is under 120. "
			}
		},
		{	
			"type":"label",
			"tag":"membership02_label02",
			"margin":{
				"left":600,
				"top":390
			},
			"style":{
				"fontsize":30
			},
			"trigger":
			{
				"auto":
				{
					"name":"auto"
				}
				
			},
			"requirement":[["auto"]],
			"value":
			{
				"type":"text",
				"value":"If you are outside, our team comes to take you to med center in 7 second."
			}
		},
	
		
		
		
		{	
			"type":"label",
			"tag":"membership02_label2",
			"margin":{
				"left":600,
				"top":420
			},
			"style":{
				"fontsize":30
			},
			"trigger":
			{
				"auto":
				{
					"name":"auto"
				}
				
			},
			"requirement":[["auto"]],
			"value":
			{
				"type":"text",
				"value":"If you are inside, our team (2 soldier) comes to help you in 7 second."
			}
		},
		
	
	
		
	
		
		
		
		
		
		
		
		
		
		
		
		{	
			"type":"label",
			"tag":"membership03_label00",
			"margin":{
			"left":600,
				"top":500
			},
			"style":{
				"fontsize":40
			},
			"trigger":
			{
				"auto":
				{
					"name":"auto"
				}
				
			},
			"requirement":[["auto"]],
			"value":
			{
				"type":"text",
				"value":"Plan 3 (100000$)"
			}
		},
		{	
			"type":"label",
			"tag":"membership03_label01",
			"margin":{
				"left":600,
				"top":550
			},
			"style":{
				"fontsize":30
			},
			"trigger":
			{
				"auto":
				{
					"name":"auto"
				}
				
			},
			"requirement":[["auto"]],
			"value":
			{
				"type":"text",
				"value":"Trauma Team comes to help you when your health is under 120."
			}
		},
		{	
			"type":"label",
			"tag":"membership03_label02",
			"margin":{
				"left":600,
				"top":590
			},
			"style":{
				"fontsize":30
			},
			"trigger":
			{
				"auto":
				{
					"name":"auto"
				}
				
			},
			"requirement":[["auto"]],
			"value":
			{
				"type":"text",
				"value":"If you are outside, our team comes to take you to med center in 3 second."
			}
		},
		
		
		
		
		{	
			"type":"label",
			"tag":"membership03_label2",
			"margin":{
				"left":600,
				"top":620
			},
			"style":{
				"fontsize":30
			},
			"trigger":
			{
				"auto":
				{
					"name":"auto"
				}
				
			},
			"requirement":[["auto"]],
			"value":
			{
				"type":"text",
				"value":"If you are inside, our team (4 soldier) comes to help you in 3 second."
			}
		},
		
		
		
		
		
		
		
		
		
		
		
		
		
		
		
		
		
		
		
		
		
		
		
		
		
		
		
		
		
		
		
		
		
		
		
		
		
		
		{	
			"type":"button",
			"title":"Subscribe Plan 01",
			"tag":"membership01_btn",
		
			"style":{
				"fontsize":35,
				"width":400,
				"height":100
			},
			
			"margin":{
				"left":300,
				"top":150
			},
			
			"trigger":
			{
				
				"money":
				{
					"name": "money",
					"value": 25000,
					"helper": "This trigger will be triggered when you have enough money",
					"helperTitle": "Money : Have enough"
				}
				
			},
			"requirement":[["money"]],
			"action":
			[	
				{
					"name": "remove_money",
					"value": 12500,
					"helper": "This action will make remove an amount of money",
					"helperTitle": "Money : Remove Money"
				},
				{
					"name": "change_custom_score",
					"variable": "trauma_membership",
					"score": 1,
					"helper": "This action will change the value of an custom score",
					"helperTitle": "Score :  change the value of an custom score"
				},
				{
						"name":"close_interface"
				},
				{
					"name": "phone_notification",
					"title": "Trauma Team Service",
					"desc": "Plan 01 subscribed",
					"duration": 5,
					"helper": "This action will make display an phone message notification",
					"helperTitle": "UI : Phone Notification"
				}	
			]
		},
		
		{	
			"type":"button",
			"title":"Subscribe Plan 02",
			"tag":"membership02_btn",
			"margin":{
				"left":300,
				"top":350
			},
			"style":{
				"fontsize":35,
				"width":400,
				"height":100
			},
			"trigger":
			{
				
				"money":
				{
					"name": "money",
					"value": 25000,
					"helper": "This trigger will be triggered when you have enough money",
					"helperTitle": "Money : Have enough"
				}
				
			},
			"requirement":[["money"]],
			"action":
			[
				{
					"name": "remove_money",
					"value": 50000,
					"helper": "This action will make remove an amount of money",
					"helperTitle": "Money : Remove Money"
				},
				{
					"name": "change_custom_score",
					"variable": "trauma_membership",
					"score": 2,
					"helper": "This action will change the value of an custom score",
					"helperTitle": "Score :  change the value of an custom score"
				},
				{
						"name":"close_interface"
				},
				{
					"name": "phone_notification",
					"title": "Trauma Team Service",
					"desc": "Plan 02 subscribed",
					"duration": 5,
					"helper": "This action will make display an phone message notification",
					"helperTitle": "UI : Phone Notification"
				}	
			]
		},
		
		{	
			"type":"button",
			"title":"Subscribe Plan 03",
			"tag":"membership03_btn",
			"margin":{
				"left":300,
				"top":550
			},
			"style":{
				"fontsize":35,
				"width":400,
				"height":100
			},
			"trigger":
			{
				
				"money":
				{
					"name": "money",
					"value": 50000,
					"helper": "This trigger will be triggered when you have enough money",
					"helperTitle": "Money : Have enough"
				}
				
			},
			"requirement":[["money"]],
			"action":
			[
				{
					"name": "remove_money",
					"value": 100000,
					"helper": "This action will make remove an amount of money",
					"helperTitle": "Money : Remove Money"
				},
				{
					"name": "change_custom_score",
					"variable": "trauma_membership",
					"score": 3,
					"helper": "This action will change the value of an custom score",
					"helperTitle": "Score :  change the value of an custom score"
				},
				{
						"name":"close_interface"
				},
				{
					"name": "phone_notification",
					"title": "Trauma Team Service",
					"desc": "Plan 03 subscribed",
					"duration": 5,
					"helper": "This action will make display an phone message notification",
					"helperTitle": "UI : Phone Notification"
				}
			]
		},
	
		{	
			"type":"button",
			"title":"Refund (half of the price)",
			"tag":"membership_reset_btn",
			"margin":{
				"left":500,
				"top":800
			},
			"style":{
				"fontsize":35,
				"width":800,
				"height":100
			},
			"trigger":
			{
				
				"auto":
				{
					"name": "auto"
				}
				
			},
			"requirement":[["auto"]],
			"action":
			[		
					{
						"name": "if",
						"trigger": 	{
							"name": "custom_condition",
							"value": "trauma_membership",
							"score": 1,
							"helper": "This trigger will be triggered when the custom score (value) have reach the score",
							"helperTitle": "Score : Custom Score"
						},
						"if_action": [
							{
								"name": "give_money",
								"value": 12500,
								"helper": "This action will make remove an amount of money",
								"helperTitle": "Money : Remove Money"
							}
						],
						"else_action": [
							{
								"name": "nothing",
								"value": "False"
							}
						],
						"helper": "This action will check an trigger and execute IF actions if the trigger is OK or ELSE action if the trigger is not OK",
						"helperTitle": "Logic : If"
					},
					
					{
						"name": "if",
						"trigger": 	{
							"name": "custom_condition",
							"value": "trauma_membership",
							"score": 2,
							"helper": "This trigger will be triggered when the custom score (value) have reach the score",
							"helperTitle": "Score : Custom Score"
						},
						"if_action": [
							{
								"name": "give_money",
								"value": 25000,
								"helper": "This action will make remove an amount of money",
								"helperTitle": "Money : Remove Money"
							}
						],
						"else_action": [
							{
								"name": "nothing",
								"value": "False"
							}
						],
						"helper": "This action will check an trigger and execute IF actions if the trigger is OK or ELSE action if the trigger is not OK",
						"helperTitle": "Logic : If"
					},
					
					{
						"name": "if",
						"trigger": 	{
							"name": "custom_condition",
							"value": "trauma_membership",
							"score": 3,
							"helper": "This trigger will be triggered when the custom score (value) have reach the score",
							"helperTitle": "Score : Custom Score"
						},
						"if_action": [
							{
								"name": "give_money",
								"value": 50000,
								"helper": "This action will make remove an amount of money",
								"helperTitle": "Money : Remove Money"
							}
						],
						"else_action": [
							{
								"name": "nothing",
								"value": "False"
							}
						],
						"helper": "This action will check an trigger and execute IF actions if the trigger is OK or ELSE action if the trigger is not OK",
						"helperTitle": "Logic : If"
					},
				
				
				
				{
					"name": "change_custom_score",
					"variable": "trauma_membership",
					"score": 0,
					"helper": "This action will change the value of an custom score",
					"helperTitle": "Score :  change the value of an custom score"
				},
				{
						"name":"close_interface"
				},
				{
					"name": "phone_notification",
					"title": "Trauma Team Service",
					"desc": "You are refunded",
					"duration": 5,
					"helper": "This action will make display an phone message notification",
					"helperTitle": "UI : Phone Notification"
				}
			]
		}
		
		
		
	]
	
}