{
    "name": "vehmusic_play",
    "tag": "vehmusic_play",
	"way": "world",
    "trigger":
	{
        
		"trigger02":
		{
			"name": "check_score",
			"value": "veh_music",
			"key":"state",
			"score": 1
		},
		"trigger03": 
		{
			"name": "compare",
			"trigger": {
				"name": "soundmanager_isplaying",
				"channel": "music",
				"help": "test if the sound manager mod play currently channel",
				"helper": "This trigger will be triggered when SoundManager Mod specified channel is currently playing",
				"helperTitle": "Sound : Sound manager is playing "
			},
		
		"expected": false,
		"helper": "This trigger will be triggered when the trigger that you set have the same statut that you put in (expected)",
		"helperTitle": "Logic : Compare"
		}
		
	},

	
    
    "requirement": [
        [
            "trigger02","trigger03"
        ]
    ],
    "action": [
		
		 {
			"name": "play_sound_file",
			"value": "default.mp3",
			"channel": "music",
			"datapack": "Special Vehicule Music",
			"volume": 100,
			"help": "Use Sound Manager Mod to play a sound file in the channel (sound, music or env)",
			"helper": "This action will Use Sound Manager Mod to play a sound file in the channel (sound, music or env) ",
			"helperTitle": "Sound : Play file",
			"context": [
				{
					
					"trigger": {
						"kusanagi": {
							"name": "in_car_specific",
							"value": "kusanagi",
							"helper": "This trigger will be triggered when you are in an specific car that name contains the value",
							"helperTitle": "Player : In a specific car"
						}

					},
					"requirement": [["kusanagi"]],
					"prop": 
					{
					
						"value": {
							"text": "##musicname",
							"values":{
								"scoretoput": {
									"type": "text",
									"value": "akira.mp3"
								}

							}
						
						}
					}
				},
				{
					
					"trigger": {
						
						"in_av": {
							"name": "player_is_in_av",
							"helper": "This trigger will be triggered when you are in an specific car that name contains the value",
							"helperTitle": "Player : In a specific car"
						}

					},
					"requirement": [["in_av"]],
					"prop": 
					{
					
						"value": {
							"text": "##musicname",
							"values":{
								"scoretoput": {
									"type": "text",
									"value": "bladetraffic1.mp3"
								}

							}
						
						}
					}
				},
				{
					
					"trigger": {
						
						"in_av": {
							"name": "player_is_in_av",
							"helper": "This trigger will be triggered when you are in an specific car that name contains the value",
							"helperTitle": "Player : In a specific car"
						},
						"caliburn":{
							"name": "in_car_specific",
							"value": "caliburn",
							"helper": "This trigger will be triggered when you are in an specific car that name contains the value",
							"helperTitle": "Player : In a specific car"
						},

					},
					"requirement": [["caliburn","in_av"]],
					"prop": 
					{
					
						"value": {
							"text": "##musicname",
							"values":{
								"scoretoput": {
									"type": "text",
									"value": "bttf.mp3"
								}

							}
						
						}
					}
				}
			]
		},
		{
			"name":"consolelog"
			"value":"Playing default.mp3",
			"context": [
				{
					
					"trigger": {
						"kusanagi": {
							"name": "in_car_specific",
							"value": "kusanagi",
							"helper": "This trigger will be triggered when you are in an specific car that name contains the value",
							"helperTitle": "Player : In a specific car"
						}

					},
					"requirement": [["kusanagi"]],
					"prop": 
					{
					
						"value": {
							"text": "Playing ##musicname",
							"values":{
								"scoretoput": {
									"type": "text",
									"value": "akira.mp3"
								}

							}
						
						}
					}
				},
				{
					
					"trigger": {
						
						"in_av": {
							"name": "player_is_in_av",
							"helper": "This trigger will be triggered when you are in an specific car that name contains the value",
							"helperTitle": "Player : In a specific car"
						}

					},
					"requirement": [["in_av"]],
					"prop": 
					{
					
						"value": {
							"text": "Playing ##musicname",
							"values":{
								"scoretoput": {
									"type": "text",
									"value": "bladetraffic1.mp3"
								}

							}
						
						}
					}
				},
				{
					
					"trigger": {
						
						"in_av": {
							"name": "player_is_in_av",
							"helper": "This trigger will be triggered when you are in an specific car that name contains the value",
							"helperTitle": "Player : In a specific car"
						},
						"caliburn":{
							"name": "in_car_specific",
							"value": "caliburn",
							"helper": "This trigger will be triggered when you are in an specific car that name contains the value",
							"helperTitle": "Player : In a specific car"
						},

					},
					"requirement": [["caliburn","in_av"]],
					"prop": 
					{
					
						"value": {
							"text": "Playing ##musicname",
							"values":{
								"scoretoput": {
									"type": "text",
									"value": "bttf.mp3"
								}

							}
						
						}
					}
				}
			]
		},
		{
			"name": "setGameVolume",
			"value": "MusicVolume",
			"score": 0,
			"help": "edit the game setting volume (MasterVolume/SfxVolume/DialogueVolume/MusicVolume/CarRadioVolume)",
			"helper": "This action will edit the game setting volume (MasterVolume/SfxVolume/DialogueVolume/MusicVolume/CarRadioVolume)",
			"helperTitle": "Sound : Set Game Volume"
		},
		{
			"name": "setGameVolume",
			"value": "CarRadioVolume",
			"score": 0,
			"help": "edit the game setting volume (MasterVolume/SfxVolume/DialogueVolume/MusicVolume/CarRadioVolume)",
			"helper": "This action will edit the game setting volume (MasterVolume/SfxVolume/DialogueVolume/MusicVolume/CarRadioVolume)",
			"helperTitle": "Sound : Set Game Volume"
		}	
    ]
}