{
    "name": "vehmusic_launch",
    "tag": "vehmusic_launch",
	"way": "world",
    "trigger": {
        
		"trigger02":
		{
			"name": "check_score",
			"value": "veh_music",
			"key":"state",
			"score": 0,
			"helper": "This trigger will be triggered when the custom score (value) have reach the score",
			"helperTitle": "Score : Custom Score"
		}
	},
    
    "requirement": [
        [
            "trigger02"
        ]
    ],
    "action": [
		
		{
			"name": "set_score",
			"value": "veh_music",
			"key":"state",
			"score": 0,
			"helper": "This action will change the value of an custom score",
			"helperTitle": "Score :  change the value of an custom score",
			"context": [
				{
					
					"trigger": {
						"kusanagi": {
							"name": "in_car_specific",
							"value": "kusanagi",
							"helper": "This trigger will be triggered when you are in an specific car that name contains the value",
							"helperTitle": "Player : In a specific car"
						},
						"in_av": {
							"name": "player_is_in_av",
							"helper": "This trigger will be triggered when you are in an specific car that name contains the value",
							"helperTitle": "Player : In a specific car"
						},
						"caliburn":{
							"name": "in_car_specific",
							"value": "caliburn",
							"helper": "This trigger will be triggered when you are in an specific car that name contains the value",
							"helperTitle": "Player : In a specific car"
						},

					},
					"requirement": [["kusanagi"],["in_av"],["caliburn","in_av"]],
					"prop": 
					{
					
						"score": {
							"text": "##scoretoput",
							"values":{
								"scoretoput": {
									"type": "number",
									"value": 1
								}

							}
						
						}
					}
				}
			]
			
		}
    ]
}