{
    "name": "init_leah",
    "tag": "init_leah",
	"way": "init",
    "trigger": {
        "trigger01": {
		"name": "compare",
		"trigger": {
			"name": "custom_condition_higher_or_equals",
			"tag": "joytoy_reput",
			"score":-99999999999999
		},
		"expected": false,
		"helper": "This trigger will be triggered when the trigger that you set have the same statut that you put in (expected)",
		"helperTitle": "Logic : Compare"
	},
    },
    "requirement": [
        [
            "trigger01"
        ]
    ],
    "action": [
		
		{
		"name": "change_custom_condition",
		"value": "joytoy_reput",
		"score": 0,
		"helper": "This action will change the value of an custom score",
		"helperTitle": "Score :  change the value of an custom score"
		},
		{
		"name": "change_custom_condition",
		"value": "joytoy_action",
		"score": 0,
		"helper": "This action will change the value of an custom score",
		"helperTitle": "Score :  change the value of an custom score"
		},
		{
		"name": "change_custom_condition",
		"value": "joytoy_orientation",
		"score": 2,
		"helper": "This action will change the value of an custom score",
		"helperTitle": "Score :  change the value of an custom score"
		}
    ]
}