[

	{
        "Desc": "What do you want to do?",
        "speaker": {
			"value": "any",
            "way": "phone"
        },

        "Tag": "worldlife_option_0",

        "trigger": {},
        "requirement": [],

        "options": [
		
		{
                "Description": "Invite them to do something",
                "action": [
				
					{
						"name": "dialog",
						"dialog": "worldlife_option_1",
						"helper": "This action will fire an dialog if his requirements are good",
						"helperTitle": "Dialog : run an dialog"
					}
								

                ],
                "trigger": {
                    "auto": {
                        "name": "auto"
                    }
                },
                "requirement": [["auto"]]
		},
		{
                "Description": "Let's talk",
                "action": [
				
					{
						"name": "dialog",
						"dialog": "relationship_01",
						"helper": "This action will fire an dialog if his requirements are good",
						"helperTitle": "Dialog : run an dialog"
					}
								

                ],
                "trigger": {
                    "auto": {
                        "name": "auto"
                    }
                },
                "requirement": [["auto"]]
		}
        ]
    }
	
]
