[

	{
        "Desc": "What do you want to do?",
        "speaker": {
			"value": "any",
            "way": "phone"
        },

        "Tag": "worldlife_option_1",
		"trigger": {
                    "auto": {
                        "name": "auto"
                    }
		},
		"requirement": [["auto"]],

        "options": [
		{
                "Description": "Let's meet",
                "action": [
				
				{
				
					"name": "subtitle",
					"title": "Sure ! Let me share my Location with you!",
					"type": 1,
					"target": "player",
					"speaker": "current_phone_npc",
					"duration": 3,
					"helper": "This action will fire an subtitle, it act live wait for second",
					"helperTitle": "Dialog : run an subtitle"
				},
				
				{
                    "name": "set_current_star"
				},
				
				{
					"name": "do_event",
					"value": "current_star_lets_meet",
					"help": "do an event",
					"helper": "This action will fire an custom event ",
					"helperTitle": "Event : Do an event"
				}
				

                ],
                "trigger": {
                    "star_affinity": {
						"name": "npc_star_affinity",
						"value": 5,
						"helper": "This trigger will be triggered when you have enough affinity with the npc you have ask to join you ",
						"helperTitle": "NPC : the invited one have enough affinity"
					}
                },
                "requirement": [["star_affinity"]]
		},
		{
                "Description": "Join me now.",
                "action": [
				
				{
				
					"name": "subtitle",
					"title": "Sure! Hang tight, I'm on my way to you right now.",
					"type": 1,
					"target": "player",
					"speaker": "current_phone_npc",
					"duration": 3,
					"helper": "This action will fire an subtitle, it act live wait for second",
					"helperTitle": "Dialog : run an subtitle"
				},
				{
                    "name": "set_current_star"
				},
				{
					"name": "do_event",
					"value": "current_star_at_player",
					"help": "do an event",
					"helper": "This action will fire an custom event ",
					"helperTitle": "Event : Do an event"
				}
				
                ],
                 "trigger": {
                    "star_affinity": {
						"name": "npc_star_affinity",
						"value": 5,
						"helper": "This trigger will be triggered when you have enough affinity with the npc you have ask to join you ",
						"helperTitle": "NPC : the invited one have enough affinity"
					}
                },
				
                "requirement": [["star_affinity"]]
			}
	
        ]
    }
	
]
