{

	"Name": "VoodooBoys",
	"Logo": "logo_voodooboys",
	"Tag": "faction_voodooboys",
	"AttitudeGroup": [

		"voodooBoys",
		"voodoo",
		"voodooBoys_ow"

	],
	"Rivals": [

		"faction_animals",
		"faction_kangtao"
	],
	"SpawnableNPC": [

		"Character.cvi_voodooboys_grunt1_ranged2_saratoga_wa",
		"Character.cvi_voodooboys_netrunner2_netrunner2_lexington_ma_rare",

		"Character.q110_esc_voodooboys_grunt1_ranged2_saratoga_ma",
		"Character.q110_esc_voodooboys_grunt1_ranged2_sidewinder_wa"

	],
	"SpawnableVehicule": [

		"Vehicle.v_standard2_thorton_galena_voodoo_boys"

	],
	"DistrictTag": "district_pacifica",
	"VIP": [

		{
			"name": "Ertha Ojasama",
			"score": 0
		}, {
			
			
			"name": "Noel Ducael",
			"score": 5
		
		}, {
			"name": "Emilie Massenat",
			"score": 20
		

		}

	]
}