{

	"Name": "Aldecaldos",
	"Logo": "logo_aldecados",
	"Tag": "faction_aldecaldos",
	"AttitudeGroup": [

		"aldecaldos",
		"aldecaldos_ow"

	],
	"Rivals": ["faction_wraith"],
	"SpawnableNPC": [

		"Character.wwd_adelcaldos_grunt1_ranged1_pulsar_ma",
		"Character.adelcaldos_grunt1_ranged1_nova_wa",
		"Character.aldecaldos_grunt2_melee2__ma"

	],
	"SpawnableVehicule": [

		"Vehicle.v_sport2_quadra_type66_nomad"

	],
	"DistrictTag": "district_badland",

	"VIP": [

		{
			"name": "Cassidy",
			"score": 0

		},
		{
			"name": "Carol",
			"score": 5

		},
		{
			"name": "Jake Scooter",
			"score": 5

		},
		{
			"name": "Teddy Simos",
			"score": 10

		},
		{
			"name": "Female Nomad",
			"score": 15

		},
		{
			"name": "Bob",
			"score": 20

		},
		{
			"name": "Mia",
			"score": 20

		},
		{
			"name": "Panam",
			"score": 50
		

		}


	]
}