{

	"Name":"MaxTac",
	"Logo":"ico_district_center_large",
	"Tag": "faction_maxtac",
	"AttitudeGroup":["sq018_maxtac"],
	"Rivals":[
		"faction_aldecaldos",
		"faction_animals",
		"faction_maelstrom",
		"faction_mox",
		"faction_scavengers",
		"faction_sixthstreet",
		"faction_tygerclaws",
		"faction_valentinos",
		"faction_voodooboys",
		"faction_wraith"
		],
	"SpawnableNPC":[
	
	"Character.mq030_max_tac",
	"Character.max_border_guards",
	"Character.max_border_guards_baton",
	"Character.mq030_max_tac_no_combat",
	"Character.q001_maxtac_fem",
	"Character.q001_maxtac_mb"
	],
	"SpawnableVehicule":[
		"Vehicle.q001_barricade_police_cars",
		"Vehicle.v_007_interceptor_police"
			 
		],
	"DistrictTag":"district_watson",
	"VIP":[{
	
		
			"name": "MaxTac Solider",
			"score": 5
		},
		{
			"name": "Melissa Rory",
			"score": 30
		
		
		
		
		
	}]
}