{

	"Name": "Delamain",
	"Logo": "logo_netwatch",
	"Tag": "faction_delamain",
	"AttitudeGroup": ["sq025_delamain_drones"],
	"Rivals": ["faction_kangtao"],
	"SpawnableNPC": [
	
		"Character.CitizenBikerFemale",
		"Character.CitizenBikerMale",
		"Character.CitizenRichFemale",
		"Character.CitizenRichMale",
		"Character.CorpoMan",
		"Character.CorpoManBig",
		"Character.CorpoWomanAfterWork",
		"Character.CorpoWomanCorporat",
		"Character.Grilled_Food_Woman",
		"Character.CreoleMan",
		"Character.CitizenRichMaleDriver",
		"Character.CreoleVendorFemale",
		"Character.CitizenAldecaldosFemale",
		"Character.DefaultNCResidentMale",
		"Character.DefaultNCResidentFemale",
		"Character.HobotownSlackerFemale",
		"Character.HobotownSlackerMale",
		"Character.LowlifeWoman",
		"Character.JunkieMale",
		"Character.JunkieFemale",
		"Character.NightlifeMale",
		"Character.NightlifeMaleBig",
		"Character.NightlifeWoman",
		"Character.ReligiousFemale",
		"Character.ServiceDiningWoman",
		"Character.ServiceDancerFemale",
		"Character.SexworkerFemaleDE",
		"Character.SexworkerFemale"



	],
	"SpawnableVehicule": [
		"Vehicle.v_standard2_villefort_cortes_delamain",
		"Vehicle.q005_delamain_cab_combat",
		"Vehicle.q101_delamain_cab",
		"Vehicle.q108_delamain_cab",
		"Vehicle.sq025_delamain_cab",
		"Vehicle.sq025_delamain_cab_angry",
		"Vehicle.sq025_delamain_cab_deep",
		"Vehicle.sq025_delamain_cab_destro",
		"Vehicle.sq025_delamain_cab_manic",
		"Vehicle.sq025_delamain_cab_mean",
		"Vehicle.sq025_delamain_cab_sad",
		"Vehicle.sq025_delamain_cab_scared",
		"Vehicle.sq025_delamain_cab_suicidal"
	],
	"DistrictTag": ""
}