{

	"Name": "Militech",
	"Logo": "logo_militech",
	"Tag": "faction_militech",
	"AttitudeGroup": [
		"militech",
		"militech_ow"
	],

	"Rivals": [

		"faction_maelstrom",
		"faction_tygerclaws",
		"faction_arasaka",
		"faction_kangtao",
		"faction_afterlife"

	],
	"SpawnableNPC": [

		"Character.bls_se_militech_ranger1_ranged1_saratoga_ma",
		"Character.bls_se_militech_tech_franged2_omaha_ma_rare",
		"Character.cpz_militech_strong_elite_short_range_m_hard",
		"Character.gle_militech_enforcer3_gunner3_HMG_mb_elite",
		"Character.prevention_militech_smg_ma",
		"Character.hil_militech_recon_sniper2_achilles_ma_rare",
		"Character.ina_04_militech_android_android2_ajax_ma"
	],
	"SpawnableVehicule": ["Vehicle.q114_militech_response_car"],
	"DistrictTag": "district_downtown",
	"VIP": [{

		"name": "Meredith Stout",
		"score": 0




	}]
}