{

	"Name": "Scavenger",
	"Logo": "logo_netwatch",
	"Tag": "faction_scavengers",
	"AttitudeGroup": [

		"scavenger",

		"scavenger_ow",
		"kab_05_scavengers"
	],
	"Rivals": [

		"faction_maelstrom"

	],
	"SpawnableNPC": [

		"Character.cvi_scavenger_butcher3_hmelee2_machete_mb_rare",
		"Character.cvi_scavenger_elite3_sniper2_grad_ma",
		"Character.cvi_scavenger_fast3_fmelee3_machete_wa_elite",
		"Character.cvi_scavenger_grunt1_melee1_fists_ma",
		"Character.cvi_scavenger_grunt1_melee1_fists_wa",
		"Character.cvi_scavenger_grunt1_melee1_pipewrench_ma",
		"Character.cvi_scavenger_grunt1_melee1_pipewrench_wa",
		"Character.cvi_scavenger_grunt1_melee1_tireiron_ma",
		"Character.cvi_scavenger_grunt1_ranged1_nova_ma",
		"Character.cvi_scavenger_grunt1_ranged1_nova_wa",
		"Character.cvi_scavenger_grunt1_ranged1_pulsar_ma",
		"Character.cvi_scavenger_grunt1_ranged1_pulsar_wa",
		"Character.cvi_scavenger_grunt1_ranged1_slaughtomatic_ma",
		"Character.cvi_scavenger_grunt1_ranged1_slaughtomatic_wa",
		"Character.cvi_scavenger_grunt2_melee2_pipewrench_ma",
		"Character.cvi_scavenger_grunt2_melee2_pipewrench_wa",
		"Character.cvi_scavenger_grunt2_ranged2_copperhead_ma",
		"Character.cvi_scavenger_grunt2_ranged2_copperhead_wa",
		"Character.cvi_scavenger_grunt2_ranged2_pulsar_ma",
		"Character.cvi_scavenger_grunt2_ranged2_pulsar_wa",
		"Character.cvi_scavenger_grunt3_netrunner2_nova_ma_rare",
		"Character.kab_scavenger_grunt1_melee1_fists_wa",
		"Character.kab_scavenger_grunt1_melee1_pipewrench_ma",
		"Character.kab_scavenger_grunt1_melee1_tireiron_ma",
		"Character.kab_scavenger_grunt1_ranged1_nova_ma",
		"Character.kab_scavenger_grunt1_ranged1_nova_wa",
		"Character.kab_scavenger_grunt1_ranged1_pulsar_ma",
		"Character.kab_scavenger_grunt1_ranged1_pulsar_wa",
		"Character.kab_scavenger_grunt1_ranged1_slaughtomatic_ma",
		"Character.kab_scavenger_grunt2_ranged2_copperhead_ma",
		"Character.kab_scavenger_grunt2_ranged2_copperhead_wa",
		"Character.kab_scavenger_grunt2_ranged2_pulsar_ma",
		"Character.kab_scavenger_grunt2_ranged2_pulsar_wa",
		"Character.kab_scavenger_grunt3_netrunner2_nova_ma_rare",
		"Character.lch_scavenger_elite3_sniper2_grad_ma",
		"Character.lch_scavenger_grunt1_melee1_fists_ma",
		"Character.lch_scavenger_grunt1_melee1_pipewrench_ma",
		"Character.lch_scavenger_grunt1_ranged1_nova_wa",
		"Character.lch_scavenger_grunt1_melee1_tireiron_ma",
		"Character.lch_scavenger_grunt1_ranged1_pulsar_ma",
		"Character.lch_scavenger_grunt1_ranged1_pulsar_wa",
		"Character.lch_scavenger_grunt1_ranged1_slaughtomatic_ma",
		"Character.lch_scavenger_grunt2_ranged2_copperhead_ma",
		"Character.lch_scavenger_grunt2_ranged2_copperhead_wa",
		"Character.lch_scavenger_grunt2_ranged2_pulsar_ma",
		"Character.lch_scavenger_grunt2_ranged2_pulsar_wa",
		"Character.lch_scavenger_netrunner2_netrunner2_nova_wa_rare",
		"Character.lch_scavenger_strong3_gunner2_defender_mb_rare",
		"Character.nid_scavenger_grunt1_ranged1_nova_ma",
		"Character.nid_scavenger_grunt1_ranged1_nova_wa",
		"Character.nid_scavenger_grunt1_ranged1_pulsar_ma",
		"Character.nid_scavenger_grunt1_ranged1_pulsar_wa",
		"Character.nid_scavenger_grunt1_ranged1_slaughtomatic_ma",
		"Character.nid_scavenger_grunt1_ranged1_slaughtomatic_wa",
		"Character.nid_scavenger_grunt2_melee2_pipewrench_ma",
		"Character.nid_scavenger_grunt2_melee2_pipewrench_wa",
		"Character.nid_scavenger_grunt2_ranged2_copperhead_ma",
		"Character.nid_scavenger_grunt2_ranged2_copperhead_wa",
		"Character.nid_scavenger_grunt2_ranged2_pulsar_ma",
		"Character.nid_scavenger_grunt2_ranged2_pulsar_wa",
		"Character.nid_scavenger_netrunner2_netrunner2_nova_wa_rare",
		"Character.nid_scavenger_strong3_gunner2_defender_mb_rare",
		"Character.nid_scavenger_android_android2_pulsar_ma",
		"Character.nid_scavenger_butcher3_hmelee2_machete_mb_rare",
		"Character.nid_scavenger_elite3_sniper2_grad_ma",
		"Character.nid_scavenger_fast3_fmelee3_machete_wa_elite",
		"Character.nid_scavenger_grunt1_melee1_fists_ma",
		"Character.nid_scavenger_grunt1_melee1_fists_wa",
		"Character.nid_scavenger_grunt1_melee1_pipewrench_ma",
		"Character.nid_scavenger_grunt1_melee1_tireiron_ma",
		"Character.nid_scavenger_grunt1_melee1_tireiron_wa",
		"Character.wwd_scavenger_elite3_sniper2_grad_ma",
		"Character.wwd_scavenger_fast3_fmelee3_machete_wa_elite",
		"Character.wwd_scavenger_grunt1_melee1_fists_ma",
		"Character.wwd_scavenger_grunt1_melee1_pipewrench_ma",
		"Character.wwd_scavenger_grunt1_melee1_tireiron_ma",
		"Character.wwd_scavenger_grunt1_ranged1_nova_ma",
		"Character.wwd_scavenger_grunt1_ranged1_nova_wa",
		"Character.wwd_scavenger_grunt1_ranged1_pulsar_ma",
		"Character.wwd_scavenger_grunt1_ranged1_pulsar_wa",
		"Character.wwd_scavenger_grunt1_ranged1_slaughtomatic_ma",
		"Character.wwd_scavenger_grunt1_ranged1_slaughtomatic_wa",
		"Character.wwd_scavenger_grunt2_ranged2_copperhead_ma",
		"Character.wwd_scavenger_grunt2_ranged2_copperhead_wa",
		"Character.wwd_scavenger_grunt2_ranged2_pulsar_ma",
		"Character.wwd_scavenger_grunt2_ranged2_pulsar_wa",
		"Character.wwd_scavenger_grunt3_netrunner2_nova_ma_rare",
		"Character.wwd_scavenger_strong3_gunner2_defender_mb_rare",
		"Character.rcr_scavenger_grunt1_ranged1_nova_ma",
		"Character.rcr_scavenger_grunt1_ranged1_slaughtomatic_wa",
		"Character.rey_scavengers_strong_short_range_w_hard",
		"Character.scavenger_grunt2_ranged2_copperhead_ma",
		"Character.scavenger_grunt2_melee2_pipewrench_wa",
		"Character.scavenger_fast3_fmelee3_machete_wa_elite",
		"Character.scavenger_netrunner2_netrunner2_nova_wa_rare"
	],
	"SpawnableVehicule": [

		"Vehicle.ma_cct_dtn_03_scavenger_van"

	],
	"DistrictTag": "district_downtown",
	"VIP": [

		{
			"name": "Sergei",
			"score": 0

		},
		{
			
			"name": "Anton Kolev",
			"score": 20

		},
		{
			"name": "Cur Machete",
			"score": 30

		},
		{
			"name": "Stanislaus Zbyszko",
			"score": 30

		},
		{
			"name": "Barry Alken",
			"score": 40
		}, {
			"name": "Misha Orlova",
			"score": 40

		}


	]
}