{

	"Name": "Arasaka",
	"Logo": "logo_arasaka",
	"Tag": "faction_arasaka",
	"AttitudeGroup": [

		"arasaka",
		"arasaka_ow"

	],
	"Rivals": [

		"faction_maelstrom",
		"faction_kangtao",

		"faction_militech",
		"faction_afterlife"
	],
	"SpawnableNPC": [

		"Character.arasaka_bodyguard_ranged3_masamune_mb_rare",
		"Character.arasaka_cyborg_franged3_shingen_ma_elite",
		"Character.arasaka_ninja_fmelee3_mantis_wa_elite",
		"Character.nok_arasaka_strong_elite_medium_range_m_hard"


	],
	"SpawnableVehicule": [

		"Vehicle.q108_arasaka_car"

	],
	"DistrictTag": "district_downtown",
	"VIP": [{

			"name": "Arthur Jenkins",
			"score": 0

		},
		{
			"name": "Carter Smith",
			"score": 5

		},
		{
			
			"name": "Female Netrunner",
			"score": 10

		},
		{
			"name": "Asa Risu (Technician)",
			"score": 20

		},
		{
			"name": "Kaoru",
			"score": 20
		}, {
			"name": "Oda",
			"score": 30
		}, {
			"name": "Prof. Sachiko Kusama",
			"score": 30
		}, {
			"name": "Susan Abernathy",
			"score": 40
		}, {
			"name": "Yorinobu",
			"score": 90




		}
	]
}