{
	"title":"Install Flying Module for Vehicle",
	"tag":"flyer_menu",
	"width":500,
	"heigh":500,
	"x":200,
	"y":200,
	
	"controls":
	[	
		
		
		
		
		
		
		
		
		
		
		
		
		
		
		{	
			"type":"label",
			"tag":"myscoreNo_label",
			"margin":{
				"left":450
			},
			"style":{
				"fontsize":50
			},
			"trigger":
			{
				"nobuyed":
					
					{
						"name": "check_score",
						"value":"flyer",
						"key":"buyed",
						"score":0,
						"operator":"nothing",
						"helper": "This action will check the targeted score key value \n Available Operator : < || <= || > || >= || != || = ",
						"helperTitle": "Score : Check Score"
					}
				
			},
			"requirement":[["nobuyed"]],
			"value":
			{
				"type":"text",
				"value":"No module buyed"
			}
		},
		{	
			"type":"label",
			"tag":"myscoreNo_label",
			"margin":{
				"left":450
			},
			"style":{
				"fontsize":50
			},
			"trigger":
			{
				"nobuyed":
					
					{
						"name": "check_score",
						"value":"flyer",
						"key":"buyed",
						"score":1,
						"operator":"=",
						"helper": "This action will check the targeted score key value \n Available Operator : < || <= || > || >= || != || = ",
						"helperTitle": "Score : Check Score"
					}
				
			},
			"requirement":[["nobuyed"]],
			"value":
			{
				"type":"text",
				"value":"Module already owned !"
			}
		},
		
		
		
		
	
		
		
		
		
		
		
		
		
		
		
		
		
		
		
		{	
			"type":"label",
			"tag":"membership01_label00",
			"margin":{
				"left":600,
				"top":100
			},
			"style":{
				"fontsize":40
			},
			"trigger":
			{
				"auto":
				{
					"name":"auto"
				}
				
			},
			"requirement":[["auto"]],
			"value":
			{
				"type":"text",
				"value":"AV module engine (25000$)"
			}
		},
		{	
			"type":"label",
			"tag":"membership01_label01",
			"margin":{
				"left":600,
				"top":150
			},
			"style":{
				"fontsize":30
			},
			"trigger":
			{
				"auto":
				{
					"name":"auto"
				}
				
			},
			"requirement":[["auto"]],
			"value":
			{
				"type":"text",
				"value":"This module will enable the AV system on any vehicule that you drive."
			}
		},
		{	
			"type":"label",
			"tag":"membership01_label02",
			"margin":{
				"left":600,
				"top":190
			},
			"style":{
				"fontsize":30
			},
			"trigger":
			{
				"auto":
				{
					"name":"auto"
				}
				
			},
			"requirement":[["auto"]],
			"value":
			{
				"type":"text",
				"value":" You can toggle ON when you are driving."
			}
		},
		
		
		
	
		
	
		
		
		
		
		
		
		
		
		
		
		
		
		
		
		
		
		
		
		
		
		
		{	
			"type":"button",
			"title":"Buy It !",
			"tag":"membership01_btn",
		
			"style":{
				"fontsize":35,
				"width":400,
				"height":100
			},
			
			"margin":{
				"left":300,
				"top":150
			},
			
			"trigger":
			{
				
				"money":
				{
					"name": "money",
					"value": 25000,
					"helper": "This trigger will be triggered when you have enough money",
					"helperTitle": "Money : Have enough"
				},
				"alreadybuyed":
				{
					"name": "check_score",
					"value":"flyer",
					"key":"buyed",
					"score":1,
					"operator":"nothing",
					"helper": "This action will check the targeted score key value \n Available Operator : < || <= || > || >= || != || = ",
					"helperTitle": "Score : Check Score"
				},
				
			},
			"requirement":[["money","alreadybuyed"]],
			"action":
			[	
				{
					"name": "remove_money",
					"value": 12500,
					"helper": "This action will make remove an amount of money",
					"helperTitle": "Money : Remove Money"
				},
				
				{
					"name":"set_score",
					"score":"flyer",
					"key":"buyed",
					"value": 1,
					"helper": "This action will set a value for a key of a score ",
					"helperTitle": "Score : Set Score"
				},
				{
						"name":"close_interface"
				},
				{
					"name": "phone_notification",
					"title": "Trauma Team Service",
					"desc": "Plan 01 subscribed",
					"duration": 5,
					"helper": "This action will make display an phone message notification",
					"helperTitle": "UI : Phone Notification"
				}	
			]
		},
		
		
	
		
		
		
		
	]
	
}