{
	"name": "fly_c2",
	"tag": "fly_c2",
	"way": "world",
	"trigger": {


		"trigger01": {
			"name": "compare",
			"trigger": {
				"name": "in_car"

				
			},
			"expected": false
		
		},


		"trigger02": {
			"name": "custom_condition",
			"value": "flyer",
			"score": 1,
			"helper": "This trigger will be triggered when the custom score (value) have reach the score",
			"helperTitle": "Score : Custom Score"
		},

		"requirement": [
			[
				"trigger02", "trigger01"
			]
		],
		"action": [{

			"name": "setGameVolume",
			"value": "SfxVolume",
			"score": 50
		}, {
			"name": "setGameVolume",
			"value": "CarRadioVolume",
			"score": 50






		}]
	}
}