{
	"name": "Take the Night (1000$)",
	"tag": "spend_night",
	"timer": 0,
	"sorttag": "mulit_interact",
	"display":"event_interact",
	"trigger": {
		"player":{
			"name": "entity_looked_is_registered_as_player",
			"helper": "This trigger will be triggered when item looked is registred as housing placed item",
			"helperTitle": "Mod : Object Looked is registred as Housing Placed Item"
		},
		"player_score":{
			"name": "looked_player_score",
			"value":"mp_joytoy_type",
			"operator":"=",
			"score":1,
			"helper": "This trigger will be triggered when item looked is registred as housing placed item",
			"helperTitle": "Mod : Object Looked is registred as Housing Placed Item"
		},
		"your_type":{
					"name": "player_server_score",
					"value":"mp_joytoy_type",
					"operator":"=",
					"score":0
		},
	},
	"requirement": [
		[
			"player","player_score","your_type"
		]
	],
	"action": [
		{
			"name": "send_action_to_user",
			"tag":"lookat",
			"action":[
				{
                    "name": "subtitle",
                    "title": "Alright, show me your skills !",
                    "type": 1,
                    "target": "player",
                    "speaker": "mp_looked_player",
                    "duration": 2,
                    "helper": "This action will fire a subtitle on your bottom portion of the screen, The duration must complete in order for the next action to call. Type value just keep at 1 for now.",
                    "helperTitle": "Dialog : run a subtitle"
                },
				{
					"name": "fade_in",
					"value": 3,
					"message":"Later..."
					
				},
				{
					"if_action": [ {
					  "value": "ono_panam_effort_long",
					  "help": "Play an Game's Sound",
					  "helperTitle": "Sound : Play Game Sound",
					  "helper": "This action will Play an Game's Sound",
					  "name": "play_game_sound"
					} ],
					"trigger": {
					  "tag": "lookat",
					  "value": "female",
					  "helperTitle": "Entity : Gender",
					  "helper": "This trigger will be triggered when entity has expected gender (male||female)",
					  "name": "entity_gender"
					},
					"else_action": [ {
					  "value": "ono_oda_effort_long",
					  "help": "Play an Game's Sound",
					  "helperTitle": "Sound : Play Game Sound",
					  "helper": "This action will Play an Game's Sound",
					  "name": "play_game_sound"
					} ],
					"helperTitle": "Logic : If",
					"name": "if",
					"helper": "This action will check a trigger and execute IF actions if the trigger is OK or ELSE action if the trigger is not OK"
				},
				{
					"name": "add_time",
					"value": 6
				},
				{
					"name": "fade_out",
					"value": 3
					
				},
				{
					"if_action": [ {
					  "value": "ono_panam_effort_short",
					  "help": "Play an Game's Sound",
					  "helperTitle": "Sound : Play Game Sound",
					  "helper": "This action will Play an Game's Sound",
					  "name": "stop_game_sound"
					} ],
					"trigger": {
					  "tag": "lookat",
					  "value": "female",
					  "helperTitle": "Entity : Gender",
					  "helper": "This trigger will be triggered when entity has expected gender (male||female)",
					  "name": "entity_gender"
					},
					"else_action": [ {
					  "value": "ono_oda_effort_short",
					  "help": "Play an Game's Sound",
					  "helperTitle": "Sound : Play Game Sound",
					  "helper": "This action will Play an Game's Sound",
					  "name": "stop_game_sound"
					} ],
					"helperTitle": "Logic : If",
					"name": "if",
					"helper": "This action will check a trigger and execute IF actions if the trigger is OK or ELSE action if the trigger is not OK"
				},
				{
					"name": "give_money",
					"value": 500
					
				}
				
				
				]
		},
				{
                    "name": "subtitle",
                    "title": "Let's play together all of the night, honey !",
                    "type": 1,
                    "target": "player",
                    "speaker": "mp_looked_player",
                    "duration": 2,
                    "helper": "This action will fire a subtitle on your bottom portion of the screen, The duration must complete in order for the next action to call. Type value just keep at 1 for now.",
                    "helperTitle": "Dialog : run a subtitle"
                },
			
				{
					"name": "fade_in",
					"value": 3,
					"message":"Later..."
					
				},
				{
					"if_action": [ {
					  "value": "ono_panam_effort_long",
					  "help": "Play an Game's Sound",
					  "helperTitle": "Sound : Play Game Sound",
					  "helper": "This action will Play an Game's Sound",
					  "name": "play_game_sound"
					} ],
					"trigger": {
					  "tag": "lookat",
					  "value": "female",
					  "helperTitle": "Entity : Gender",
					  "helper": "This trigger will be triggered when entity has expected gender (male||female)",
					  "name": "entity_gender"
					},
					"else_action": [ {
					  "value": "ono_oda_effort_long",
					  "help": "Play an Game's Sound",
					  "helperTitle": "Sound : Play Game Sound",
					  "helper": "This action will Play an Game's Sound",
					  "name": "play_game_sound"
					} ],
					"helperTitle": "Logic : If",
					"name": "if",
					"helper": "This action will check a trigger and execute IF actions if the trigger is OK or ELSE action if the trigger is not OK"
				},
				{
					"name": "add_time",
					"value": 6
				},
				{
					"name": "fade_out",
					"value": 3
					
				},
				{
					"if_action": [ {
					  "value": "ono_panam_effort_short",
					  "help": "Play an Game's Sound",
					  "helperTitle": "Sound : Play Game Sound",
					  "helper": "This action will Play an Game's Sound",
					  "name": "stop_game_sound"
					} ],
					"trigger": {
					  "tag": "lookat",
					  "value": "female",
					  "helperTitle": "Entity : Gender",
					  "helper": "This trigger will be triggered when entity has expected gender (male||female)",
					  "name": "entity_gender"
					},
					"else_action": [ {
					  "value": "ono_oda_effort_short",
					  "help": "Play an Game's Sound",
					  "helperTitle": "Sound : Play Game Sound",
					  "helper": "This action will Play an Game's Sound",
					  "name": "stop_game_sound"
					} ],
					"helperTitle": "Logic : If",
					"name": "if",
					"helper": "This action will check a trigger and execute IF actions if the trigger is OK or ELSE action if the trigger is not OK"
				},
				{
					"name": "remove_money",
					"value": 1000
					
				}
	]
}