{
	"name": "Call For Backup!",
	"tag": "Backup Car",
	"display": "event_interact",
	"timer": 0,
	"sorttag": "0",
	"trigger": {
		"condition01": {
			"name": "check_score",
			"value": "Quota",
			"key": "Score",
			"score": 5,
			"operator": "<="
		},
		"condition02": {
			"name": "compare",
			"trigger": {
				"name": "in_car"
			},
			"expected": true
		}

	},
	"requirement": [
		[
			"condition01", "condition02"
		]
	],
	"action": [{
		"name": "for",
		"amount": 2,
		"action": [{
			"name": "play_game_sound",
			"value": "ui_phone_initiation_call"
		}, {
			"name": "wait_second",
			"value": 1
		}, {
			"name": "stop_game_sound",
			"value": "ui_phone_initiation_call"
		}, {
			"name": "wait_second",
			"value": 0.2
		}]
	}, {
		"name": "spawn_vehicule_v2",
		"tag": "squadcar",
		"spawnlevel": 36,
		"appearance": "none",
		"spawn_system": 1,
		"scriptlevel": 0,
		"group": "",
		"create_group_if_not_exist": false,
		"source": "vehicle",
		"source_helper": "vehicle||faction||current_district_leader||current_subdistrict_leader||district_leader||subdistrict_leader||random||from_list||district_rival||subdistrict_rival||current_district_rival||current_subdistrict_rival",
		"source_tag": "Vehicle.cs_savable_archer_hella_police_siren",
		"source_gang": "faction_mox",
		"source_list": ["Vehicle.cs_savable_archer_hella_police_siren"],
		"source_tag_helper": "Vehicle.cs_savable_archer_hella_police_siren||faction_mox||district_westbrook||NorthOaks",
		"source_use_rival": false,
		"position": "relative_to_entity",
		"position_change_helper": "Write 'current' in position_tag for get current node,mappin, fasttravel, custom_place or custom_room. \n For poi if you write 'current' in position_poi_district you will get the current district, \n if you write 'current in position_poi_subdistrict you will get the current subdistrict. \n also if you write 'random' in position_poi_subdistrict or position_poi_district, you will get an 'random' value",
		"position_range": 50,
		"position_lookatdistance": 0,
		"position_tag": "player",
		"position_tag_helper": "judy01||playerhouse01||playerhouse_bed||",
		"position_way": "normal",
		"position_way_helper": "normal||behind||forward",
		"position_poi_district": "",
		"position_poi_subdistrict": "",
		"position_poi_is_for_car": false,
		"position_poi_from_position": false,
		"position_poi_use_location_tag": false,
		"position_poi_type": 1,
		"position_distance": 5,
		"position_house_way": "default",
		"position_house_way_helper": "default||enter||exit",
		"position_house_tag": "playerhouse01",
		"position_node_usegameplay": false,
		"x": 1,
		"y": -5,
		"z": -0.3,
		"amount": 1,
		"isAV": false,
		"appears_from_behind": false,
		"wait_for_vehicle": false
	}, {
		"name": "wait_second",
		"value": 2
	}, {
		"name": "if",
		"trigger": {
			"name": "check_score",
			"value": "Quota",
			"key": "Score",
			"score": 5,
			"operator": "<="
		},
		"if_action": [{
			"name": "spawn_npc",
			"tag": "ncpd1car",
			"spawnlevel": 36,
			"amount": 1,
			"use_police_prevention_system": true,
			"group": "",
			"scriptlevel": 0,
			"appearance": "none",
			"create_group_if_not_exist": false,
			"source": "faction",
			"source_helper": "npc||current_star||faction||current_district_leader||current_subdistrict_leader||district_leader||subdistrict_leader||random||from_list||district_rival||subdistrict_rival||current_district_rival||current_subdistrict_rival",
			"source_gang": "faction_ncpd",
			"source_tag": "faction_ncpd",
			"source_tag_helper": "Character.Judy||faction_mox||district_westbrook||NorthOaks",
			"source_list": ["Character.Judy"],
			"source_use_vip": false,
			"source_use_rival": false,
			"position": "relative_to_entity",
			"position_helper": "at||relative_to_entity||node||player_look_at||poi||mappin||fasttravel||custom_place||custom_room",
			"position_change_helper": "Write 'current' in position_tag for get current node,mappin, fasttravel, custom_place or custom_room. \n For poi if you write 'current' in position_poi_district you will get the current district, \n if you write 'current in position_poi_subdistrict you will get the current subdistrict. \n also if you write 'random' in position_poi_subdistrict or position_poi_district, you will get an 'random' value",
			"position_range": 50,
			"position_lookatdistance": 0,
			"position_tag": "squadcar",
			"position_tag_helper": "judy01||playerhouse01||playerhouse_bed||",
			"position_way": "normal",
			"position_way_helper": "normal||behind||forward",
			"position_poi_district": "",
			"position_poi_subdistrict": "",
			"position_poi_is_for_car": false,
			"position_poi_from_position": false,
			"position_poi_use_location_tag": false,
			"position_poi_type": 1,
			"position_distance": 5,
			"position_house_way": "default",
			"position_house_way_helper": "default||enter||exit",
			"position_house_tag": "playerhouse01",
			"position_node_usegameplay": false,
			"x": -2,
			"y": -2,
			"z": -0.3
		}, {
		"name": "wait_second",
			"value": 2
		}, {
			"name": "entity_set_seat",
			"tag": "ncpd1car",
			"vehicle": "squadcar",
			"waitforsit": true,
			"seat": "seat_front_left"
		}, {
			"name": "wait_second",
			"value": 0.5
		}, {
			"name": "attitude_entity_against_entity",
			"tag": "ncpd1car",
			"entity": "player",
			"attitude": "companion"
		}],
		"else_action": [{
		}]
	}, {
		"name": "if",
		"trigger": {
			"name": "check_score",
			"value": "Quota",
			"key": "Score",
			"score": 10,
			"operator": "<="
		},
		"if_action": [{
			"name": "spawn_npc",
			"tag": "ncpd2car",
			"spawnlevel": 36,
			"amount": 1,
			"use_police_prevention_system": true,
			"group": "",
			"scriptlevel": 0,
			"appearance": "none",
			"create_group_if_not_exist": false,
			"source": "faction",
			"source_helper": "npc||current_star||faction||current_district_leader||current_subdistrict_leader||district_leader||subdistrict_leader||random||from_list||district_rival||subdistrict_rival||current_district_rival||current_subdistrict_rival",
			"source_gang": "",
			"source_tag": "faction_ncpd",
			"source_tag_helper": "Character.Judy||faction_mox||district_westbrook||NorthOaks",
			"source_list": ["Character.Judy"],
			"source_use_vip": false,
			"source_use_rival": false,
			"position": "relative_to_entity",
			"position_helper": "at||relative_to_entity||node||player_look_at||poi||mappin||fasttravel||custom_place||custom_room",
			"position_change_helper": "Write 'current' in position_tag for get current node,mappin, fasttravel, custom_place or custom_room. \n For poi if you write 'current' in position_poi_district you will get the current district, \n if you write 'current in position_poi_subdistrict you will get the current subdistrict. \n also if you write 'random' in position_poi_subdistrict or position_poi_district, you will get an 'random' value",
			"position_range": 50,
			"position_lookatdistance": 0,
			"position_tag": "player",
			"position_tag_helper": "judy01||playerhouse01||playerhouse_bed||",
			"position_way": "normal",
			"position_way_helper": "normal||behind||forward",
			"position_poi_district": "",
			"position_poi_subdistrict": "",
			"position_poi_is_for_car": false,
			"position_poi_from_position": false,
			"position_poi_use_location_tag": false,
			"position_poi_type": 1,
			"position_distance": 5,
			"position_house_way": "default",
			"position_house_way_helper": "default||enter||exit",
			"position_house_tag": "playerhouse01",
			"position_node_usegameplay": false,
			"x": -3,
			"y": -4,
			"z": 0
		}, {
			"name": "wait_second",
			"value": 2
		}, {
			"name": "entity_set_seat",
			"tag": "ncpd2car",
			"vehicle": "squadcar",
			"waitforsit": true,
			"seat": "seat_front_right"
		}, {
			"name": "wait_second",
			"value": 1
		}, {
			"name": "attitude_entity_against_entity",
			"tag": "ncpd2car",
			"entity": "player",
			"attitude": "companion"
		
			
		}],
		"else_action": [{
		}]
	}, {
		"name": "wait_second",
			"value": 2
	}, {
		"name": "vehicle_follow_entity",
		"tag": "player",
		"vehicle": "squadcar"
	}]
}