{
	"name": "Need a Hit?",
	"tag": "hitman",
	"display": "event_interact",
	"timer": 0,
	"sorttag": "0",
	"trigger": {
		"trigger01": {
			"name": "testFor",
			"triggers": [{
					"name": "look_at_object",
					"value": "corporat_wa"
				},
				{
					"name": "look_at_object",
					"value": "arasaka_corpo_wa"
				},
				{
					"name": "look_at_object",
					"value": "arasaka_corpo_wa"

				}
			],
			"logic": "or"
		},
		"trigger02": {
			"name": "current_district",
			"value": "CityCenter",
			"help": "Badlands||CityCenter||Heywood||NorthBadlands||Pacifica||SantoDomingo||SouthBadlands||Watson||Westbrook",
			"helper": "This trigger will be triggered when you are in a specific district",
			"helperTitle": "Map : Current District"
		},
		"condition02": {
			"name": "can_use_preventionsystemspawn"
		}
	},
	"requirement": [
		[
			"trigger01", "trigger02", "condition02"
		]
	],
	"action": [{
		"name": "set_mappin",
		"tag": "dirtpin",
		"typemap": "ExclamationMarkVariant",
		"wall": true,
		"active": true,
		"mapgroup": "dirtpin",
		"title": "Hit Target",
		"desc": "bring Justice.",
		"position": "poi",
		"position_helper": "at||relative_to_entity||node||player_look_at||poi||mappin||fasttravel||custom_place||custom_room",
		"position_change_helper": "Write 'current' in position_tag for get current node,mappin, fasttravel, custom_place or custom_room. \n For poi if you write 'current' in position_poi_district you will get the current district, \n if you write 'current in position_poi_subdistrict you will get the current subdistrict. \n also if you write 'random' in position_poi_subdistrict or position_poi_district, you will get an 'random' value",
		"position_range": 50,
		"position_lookatdistance": 0,
		"position_tag": "",
		"position_tag_helper": "judy01||playerhouse01||playerhouse_bed||",
		"position_way": "normal",
		"position_way_helper": "normal||behind||forward",
		"position_poi_district": "",
		"position_poi_subdistrict": "",
		"position_poi_is_for_car": false,
		"position_poi_from_position": false,
		"position_poi_use_location_tag": false,
		"position_poi_type": 77,
		"position_distance": 2000,
		"position_house_way": "default",
		"position_house_way_helper": "default||enter||exit",
		"position_house_tag": "playerhouse01",
		"position_node_usegameplay": false,
		"x": 0,
		"y": 0,
		"z": 0
	}, {
		"name": "random_subtitle",
		"title": [
			"Oh Boy do I have someone for you, Merc.",
			"I got a Good one for you, merc.",
			"Mercs always lookin' for work. Just so happens I am lookin' for Justice.",
			"Say no more, Merc. I shall provide you someone.",
			" *nods* ",
			"This will be fun"
		],
		"type": 1,
		"target": "player",
		"speaker": "Corpo",
		"duration": 4,
		"helper": "This action will fire an random subtitle, it act live wait for second",
		"helperTitle": "Dialog : run random subtitle"
	}, {
		"name": "random_subtitle",
		"title": [
			"OOoooo they are FUCKED now!",
			"Oh they're fucked! Teach them a thing about being a perv.",
			"Time to make a Pedo fucking BEG to keep his job..Fuck that, zero him.",
			"This Fuckin' creep was sniffin' the boss' Undies, not sure how they managed to get it. But Consequences must be done. Your pay.",
			"I'm going to run this person into the ground, using their rep against them! Here's some Eddies for the help",
			"Time to make a Kid-Lover BEG for his life....Anyways, here's a payment",
			"Oh I am going to make an absolute fuckin' FOOL out of you, you piece of Filth. Not you.",
			"Ah, You're here! Time to make this sad fucker cry, Thank you.",
			"You ever Catch your boss' kid with your co-worker? well, I have, Thanks to this Fucker..",
			"This is a good, and righteous day. Fuck this Corpo Scum! Playing two fuckin' sides on the proj- Anyways..",
			"Fuckin' Piece of Shit! Finally, this fucker is brought to me, Their Judement for what they did. Fucking Disgusting..",
			"OH YA,Going through my shit, and looking up Things they shouldn't look up on their breaks!",
			"Oh I will DESTROY this fucker. Deserving is an understatement for what they've done."
		],
		"type": 1,
		"target": "player",
		"speaker": "Corpo Rep",
		"duration": 5
	}, {
		"name": "simple_message",
		"value": "This is a ingame Message !",
		"context": {
			"trigger": {
				"condition01": {
					"name": "auto"
				}
			},
			"requirement": [
				["condition01"]
			],
			"prop": {
				"value": {
					"type": "text",
					"text": "Starting Mission: ##text",
					"values": {
						"text": {
							"type": "random_text",
							"list": ["Getting Fucked in style", "No Gas, Full Brake", "Corpos, Corpos", "Active Harm", "Ban Hammer, But gun", "Active Justice", "Happiness in all barrels", "Get down with the Justice", "Curveball", "The Judgement", "Corpo, 2000", "Bringing The Corpo Down", "Ain't gotta Lie", "Desparate Measures", "This is where the Fun Begins", "Eat the Corpo", "Lost in Corruption", "A Bad time to be You, Friend"]

						}
					}
				}
			}
		}
	}, {
		"name": "wait_second",
		"value": 2
	}, {
		"name": "simple_message",
		"value": "Check your Map"
	}, {
		"name": "spawn_npc",
		"tag": "1",
		"spawnlevel": 36,
		"use_police_prevention_system": true,
		"group": "victim",
		"scriptlevel": 0,
		"appearance": "none",
		"create_group_if_not_exist": true,
		"source": "from_list",
		"source_helper": "npc||current_star||faction||current_district_leader||current_subdistrict_leader||district_leader||subdistrict_leader||random||from_list||district_rival||subdistrict_rival||current_district_rival||current_subdistrict_rival",
		"source_gang": "faction_mox",
		"source_tag": "",
		"source_tag_helper": "Character.Judy||faction_mox||district_westbrook||NorthOaks",
		"source_list": ["Character.CitizenRichFemale", "Character.CitizenRichMale", "Character.CorpoMan", "Character.CorpoManBig", "Character.CorpoWomanCorporat"],
		"source_use_vip": false,
		"source_use_rival": false,
		"position": "mappin",
		"position_helper": "at||relative_to_entity||node||player_look_at||poi||mappin||fasttravel||custom_place||custom_room",
		"position_change_helper": "Write 'current' in position_tag for get current node,mappin, fasttravel, custom_place or custom_room. \n For poi if you write 'current' in position_poi_district you will get the current district, \n if you write 'current in position_poi_subdistrict you will get the current subdistrict. \n also if you write 'random' in position_poi_subdistrict or position_poi_district, you will get an 'random' value",
		"position_range": 50,
		"position_lookatdistance": 0,
		"position_tag": "dirtpin",
		"position_tag_helper": "judy01||playerhouse01||playerhouse_bed||",
		"position_way": "normal",
		"position_way_helper": "normal||behind||forward",
		"position_poi_district": "",
		"position_poi_subdistrict": "",
		"position_poi_is_for_car": false,
		"position_poi_from_position": false,
		"position_poi_use_location_tag": false,
		"position_poi_type": 1,
		"position_distance": 5,
		"position_house_way": "default",
		"position_house_way_helper": "default||enter||exit",
		"position_house_tag": "playerhouse01",
		"position_node_usegameplay": false,
		"x": 0,
		"y": 0,
		"z": 0,
		"amount": 1
	}, {
		"name": "wait_for_trigger",
		"trigger": {
			"name": "entity_is_at_mappin_position",
			"tag": "dirtpin",
			"entity": "player",
			"range": 50
		}
	}, {
		"name": "new_map_point_to_group",
		"group": "victim",
		"typemap": "TakeDownVariant",
		"wall": true,
		"active": true,
		"mapgroup": "dirtpin"

	}, {
		"name": "wait_for_trigger",
		"trigger": {
			"name": "killed_entity",
			"tag": "1"
		}
	}, {
		"name": "wait_second",
		"value": 2
	}, {
		"name": "phone_notification",
		"title": "Corpo Rep",
		"desc": "FUCK YES! Thank you!",
		"duration": 5
	}, {
		"name": "wait_second",
		"value": 3
	}, {
		"name": "play_game_sound",
		"value": "ui_menu_attributes_progress_bar_start"
	}, {
		"name": "wait_second",
		"value": 1
	}, {
		"name": "simple_message",
		"value": "Transferring Funds..."
	}, {
		"name": "wait_second",
		"value": 4
	}, {
		"name": "stop_game_sound",
		"value": "ui_menu_attributes_progress_bar_start"
	}, {
		"name": "give_random_money",
		"min": 9000,
		"max": 10000
	}, {
		"name": "wait_second",
		"value": 3
	}, {
		"name": "simple_message",
		"value": "Activity Complete!"
	}, {
		"name": "give_item",
		"value": "Items.Vest_06_rich_03",
		"amount": 1,
		"context": [{
			"prop": {
				"value": {
					"text": "##item",
					"type": "text",
					"values": {
						"item": {
							"type": "random_text",
							"list": [
								"CorpoSetPack",
								"Items.Preset_Katana_Cocktail_Legendary",
								"Items.Preset_Chao_Military",
								"Items.Preset_Achilles_Military",
								"Items.Preset_Katana_Saburo_Legendary",
								"Items.Craftable_Legendary_Katana_Military",
								"Items.Craftable_Legendary_Defender",
								"Items.Craftable_Legendary_Chao",
								"Items.SaburoKatanaWeaponMod",
								"Items.SurgeonKatanaWeaponMod",
								"Items.TinkerBellWeaponMod",
								"Items.ZhuoEightStarWeaponMod",
								"Items.Craftable_Legendary_Combat_Knife",
								"Items.Craftable_Legendary_Fanged_Axe",
								"Items.Craftable_Legendary_Machete_Borg",
								"Items.Preset_Katana_Wakako_Legendary",
								"Items.Craftable_Legendary_Kukri",
								"Items.Craftable_Legendary_Dian",
								"Items.Craftable_Legendary_Chefs_Knife",
								"Items.Craftable_Legendary_Baton_Gamma",
								"Items.Craftable_Legendary_Achilles",
								"Items.Craftable_Epic_Katana_Military",
								"KiroshiPack",
								"Items.GunslingerSkillbook",
								 "Items.ColdBloodSkillbook",
								"ArmsPack",
								"Items.StealthSkillbook",
								"Items.AssaultSkillbook",
								"Items.BrawlingSkillbook",
								"Items.MadnessLvl4Program",
								"Items.BrainMeltLvl4Program",
								"ScopePack",
								"MantisBladesPack",
								"ClothingFacePack",
								"FixerSetPack",
								"nothing"
							]
						}
					}
				}

			},
			"requirement": [
				[
					"condition01"
				]
			],
			"trigger": {
				"condition01": {
					"name": "auto"
				}
			}
		}]
	}, {
		"name": "delete_map_point",
		"tag": "dirtpin"
	}, {
		"name": "delete_map_group",
		"tag": "dirtpin"
	}]
}