{
	"name": "See you later !",
	"tag": "current_star_despawn",
	"display":"event_interact",
	"trigger": {
		"auto":{
						"name": "entity_is_spawn",
						"tag": "current_star"
		}
		
	},
	"requirement": [
		[
			"auto"
		]
	],
	"action": [
		{
			"name": "phone_notification",
			"title": "current_star",
			"desc": "See you next time !",
			"duration": 5,
			"helper": "This action will make display an phone message notification",
			"helperTitle": "UI : Phone Notification"
		},
		
		{
		"name": "despawn_entity",
		"tag": "current_star",
		"helper": "This action will despawn an custom entity ",
		"helperTitle": "Entity : Despawn an entity"
		}

	]

}