
{

	"name":"Excercise",
	"tag":"doSport",
	"timer":0,
	"sorttag":"basic_interact",
		"display":"place",
	
	"trigger":{
		"condition01":{
			"name":"custom_place_type",
			"value":0
			
		}
	},
	"requirement": [

        ["condition01"]

    ],
	"action":
	[
		
		{
			"name": "mod_stat",
			"value": "Health",
			"score":1
		},
		{
			"name": "npc_star_affinity",
			"value": 0.5
		}, 
		{
			"name": "npc_chat",
			"title":"It's good for the body !",
			"type": 1,
			"target": "current_star",
			"speaker": "Game",
			"duration": 3,
			"helper": "This action will fire an npc chat, it act live wait for second",
			"helperTitle": "Dialog : run an npc chat"
		}
	]
	
	
}