{

	"name":"Drink Beer",
	"tag":"drinkbeer0",
	"timer":0,
	"sorttag":"basic_interact",
	"display":"place",
	"trigger":{
		"condition01":{
			"name":"custom_place_type",
			"value":0
			
		},
		"condition02":{
			"name":"custom_room_type",
			"value":0
			
		}
	},
	"requirement": [

        ["condition01"],
        ["condition02"]

    ],
	"action":
	[
		{
			"name": "remove_money",
			"value": 50
		},
		{
			"name": "npc_star_affinity",
			"value": 5
		},
		{
			"name": "npc_chat",
			"title":"Kanpai !",
			"type": 1,
			"target": "current_star",
			"speaker": "Game",
			"duration": 3,
			"helper": "This action will fire an npc chat, it act live wait for second",
			"helperTitle": "Dialog : run an npc chat"
		},
		{
			"name": "applyEffect_entity",
			"tag": "player",
			"value": "Drunk",
			"helper": "This action will apply effect to an entity",
			"helperTitle": "Entity : apply effect to entity"
		}
	]
	
	
}