{

	"name":"Drink a coffee",
	"tag":"drinkcoffee",
	"timer":0,
	"sorttag":"basic_interact",
		"display":"place",
	"trigger":{
		"condition01":{
			"name":"custom_place_type",
			"value":0
			
		},
		"condition02":{
			"name":"custom_room_type",
			"value":1
			
		},
		"condition03":{
			"name":"look_at_object",
			"value":"coffe",
			
		}
	},
	"requirement": [

        ["condition01"],["condition02"],["condition03"]

    ],
	"action":
	[
		
		{
			"name": "add_stat",
			"value": "Health",
			"score":5
		},
		{
			"name": "npc_star_affinity",
			"value": 0.5
		},
		{
			"name": "remove_money",
			"value": 10
		},
		{
			"name": "npc_chat",
			"title":"This Latte is very good ! Thanks !",
			"type": 1,
			"target": "current_star",
			"speaker": "Game",
			"duration": 3,
			"helper": "This action will fire an npc chat, it act live wait for second",
			"helperTitle": "Dialog : run an npc chat"
		},
			{
			"name": "applyEffect_entity",
			"tag": "player",
			"value": "CombatStim",
			"helper": "This action will apply effect to an entity",
			"helperTitle": "Entity : apply effect to entity"
		}
	]
	
	
}