{

	"name": "Invite Star for Sex",
	"tag": "havesex",
	"timer": 0,
	"sorttag": "event_interact",
	"display": "place",
	"trigger": {

		"affinity": {
			"name": "npc_star_affinity",
			"value": 40

		},
		"auto": {
			"name": "auto"

		}
	},
	"requirement": [

		["affinity"]

	],
	"action": [
		{



			"name": "phone_notification",
			"title": "Hey youu!",
			"desc": "Feelin' Frisky? alright, let's meet at Jig Jig.",
			"duration": 10

		}, {
			
		"name": "simple_message",
		"value": "Meet at Jig Jig Street!"
		
		}, {
			"name": "set_mappin",
				"x": -651,
				"y": 842,
				"z": 19,
		"tag": "sexspot",
		"typemap": "ExclamationMarkVariant",
		"wall": true,
		"active": true,
		"mapgroup": "",
		"title": "Partner Location",
		"desc": "",

		"position": "at",
		"position_random": false,
		"position_helper": "at||poi_district|| poi_subdistrict|| poi_current_district|| poi_current_subdistrict|| relative_to_entity||on_entity||on_group|| node|| current_node|| poi_tag|| fasttravel|| custom_place||custom_room||current_fasttravel||current_custom_mappin",

		"position_tag": "",
		"position_tag_helper": "judy01||playerhouse01||playerhouse_bed||",

		"position_way": "normal",
		"position_way_helper": "normal||behind||forward",

		"position_poi_district": "",
		"position_poi_subdistrict": "",
		"position_poi_is_for_car": false,
		"position_poi_from_position": false,
		"position_poi_use_location_tag": false,
		"position_poi_range": 50,
		"position_poi_type": 1,


		"position_distance": 5,

		"position_house_way": "default||enter||exit",

		"position_house_tag": "playerhouse01",

		"position_node_current_detection_range": 70,
		"position_node_usegameplay": false,

		"help": "This action will summon a custom npc with several custom parameter ",
		"helper": "This action will summon a custom npc with several custom parameter ",
		"helperTitle": "Map : Set Mappin"
		}, {
			"name": "wait_for_trigger",
			"trigger": {
				"name": "3Dposition",
				"x": -651,
				"y": 842,
				"z": 19,
				"range": 15
			}
		}, {





			"name": "swap_character_current_star",
			"target": "Character.wbr_jpn_prostitute_female"
			
		},
		{
			"name": "notify",
			"value": "Play scene first for Character swap."
		}, {


			"name": "npc_chat",
			"title": "I was waiting for you!",
			"type": 1,
			"target": "player",
			"speaker": "current_star",
			"duration": 5,
			"helper": "This action will fire an npc chat, it act live wait for second",
			"helperTitle": "Dialog : run an npc chat"
		},
		{
			"name": "npc_star_affinity",
			"value": 5
		}






	]


}