{
	"name": "Making Quota?",
	"tag": "Intel",
	"timer": 0,
	"type": "interact",
	"display": "event_interact",
	"hold": false,
	"key": "QuickMelee",
	"sorttag": "basic_interact",
	"trigger": {
		"condition01": {
			"name": "look_at_object",
			"value": "ncpd"
		},
		"condition02": {
			"name": "can_use_preventionsystemspawn"
		}
	},
	"requirement": [
		["condition01", "condition02"]
	],
	"action": [{
			"name": "random_subtitle",
			"title": [
				"Cops lounging around, tsk tsk, I heard quota is comin' up. Help me, I help you out and throw in some eds.",
				"Hmmm Isn't quota deadlines coming soon for you sad chooms?",
				"Pretty sure there's a Deadline of some sort coming for you guys",
				"Loungin' about while your quotas are eating dirt right now",
				"Workin' hard on those quotas",
				"Look at the Protectors of the City, Protecting..."
			],
			"type": 1,
			"target": "player",
			"speaker": "V",
			"duration": 4
		}, {
			"name": "random_subtitle",
			"title": [
				"Any intel or things needing to be taken care of?",
				"Need trash that needs taking out?",
				"Got any baddies around here that you're too lazy to deal with?",
				"Want me to do your job for you? I already know you want Eds, you poorly paid SOBs",
				"Need work done?",
				"Need a merc's work for a bit?"
			],
			"type": 1,
			"target": "player",
			"speaker": "V",
			"duration": 3
		}, {
			"name": "if",
			"trigger": {
				"name": "entity_gender",
				"value": "male",
				"tag": "lookat"
			},
			"if_action": [{
				"name": "random_subtitle",
				"title": [
					"Fuck it, fine.",
					"Ah, Fuckin Merc. You didn't do this for us, Alright!?",
					"Fuck it, this city is gonna burn anyways",
					"Might as well make better money quicker in this fuckin' job",
					"You weren't here and I wasn't telling you this",
					"Eh! Fuckin' aye! why not.",
					"Really?!? Fuck it! Go for it",
					"Alright, go get your shit kicked in, merc. 1 second.",
					"mmmm.. Alright, I could use the lazy day, today.",
					"Hey Shit! Fuckin' go for it!",
					"Wow some Vigilante you are.... Alright hold on.",
					"What are you? a Fuckin' Night City Knight? ha ha ha ha. Alright, hold on.",
					"Fuck it, let's see some fireworks.",
					"Alright, lemme call in my dispatch. Fuckin mercs....",
					"Oh! Doin' our work? no..... fuck it... I rather live today. 1 second."
				],
				"type": 1,
				"target": "player",
				"speaker": "Judy",
				"duration": 3,
				"context": {
					"trigger": {
						"condition01": {
							"name": "auto"
						}
					},
					"requirement": [
						["condition01"]
					],
					"prop": {
						"speaker": {
							"type": "text",
							"text": "##text",
							"values": {
								"text": {
									"type": "random_text",
									"list": [
										"Officer Bennett Mullins",
										"Officer Coleman Gentry",
										"Officer Brandon Ruiz",
										"Officer Zayne Mcguire",
										"Officer Jimmy Ruiz",
										"Officer Walker Christensen",
										"Officer Lawson Knight",
										"Officer Demarcus Yates",
										"Officer Emerson Gross",
										"Officer Charles Xavier",
										"Officer Braedon Houston",
										"Officer Ignacio Fox",
										"Officer Shamar Vance",
										"Officer Gideon Yates",
										"Officer Vektor",
										"Officer Wolf",
										"Officer Drew Kahmeena",
										"Officer Akira Gojira",
										"Officer Donk, Le Fou",
										"Officer Cohen Orozco",
										"Officer Moises Paul",
										"Officer Jamir Roth",
										"Officer Mathew Lee",
										"Officer Leon Nixon",
										"Officer Todd Bonilla",
										"Officer Aden Hicks",
										"Officer Vlad Jackov"
									]
								}
							}
						}
					}
				}
			}],
			"else_action": [{
				"name": "random_subtitle",
				"title": [
					"Fuck it, fine.",
					"Ah, Fuckin Merc. You didn't do this for us, Alright!?",
					"Fuck it, this city is gonna burn anyways",
					"Might as well make better money quicker in this fuckin' job",
					"You weren't here and I wasn't telling you this",
					"Eh! Fuckin' aye! why not.",
					"Really?!? Fuck it! Go for it",
					"Alright, go get your shit kicked in, merc. 1 second.",
					"mmmm.. Alright, I could use the lazy day, today.",
					"Hey Shit! Fuckin' go for it!",
					"Wow some Vigilante you are.... Alright hold on.",
					"What are you? a Fuckin' Night City Knight? ha ha ha ha. Alright, hold on.",
					"Fuck it, let's see some fireworks.",
					"Alright, lemme call in my dispatch. Fuckin mercs....",
					"Oh! Doin' our work? no..... fuck it... I rather live today. 1 second."
				],
				"type": 1,
				"target": "player",
				"speaker": "Judy",
				"duration": 2,
				"context": {
					"trigger": {
						"condition01": {
							"name": "auto"
						}
					},
					"requirement": [
						["condition01"]
					],
					"prop": {
						"speaker": {
							"type": "text",
							"text": "##text",
							"values": {
								"text": {
									"type": "random_text",
									"list": [
										"Officer Jewel Rivas",
										"Officer Zwei Vénéneuse",
										"Officer Payton Cortez",
										"Officer Gretchen Pineda",
										"Officer Aniyah Gonzales",
										"Officer Emmalee Madden",
										"Officer Trinity Malan",
										"Officer Sharkeisha Holmes",
										"Officer Alexandria Giles",
										"Officer Karley Cole",
										"Officer Leyla Barron",
										"Officer Yasmine Wise",
										"Officer Dominique Bradshaw",
										"Officer Autumn Greene",
										"Officer Mila Orr",
										"Officer Ramona Flowers",
										"Officer Kayla Rojas",
										"Officer Amber Yu",
										"Officer Adrien Yang",
										"Officer Elisa Boone",
										"Officer Addisyn Wright",
										"Officer Heather Best",
										"Officer Kaya Ward",
										"Officer Kristina Huff",
										"Officer Jakayla Golden",
										"Officer Kadence Petty",
										"Officer Mila Rice",
										"Officer Sydnee Wallace"
									]
								}
							}
						}
					}
				}
			}]
		},
		{
			"name": "set_mappin",

			"tag": "kill_pin",
			"typemap": "ExclamationMarkVariant",
			"wall": true,
			"active": true,
			"mapgroup": "lnced",
			"title": "Gang Activity",
			"desc": "Help NCPD Quota",
			"position": "poi",
			"position_helper": "at||relative_to_entity||node||player_look_at||poi||mappin||fasttravel||custom_place||custom_room",
			"position_change_helper": "Write 'current' in position_tag for get current node,mappin, fasttravel, custom_place or custom_room. \n For poi if you write 'current' in position_poi_district you will get the current district, \n if you write 'current in position_poi_subdistrict you will get the current subdistrict. \n also if you write 'random' in position_poi_subdistrict or position_poi_district, you will get an 'random' value",
			"position_range": 50,
			"position_lookatdistance": 0,
			"position_tag": "",
			"position_tag_helper": "judy01||playerhouse01||playerhouse_bed||",
			"position_way": "normal",
			"position_way_helper": "normal||behind||forward",
			"position_poi_district": "",
			"position_poi_subdistrict": "",
			"position_poi_is_for_car": false,
			"position_poi_from_position": false,
			"position_poi_use_location_tag": false,
			"position_poi_type": 1,
			"position_distance": 5,
			"position_house_way": "default",
			"position_house_way_helper": "default||enter||exit",
			"position_house_tag": "playerhouse01",
			"position_node_usegameplay": false,
			"x": 0,
			"y": 0,
			"z": 0,
			"help": "This action will summon a custom npc with several custom parameter ",
			"helper": "This action will summon a custom npc with several custom parameter ",
			"helperTitle": "Map : Set Mappin"
		},
		{
			"name": "wait_second",
			"value": 2
		},
		{

			"name": "play_game_sound",
			"value": "ui_menu_attributes_progress_bar_start"
		}, {
			"name": "simple_message",
			"value": "Uploading Location to Holo Map..."
		}, {
			"name": "wait_second",
			"value": 4
		},
		{
			"name": "stop_game_sound",
			"value": "ui_menu_attributes_progress_bar_start"
		}, {
			"name": "do_function",
			"value": "kill_JPT_NS_SD_HEY_LNCED",
			"parallele": false,
			"applyto": ""
		}
	]
}