[{
	"Desc": "Fuck Where You need to be, Take a fucking Hike, Or We'll chase you out.",
	"trigger": {
		"auto": {
			"helperTitle": "Auto",
			"name": "auto",
			"helper": "This trigger will be triggered without need anything (default)"
		}
	},
	"Tag": "blockdialog2",
	"requirement": [
		["auto"]
	],
	"options": [{
		"requirement": [
			["auto"]
		],
		"trigger": {
			"auto": {
				"helperTitle": "Auto",
				"name": "auto",
				"helper": "This trigger will be triggered without need anything (default)"
			}
		},
		"action": [{
			"value": false,
			"window": "Interact",
			"helperTitle": "Dialog : open||close a specific dialog window ",
			"helper": "This action will open||close a specific dialog window",
			"name": "change_dialog_windows"
		}, {
			"name": "move_entity_at_entity_relative",
			"entity": "block1",
			"x": -0.5,
			"y": 0,
			"z": 0,
			"move": "Sprint",
			"tag": "goon_1"
		}, {
			"name": "move_entity_at_entity_relative",
			"entity": "block2",
			"x": -0.5,
			"y": 0,
			"z": 0,
			"move": "Sprint",
			"tag": "goon_2"
		}, {
			"name": "move_entity_at_entity_relative",
			"entity": "block3",
			"x": -0.5,
			"y": 0,
			"z": 0,
			"move": "Sprint",
			"tag": "goon_3"
		}, {
			"name": "move_entity_at_entity_relative",
			"entity": "block4",
			"x": -0.5,
			"y": 0,
			"z": 0,
			"move": "Sprint",
			"tag": "goon_4"
		}, {
			"name": "wait_second",
			"value": 3
		}, {
			"name": "entity_set_seat",
			"tag": "goon_1",
			"vehicle": "block1",
			"waitforsit": true,
			"seat": "seat_front_left"
		}, {
			"name": "entity_set_seat",
			"tag": "goon_2",
			"vehicle": "block2",
			"waitforsit": true,
			"seat": "seat_front_left"
		}, {
			"name": "entity_set_seat",
			"tag": "goon_3",
			"vehicle": "block3",
			"waitforsit": true,
			"seat": "seat_front_left"
		}, {
			"name": "entity_set_seat",
			"tag": "goon_4",
			"vehicle": "block4",
			"waitforsit": true,
			"seat": "seat_front_left"
		}, {
			"name": "notify",
			"value": "They give you a 5 second head start. Run."

		}, {
			"name": "wait_second",
			"value": 3
		}, {
			"name": "look_at_entity_entity",
			"tag": "goon_1",
			"entity": "player"
		}, {
			"name": "look_at_entity_entity",
			"tag": "goon_2",
			"entity": "player"
		}, {
			"name": "look_at_entity_entity",
			"tag": "goon_3",
			"entity": "player"
		}, {
			"name": "attitude_group_against_entity",
			"attitude": "hostile",
			"tag": "goonsquad",
			"entity": "player"
		}, {
			"name": "wait_second",
			"value": 0.5
		}, {
			"name": "vehicle_follow_entity",
			"tag": "player",
			"vehicle": "block1"
		}, {
			"name": "wait_second",
			"value": 0.5
		}, {
			"name": "vehicle_follow_entity",
			"tag": "player",
			"vehicle": "block2"
		}, {
			"name": "wait_second",
			"value": 0.5
		}, {

			"name": "vehicle_follow_entity",
			"tag": "player",
			"vehicle": "block3"
		}, {
			"name": "wait_second",
			"value": 0.5
		}, {

			"name": "vehicle_follow_entity",
			"tag": "player",
			"vehicle": "block4"
		}, {
			"name": "wait_for_trigger",
		"trigger": {
			"name": "killed_group",
			"tag": "goonsquad"
		}
	}, {
		"name": "gang_affinity",
		"value": "faction_maelstrom",
		"score": -10
	}, {
		"name": "clean_thread",
		"tag": "Blockade_northside_1"
	}, {
		"name": "notify",
		"value": "You survived! Get out of here, More may show up."
		}],
		"Description": "Bring it, Gonks!"
	}, {
		"requirement": [
			[]
		],
		"trigger": {
			"auto": {
				"helperTitle": "Auto",
				"name": "auto",
				"helper": "This trigger will be triggered without need anything (default)"
			}
		},
		"action": [{
			"value": false,
			"window": "Interact",
			"helperTitle": "Dialog : open||close a specific dialog window ",
			"helper": "This action will open||close a specific dialog window",
			"name": "change_dialog_windows"
		}, {
			"attitude": "hostile",
			"tag": "goonsquad",
			"entity": "player",
			"helperTitle": "Group : change attitude against another entity",
			"name": "attitude_group_against_entity",
			"helper": "This action will change attitude from a group to a entity(friendly||hostile||companion||passive||psycho)"
		}],
		"Description": "How about we just get this over with now!"
	}, {
		"requirement": [
			["auto"]
		],
		"trigger": {
			"auto": {
				"helperTitle": "Auto",
				"name": "auto",
				"helper": "This trigger will be triggered without need anything (default)"
			}
		},
		"action": [{
			"attitude": "passive",
			"tag": "goonsquad",
			"entity": "player",
			"helperTitle": "Group : change attitude against another entity",
			"name": "attitude_group_against_entity",
			"helper": "This action will change attitude from a group to a entity(friendly||hostile||companion||passive||psycho)"
		}],
		"Description": "you know what, I'm beat, I'm goin' somewhere else. See ya. "
	}],
	"havequitoption": false,
	"speaker": {
		"way": "interact",
		"value": "Gang Member"
	}
}]