{
	"name": "Join Gang",
	"tag": "joingang",
	"display": "event_interact",
	"timer": 0,
	"sorttag": "0",
	"trigger": {
		"fixer": {


			"name": "testFor",
			"triggers": [{
					"name": "npc",
					"way": "fixer",
					"value": "fixer_rita"
				},
				{
					"name": "npc",
					"way": "fixer",
					"value": "fixer_rogue"
				},
				{
					"name": "npc",
					"way": "fixer",
					"value": "fixer_regina"
				},
				{
					"name": "npc",
					"way": "fixer",
					"value": "fixer_dino"
				}, {
					"name": "npc",
					"way": "fixer",
					"value": "fixer_padre"
				},
				{
					"name": "npc",
					"way": "fixer",
					"value": "fixer_captain"
				},
				{
					"name": "npc",
					"way": "fixer",
					"value": "fixer_patricia"
				}, {
					"name": "npc",
					"way": "fixer",
					"value": "fixer_dakota"
				}, {
					"name": "npc",
					"way": "fixer",
					"value": "fixer_michiko"
				}, {
					"name": "npc",
					"way": "fixer",
					"value": "fixer_maxtac"
				}, {
					"name": "npc",
					"way": "fixer",
					"value": "fixer_meredith"
				}, {
					"name": "npc",
					"way": "fixer",
					"value": "fixer_kangtao"
				}, {
					"name": "npc",
					"way": "fixer",
					"value": "fixer_traumateam"
				}, {
					"name": "npc",
					"way": "fixer",
					"value": "fixer_nash"
				}, {
					"name": "npc",
					"way": "fixer",
					"value": "fixer_jean"
				}, {
					"name": "npc",
					"way": "fixer",
					"value": "fixer_fred"
				}, {
					"name": "npc",
					"way": "fixer",
					"value": "fixer_wakako"
				}
			],
			"logic": "or"



		},

		"gang": {

			"name": "testFor",
			"triggers": [{
					"name": "compare",
					"trigger": {
						"name": "player_current_gang",
						"value": "faction_mox"
					},
					"expected": false
				},
				{
					"name": "compare",
					"trigger": {
						"name": "player_current_gang",
						"value": "faction_tygerclaws"
					},
					"expected": false
				},
				{
					"name": "compare",
					"trigger": {
						"name": "player_current_gang",
						"value": "faction_valentinos"
					},
					"expected": false
				},
				{
					"name": "compare",
					"trigger": {
						"name": "player_current_gang",
						"value": "faction_scavengers"
					},
					"expected": false
				},
				{
					"name": "compare",
					"trigger": {
						"name": "player_current_gang",
						"value": "faction_maelstrom"
					},
					"expected": false
				}, {
				
				"name": "compare",
					"trigger": {
						"name": "player_current_gang",
						"value": "faction_afterlife"
					},
					"expected": false
				},
				{

					"name": "compare",
					"trigger": {
						"name": "player_current_gang",
						"value": "faction_aldecaldos"
					},
					"expected": false
				},
				{
					"name": "compare",
					"trigger": {
						"name": "player_current_gang",
						"value": "faction_maxtac"
					},
					"expected": false
				},
				{
					"name": "compare",
					"trigger": {
						"name": "player_current_gang",
						"value": "faction_arasaka"
					},
					"expected": false
				},
				{
					"name": "compare",
					"trigger": {
						"name": "player_current_gang",
						"value": "faction_militech"
					},
					"expected": false
				},
				{
					"name": "compare",
					"trigger": {
						"name": "player_current_gang",
						"value": "faction_kangtao"
					},
					"expected": false
				},
				{
					"name": "compare",
					"trigger": {
						"name": "player_current_gang",
						"value": "faction_traumateam"
					},
					"expected": false
				},
				{

					"name": "compare",
					"trigger": {
						"name": "player_current_gang",
						"value": "faction_wraiths"
					},
					"expected": false
				},
				{
					"name": "compare",
					"trigger": {
						"name": "player_current_gang",
						"value": "faction_voodooboys"
					},
					"expected": false
				},
				{
					"name": "compare",
					"trigger": {
						"name": "player_current_gang",
						"value": "faction_animals"
					},
					"expected": false
				},
				{
					"name": "compare",
					"trigger": {
						"name": "player_current_gang",
						"value": "faction_sixthstreet"
					},
					"expected": false
				}
			],
			"logic": "or"
		}



	},
	"requirement": [
		[
			"fixer", "gang"
		]
	],
	"action": [


		{
			"name": "if",
			"trigger": {
				"name": "npc",
				"way": "fixer",
				"value": "fixer_rita"
			},
			"if_action": [{
				"name": "open_interface",
				"tag": "mox_ui"
			}],
			"else_action": [{
				"name": "nothing"
			}]

		}, {
			"name": "if",
			"trigger": {
				"name": "npc",
				"way": "fixer",
				"value": "fixer_dino"
			},
			"if_action": [{
				"name": "open_interface",
				"tag": "scavs_ui"
			}],
			"else_action": [{
				"name": "nothing"
			}]

}, {
			"name": "if",
			"trigger": {
				"name": "npc",
				"way": "fixer",
				"value": "fixer_rogue"
			},
			"if_action": [{
				"name": "open_interface",
				"tag": "afterlife_ui"
			}],
			"else_action": [{
				"name": "nothing"
			}]

		}, {
			"name": "if",
			"trigger": {
				"name": "npc",
				"way": "fixer",
				"value": "fixer_wakako"
			},
			"if_action": [{
				"name": "open_interface",
				"tag": "tygers_ui"
			}],
			"else_action": [{
				"name": "nothing"
			}]

		}, {
			"name": "if",
			"trigger": {
				"name": "npc",
				"way": "fixer",
				"value": "fixer_captain"
			},
			"if_action": [{
				"name": "open_interface",
				"tag": "6th_ui"
			}],
			"else_action": [{
				"name": "nothing"
			}]

		}, {
			"name": "if",
			"trigger": {
				"name": "npc",
				"way": "fixer",
				"value": "fixer_padre"
			},
			"if_action": [{
				"name": "open_interface",
				"tag": "val_ui"
			}],
			"else_action": [{
				"name": "nothing"
			}]
		}, {
			"name": "if",
			"trigger": {
				"name": "npc",
				"way": "fixer",
				"value": "fixer_regina"
			},
			"if_action": [{
				"name": "open_interface",
				"tag": "ncpd_ui"
			}],
			"else_action": [{
				"name": "nothing"
			}]
		}, {
			"name": "if",
			"trigger": {
				"name": "npc",
				"way": "fixer",
				"value": "fixer_maxtac"
			},
			"if_action": [{
				"name": "open_interface",
				"tag": "maxtac_ui"
			}],
			"else_action": [{
				"name": "nothing"
			}]
		}, {
			"name": "if",
			"trigger": {
				"name": "npc",
				"way": "fixer",
				"value": "fixer_patricia"
			},
			"if_action": [{
				"name": "open_interface",
				"tag": "mael_ui"
			}],
			"else_action": [{
				"name": "nothing"
			}]
		}, {
			"name": "if",
			"trigger": {
				"name": "npc",
				"way": "fixer",
				"value": "fixer_dakota"
			},
			"if_action": [{
				"name": "open_interface",
				"tag": "aldecaldos_ui"
			}],
			"else_action": [{
				"name": "nothing"
			}]
		}, {
			"name": "if",
			"trigger": {
				"name": "npc",
				"way": "fixer",
				"value": "fixer_nash"
			},
			"if_action": [{
				"name": "open_interface",
				"tag": "wraiths_ui"
			}],
			"else_action": [{
				"name": "nothing"
			}]
		}, {
			"name": "if",
			"trigger": {
				"name": "npc",
				"way": "fixer",
				"value": "fixer_jean"
			},
			"if_action": [{
				"name": "open_interface",
				"tag": "vdb_ui"
			}],
			"else_action": [{
				"name": "nothing"
			}]
		}, {
			"name": "if",
			"trigger": {
				"name": "npc",
				"way": "fixer",
				"value": "fixer_fred"
			},
			"if_action": [{
				"name": "open_interface",
				"tag": "animals_ui"
			}],
			"else_action": [{
				"name": "nothing"
			}]
		}, {
			"name": "if",
			"trigger": {
				"name": "npc",
				"way": "fixer",
				"value": "fixer_michiko"
			},
			"if_action": [{
				"name": "open_interface",
				"tag": "arasaka_ui"
			}],
			"else_action": [{
				"name": "nothing"
			}]
		}, {
			"name": "if",
			"trigger": {
				"name": "npc",
				"way": "fixer",
				"value": "fixer_meredith"
			},
			"if_action": [{
				"name": "open_interface",
				"tag": "militech_ui"
			}],
			"else_action": [{
				"name": "nothing"
			}]
		}, {
			"name": "if",
			"trigger": {
				"name": "npc",
				"way": "fixer",
				"value": "fixer_kangtao"
			},
			"if_action": [{
				"name": "open_interface",
				"tag": "kangtao_ui"
			}],
			"else_action": [{
				"name": "nothing"
			}]
		}, {
			"name": "if",
			"trigger": {
				"name": "npc",
				"way": "fixer",
				"value": "fixer_traumateam"
			},
			"if_action": [{
				"name": "open_interface",
				"tag": "traumateam_ui"
			}],
			"else_action": [{
				"name": "nothing"
			}]



		}


	]
}