{
	"name": "Join Gang",
	"tag": "joingang",
	"display": "event_interact",
	"timer": 0,
	"sorttag": "0",
	"trigger": {
		"gang": {
			"name": "player_current_gang",
			"value": "faction_mox"
		}
	},
	"requirement": [
		[
			"gang"
		]
	],
	"action": [{
		"name": "if",
		"trigger": {
			"name": "npc",
			"way": "fixer",
			"value": "fixer_rita"
		},
		"if_action": [{
			"name": "open_interface",
			"tag": "mox_ui"
		}],
		"else_action": [{}]
	}, {
		"name": "if",
		"trigger": {
			"name": "npc",
			"way": "fixer",
			"value": "fixer_dino"
		},
		"if_action": [{
			"name": "open_interface",
			"tag": "scavs_ui"
		}],
		"else_action": [{}]

	}, {
		"name": "if",
		"trigger": {
			"name": "npc",
			"way": "fixer",
			"value": "fixer_rogue"
		},
		"if_action": [{
			"name": "open_interface",
			"tag": "afterlife_ui"
		}],
		"else_action": [{}]
	}, {
		"name": "if",
		"trigger": {
			"name": "npc",
			"way": "fixer",
			"value": "fixer_wakako"
		},
		"if_action": [{
			"name": "open_interface",
			"tag": "tygers_ui"
		}],
		"else_action": [{}]
	}, {
		"name": "if",
		"trigger": {
			"name": "npc",
			"way": "fixer",
			"value": "fixer_captain"
		},
		"if_action": [{
			"name": "open_interface",
			"tag": "6th_ui"
		}],
		"else_action": [{}]

	}, {
		"name": "if",
		"trigger": {
			"name": "npc",
			"way": "fixer",
			"value": "fixer_padre"
		},
		"if_action": [{
			"name": "open_interface",
			"tag": "val_ui"
		}],
		"else_action": [{}]
	}, {
		"name": "if",
		"trigger": {
			"name": "npc",
			"way": "fixer",
			"value": "fixer_regina"
		},
		"if_action": [{
			"name": "open_interface",
			"tag": "ncpd_ui"
		}],
		"else_action": [{}]
	}, {
		"name": "if",
		"trigger": {
			"name": "npc",
			"way": "fixer",
			"value": "fixer_maxtac"
		},
		"if_action": [{
			"name": "open_interface",
			"tag": "maxtac_ui"
		}],
		"else_action": [{}]
	}, {
		"name": "if",
		"trigger": {
			"name": "npc",
			"way": "fixer",
			"value": "fixer_patricia"
		},
		"if_action": [{
			"name": "open_interface",
			"tag": "mael_ui"
		}],
		"else_action": [{}]
	}, {
		"name": "if",
		"trigger": {
			"name": "npc",
			"way": "fixer",
			"value": "fixer_dakota"
		},
		"if_action": [{
			"name": "open_interface",
			"tag": "aldecaldos_ui"
		}],
		"else_action": [{}]
	}, {
		"name": "if",
		"trigger": {
			"name": "npc",
			"way": "fixer",
			"value": "fixer_nash"
		},
		"if_action": [{
			"name": "open_interface",
			"tag": "wraiths_ui"
		}],
		"else_action": [{}]
	}, {
		"name": "if",
		"trigger": {
			"name": "npc",
			"way": "fixer",
			"value": "fixer_jean"
		},
		"if_action": [{
			"name": "open_interface",
			"tag": "vdb_ui"
		}],
		"else_action": [{}]
	}, {
		"name": "if",
		"trigger": {
			"name": "npc",
			"way": "fixer",
			"value": "fixer_fred"
		},
		"if_action": [{
			"name": "open_interface",
			"tag": "animals_ui"
		}],
		"else_action": [{}]
	}, {
		"name": "if",
		"trigger": {
			"name": "npc",
			"way": "fixer",
			"value": "fixer_michiko"
		},
		"if_action": [{
			"name": "open_interface",
			"tag": "arasaka_ui"
		}],
		"else_action": [{}]
	}, {
		"name": "if",
		"trigger": {
			"name": "npc",
			"way": "fixer",
			"value": "fixer_meredith"
		},
		"if_action": [{
			"name": "open_interface",
			"tag": "militech_ui"
		}],
		"else_action": [{}]
	}, {
		"name": "if",
		"trigger": {
			"name": "npc",
			"way": "fixer",
			"value": "fixer_kangtao"
		},
		"if_action": [{
			"name": "open_interface",
			"tag": "kangtao_ui"
		}],
		"else_action": [{}]
	}, {
		"name": "if",
		"trigger": {
			"name": "npc",
			"way": "fixer",
			"value": "fixer_traumateam"
		},
		"if_action": [{
			"name": "open_interface",
			"tag": "traumateam_ui"
		}],
		"else_action": [{}]
	}]
}