{
	"action": [{
		"name": "wait_for_trigger",
		"trigger": {
			"name": "compare",
			"trigger": {
				"name": "event_is_triggered",
				"tag": "Crowd_manager"
			},
			"expected": false
		}
	}, {
		"name": "wait",
		"value": 4
	}, {
		"name": "do_event",
		"parallele": false,
		"value": "Crowd_manager"
	}],
	"name": "Crowd_refresher",
	"requirement": [
		["auto"]
	],
	"tag": "Crowd_refresher",
	"trigger": {
		"auto": {
			"name": "auto"
			
		}
	},
	"way": "init"
}