{
	"name": "CarCrash",
	"tag": "CarCrash",

	"action": [{
		"name": "for",
		"amount": 5,
		"context": {
			"trigger": {
				"condition01": {
					"name": "auto"

				}
			},
			"requirement": [

				["condition01"]


			],
			"prop": {
				"amount": {
					"type": "number",
					"text": "##amountnumber1",
					"values": {
						"amountnumber1": {
							"type": "random_number",
							"list": [
								2,
								3,
								4



							]
						}
					}
				}
			}
		},
		"action": [{
			"position_house_way_helper": "default||enter||exit",
			"spawnlevel": 1,
			"spawn_system": 3,
			"source_list": ["Vehicle.cs_savable_villefort_columbus", "Vehicle.cs_savable_quadra_turbo", "Vehicle.cs_savable_thorton_colby", "Vehicle.cs_savable_thorton_galena", "Vehicle.cs_savable_thorton_galena", "Vehicle.v_sport1_rayfield_caliburn"],
			"source_gang": "faction_mox",
			"source_helper": "vehicle||faction||current_district_leader||current_subdistrict_leader||district_leader||subdistrict_leader||random||from_list||district_rival||subdistrict_rival||current_district_rival||current_subdistrict_rival",
			"helper": "This action will summon Vehicle with several custom parameter ",
			"source_tag_helper": "Vehicle.cs_savable_archer_hella_police_siren||faction_mox||district_westbrook||NorthOaks",
			"position_distance": 60,
			"position": "poi",
			"tag": "taxi_delamain_taxi",
			"helperTitle": "Vehicle : Spawn a Vehicle",
			"isAV": false,
			"position_helper": "at||relative||node||current_node||poi||mappin||fasttravel||current_fasttravel||custom_place||custom_room||current_custom_place||current_custom_room",
			"position_house_way": "default",
			"position_poi_range": 90,
			"create_group_if_not_exist": true,
			"position_node_usegameplay": false,
			"source_tag": "Vehicle.v_standard2_villefort_cortes_delamain",
			"x": 0,
			"position_way": "normal",
			"help": "This action will summon a Vehicle with several custom parameter ",
			"position_poi_from_position": true,
			"position_poi_is_for_car": true,
			"appearance": "",
			"position_house_tag": "playerhouse01",
			"z": 0,
			"wait_for_vehicle": false,
			"y": 0,
			"appears_from_behind": false,
			"scriptlevel": 0,
			"position_tag": "",
			"position_node_current_detection_range": 70,
			"position_poi_subdistrict": "",
			"group": "crashdummies",
			"source": "from_list",
			"amount": 1,
			"position_poi_type": 21,
			"position_way_helper": "normal||behind||forward",
			"position_poi_use_location_tag": false,
			"position_poi_district": "",
			"source_use_rival": false,
			"name": "spawn_vehicule_v2",
			"position_tag_helper": "judy01||playerhouse01||playerhouse_bed||",
			"context": {
				"trigger": {
					"condition01": {
						"name": "auto"
					}
				},
				"requirement": [

					["condition01"]
				],
				"prop": {
					"tag": {
						"type": "text",
						"text": "Car##amountnumber1",
						"values": {
							"amountnumber1": {
								"type": "random_text",
								"list": [
									"crash1",
									"crash2",
									"crash3",
									"crash4",
									"crash5",
									"crash6",
									"crash7"
								]
							}
						}
					}
				}
			}
		}]
	}, {
		"name": "wait",
		"value": 5,
		"context": {
			"trigger": {
				"condition01": {
					"name": "auto"
				}
			},
			"requirement": [

				["condition01"]
			],
			"prop": {
				"value": {
					"type": "number",
					"text": "##amountnumber1",
					"values": {
						"amountnumber1": {
							"type": "random_number",
							"list": [
								1,
								4,
								3,
								2,
								6,
								5,
								7,
								8,
								9,
								10,
								15,
								20,
								30
							]
						}
					}
				}
			}
		}
	}, {
		"name": "despawn_group",
		"tag": "crashdummies"
	}, {
		"name": "wait_second",
		"value": 0.5
	}, {
		"name": "remove_group",
		"tag": "crashdummies"
	}]
}