{
	"name": "CarJack",
	"tag": "CarJack",
	"action": [{
			"name": "random_custom_score",
			"variable": "robbery_event_score",
			"min": 1,
			"max": 900
		}, {
			"position_house_way_helper": "default||enter||exit",
			"spawnlevel": 36,
			"spawn_system": 3,
			"source_list": ["Vehicle.cs_savable_villefort_columbus", "Vehicle.cs_savable_quadra_turbo", "Vehicle.cs_savable_thorton_colby", "Vehicle.cs_savable_thorton_galena", "Vehicle.cs_savable_thorton_galena", "Vehicle.v_sport1_rayfield_caliburn"],
			"source_gang": "faction_mox",
			"source_helper": "vehicle||faction||current_district_leader||current_subdistrict_leader||district_leader||subdistrict_leader||random||from_list||district_rival||subdistrict_rival||current_district_rival||current_subdistrict_rival",
			"helper": "This action will summon Vehicle with several custom parameter ",
			"source_tag_helper": "Vehicle.cs_savable_archer_hella_police_siren||faction_mox||district_westbrook||NorthOaks",
			"position_distance": 50,
			"position": "poi",
			"tag": "taxi_delamain_taxi",
			"helperTitle": "Vehicle : Spawn a Vehicle",
			"isAV": false,
			"position_helper": "at||relative||node||current_node||poi||mappin||fasttravel||current_fasttravel||custom_place||custom_room||current_custom_place||current_custom_room",
			"position_house_way": "default",
			"position_poi_range": 50,
			"create_group_if_not_exist": false,
			"position_node_usegameplay": false,
			"source_tag": "Vehicle.v_standard2_villefort_cortes_delamain",
			"x": 0,
			"position_way": "normal",
			"help": "This action will summon a Vehicle with several custom parameter ",
			"position_poi_from_position": true,
			"position_poi_is_for_car": true,
			"appearance": "",
			"position_house_tag": "playerhouse01",
			"z": 0,
			"wait_for_vehicle": false,
			"y": 0,
			"appears_from_behind": false,
			"scriptlevel": 0,
			"position_tag": "",
			"position_node_current_detection_range": 70,
			"position_poi_subdistrict": "",
			"group": "",
			"source": "from_list",
			"amount": 1,
			"position_poi_type": 30,
			"position_way_helper": "normal||behind||forward",
			"position_poi_use_location_tag": false,
			"position_poi_district": "",
			"source_use_rival": false,
			"name": "spawn_vehicule_v2",
			"position_tag_helper": "judy01||playerhouse01||playerhouse_bed||",
			"context": [{
				"trigger": {
					"condition01": {
						"name": "auto"
					}
				},
				"requirement": [
					[
						"condition01"
					]
				],
				"prop": {
					"tag": {
						"type": "text",
						"text": "##amountnumber1",
						"values": {
							"amountnumber1": {
								"type": "score",
								"variable": "robbery_event_score",
								"prop": "Key"
							}
						}
					}
				}
			}]
		}, {
			"name": "wait_second",
			"value": 2
		},
		{
			"name": "random_custom_score",
			"variable": "roberylnpc1_event_score",
			"min": 1,
			"max": 900
		}, {
			"name": "spawn_npc",
			"tag": "npc",
			"spawnlevel": 45,
			"use_police_prevention_system": true,
			"group": "robbery",
			"scriptlevel": 0,
			"appearance": "none",
			"create_group_if_not_exist": true,
			"source": "from_list",
			"source_helper": "npc||current_star||faction||current_district_leader||current_subdistrict_leader||district_leader||subdistrict_leader||random||from_list||district_rival||subdistrict_rival||current_district_rival||current_subdistrict_rival",
			"source_gang": "faction_delamain",
			"source_tag": "",
			"source_tag_helper": "Character.Judy||faction_mox||district_westbrook||NorthOaks",
			"source_list": ["Character.CitizenRichFemale", "Character.CitizenRichMale", "Character.CorpoMan", "Character.CorpoManBig", "Character.CorpoWomanCorporat", "Character.CorpoManArasaka", "Character.CitizenRichMaleCasual"],
			"source_use_vip": false,
			"source_use_rival": false,
			"position": "relative_to_entity",
			"position_helper": "at||relative_to_entity||node||current_node||poi||mappin||fasttravel||current_fasttravel||custom_place||custom_room||current_custom_place||current_custom_room||current_custom_mappin",
			"position_tag": "taxi_delamain_taxi",
			"position_tag_helper": "judy01||playerhouse01||playerhouse_bed||",
			"position_way": "normal",
			"position_way_helper": "normal||behind||forward",
			"position_poi_district": "",
			"position_poi_subdistrict": "",
			"position_poi_is_for_car": true,
			"position_poi_from_position": true,
			"position_poi_use_location_tag": false,
			"position_poi_range": 50,
			"position_poi_type": 2,
			"position_distance": 5,
			"position_house_way": "default||enter||exit",
			"position_house_tag": "playerhouse01",
			"position_node_current_detection_range": 40,
			"position_node_usegameplay": false,
			"x": -2,
			"y": 0,
			"z": 0,
			"amount": 1,
			"context": [{
				"trigger": {
					"condition01": {
						"name": "auto"
					}
				},
				"requirement": [
					[
						"condition01"
					]
				],
				"prop": {
					"tag": {
						"type": "text",
						"text": "##amountnumber2",
						"values": {
							"amountnumber2": {
								"type": "score",
								"variable": "roberylnpc1_event_score",
								"prop": "Key"
							}
						}
					},
					"position_tag": {
						"type": "text",
						"text": "##amountnumber1",
						"values": {
							"amountnumber1": {
								"type": "score",
								"variable": "robbery_event_score",
								"prop": "Key"
							}
						}
					}
				}
			}]
		},
		{
			"name": "random_custom_score",
			"variable": "roberylnpc2_event_score",
			"min": 1,
			"max": 900
		},
		{
				"name": "wait_second",
			"value": 1
		},
		{
			"name": "spawn_npc",
			"tag": "npc2",
			"spawnlevel": 45,
			"use_police_prevention_system": true,
			"group": "robbery",
			"scriptlevel": 0,
			"appearance": "none",
			"create_group_if_not_exist": true,
			"source": "current_district_leader",
			"source_helper": "npc||current_star||faction||current_district_leader||current_subdistrict_leader||district_leader||subdistrict_leader||random||from_list||district_rival||subdistrict_rival||current_district_rival||current_subdistrict_rival",
			"source_gang": "",
			"source_tag": "",
			"source_tag_helper": "Character.Judy||faction_mox||district_westbrook||NorthOaks",
			"source_list": ["Character.Judy"],
			"source_use_vip": false,
			"source_use_rival": true,
			"position": "relative_to_entity",
			"position_helper": "at||relative_to_entity||node||current_node||poi||mappin||fasttravel||current_fasttravel||custom_place||custom_room||current_custom_place||current_custom_room||current_custom_mappin",
			"position_tag": "taxi_delamain_taxi",
			"position_tag_helper": "judy01||playerhouse01||playerhouse_bed||",
			"position_way": "normal",
			"position_way_helper": "normal||behind||forward",
			"position_poi_district": "",
			"position_poi_subdistrict": "",
			"position_poi_is_for_car": true,
			"position_poi_from_position": true,
			"position_poi_use_location_tag": false,
			"position_poi_range": 80,
			"position_poi_type": 2,
			"position_distance": 5,
			"position_house_way": "default||enter||exit",
			"position_house_tag": "playerhouse01",
			"position_node_current_detection_range": 40,
			"position_node_usegameplay": false,
			"x": 3,
			"y": -3,
			"z": 0,
			"amount": 1,
			"context": [{
				"trigger": {
					"condition01": {
						"name": "auto"
					}
				},
				"requirement": [
					[
						"condition01"
					]
				],
				"prop": {
					"tag": {
						"type": "text",
						"text": "##amountnumber3",
						"values": {
							"amountnumber3": {
								"type": "score",
								"variable": "roberylnpc2_event_score",
								"prop": "Key"
							}
						}
					},
					"position_tag": {
						"type": "text",
						"text": "##amountnumber1",
						"values": {
							"amountnumber1": {
								"type": "score",
								"variable": "robbery_event_score",
								"prop": "Key"
							}
						}
					}
				}
			}]
		},
		{
			"name": "wait_second",
			"value": 2
		},
		{
			"name": "move_entity_at_entity_relative",
			"entity": "taxi_delamain_taxi",
			"x": -2,
			"y": 0,
			"z": 0,
			"move": "Sprint",
			"tag": "npc",
			"context": [{
				"trigger": {
					"condition01": {
						"name": "auto"
					}
				},
				"requirement": [
					[
						"condition01"
					]
				],
				"prop": {
					"entity": {
						"type": "text",
						"text": "##amountnumber1",
						"values": {
							"amountnumber1": {
								"type": "score",
								"variable": "robbery_event_score",
								"prop": "Key"
							}
						}
					},
					"tag": {
						"type": "text",
						"text": "##amountnumber2",
						"values": {
							"amountnumber2": {
								"type": "score",
								"variable": "roberylnpc1_event_score",
								"prop": "Key"
							}
						}
					}
				}
			}]
		},
		{
			"name": "vehicle_change_engine",
			"value": "on",
			"tag": "taxi_delamain_taxi",
			"context": [{
				"prop": {
					"tag": {
						"type": "text",
						"text": "##amountnumber1",
						"values": {
							"amountnumber1": {
								"type": "score",
								"variable": "robbery_event_score",
								"prop": "Key"
							}
						}
					}
				}
			}]
		},
		{
			"name": "wait_second",
			"value": 2
		},
		{
			"name": "entity_set_seat",
			"tag": "npc",
			"vehicle": "taxi_delamain_taxi",
			"waitforsit": true,
			"seat": "seat_front_left",
			"context": [{
				"trigger": {
					"condition01": {
						"name": "auto"
					}
				},
				"requirement": [
					[
						"condition01"
					]
				],
				"prop": {
					"vehicle": {
						"type": "text",
						"text": "##amountnumber1",
						"values": {
							"amountnumber1": {
								"type": "score",
								"variable": "robbery_event_score",
								"prop": "Key"
							}
						}
					}

				},
				"context": {
					"prop": {
						"tag": {
							"type": "text",
							"text": "##amountnumber2",
							"values": {
								"amountnumber2": {
									"type": "score",
									"variable": "roberylnpc1_event_score",
									"prop": "Key"
								}
							}
						}
					}
				}
			}]
		},
		{
			"name": "attitude_entity_against_entity",
			"tag": "blue01",
			"entity": "player",
			"attitude": "hostile",
			"context": [{
				"trigger": {
					"condition01": {
						"name": "auto"
					}
				},
				"requirement": [
					[
						"condition01"
					]
				],
				"prop": {
					"tag": {
						"type": "text",
						"text": "##amountnumber2",
						"values": {
							"amountnumber2": {
								"type": "score",
								"variable": "roberylnpc1_event_score",
								"prop": "Key"
							}
						}
					},
					"entity": {
						"type": "text",
						"text": "##amountnumber3",
						"values": {
							"amountnumber3": {
								"type": "score",
								"variable": "roberylnpc2_event_score",
								"prop": "Key"
							}
						}
					}
				}
			}]
		},
		{
			"name": "wait_second",
			"value": 2
		},
		{
			"name": "entity_unset_seat",
			"tag": "npc",
			"vehicle": "taxi_delamain_taxi",
			"waitforsit": true,
			"seat": "seat_front_left",
			"context": [{
				"trigger": {
					"condition01": {
						"name": "auto"
					}
				},
				"requirement": [
					[
						"condition01"
					]
				],
				"prop": {
					"vehicle": {
						"type": "text",
						"text": "##amountnumber1",
						"values": {
							"amountnumber1": {
								"type": "score",
								"variable": "robbery_event_score",
								"prop": "Key"
							}
						}
					},
					"tag": {
						"type": "text",
						"text": "##amountnumber2",
						"values": {
							"amountnumber2": {
								"type": "score",
								"variable": "roberylnpc1_event_score",
								"prop": "Key"
							}
						}
					}
				}
			}]
		},
		{
			"name": "wait_second",
			"value": 1
		},
		{
			"name": "move_entity_at_entity_relative",
			"entity": "player",
			"x": 2,
			"y": 2,
			"z": 0,
			"move": "Sprint",
			"tag": "npc",
			"context": [{
				"trigger": {
					"condition01": {
						"name": "auto"
					}
				},
				"requirement": [
					[
						"condition01"
					]
				],
				"prop": {
					"tag": {
						"type": "text",
						"text": "##amountnumber2",
						"values": {
							"amountnumber2": {
								"type": "score",
								"variable": "robery1npc1_event_score",
								"prop": "Key"
							}
						}
					}
				}
			}]
		},
		{
			"name": "entity_set_seat",
			"tag": "npc2",
			"vehicle": "taxi_delamain_taxi",
			"waitforsit": false,
			"seat": "seat_front_left",
			"context": [{
				"trigger": {
					"condition01": {
						"name": "auto"
					}
				},
				"requirement": [
					[
						"condition01"
					]
				],
				"prop": {
					"vehicle": {
						"type": "text",
						"text": "##amountnumber1",
						"values": {
							"amountnumber1": {
								"type": "score",
								"variable": "robbery_event_score",
								"prop": "Key"
							}
						}
					},
					"tag": {
						"type": "text",
						"text": "##amountnumber3",
						"values": {
							"amountnumber3": {
								"type": "score",
								"variable": "roberylnpc2_event_score",
								"prop": "Key"
							}
						}
					}
				}
			}]
		},
		{
			"name": "play_entity_voice",
			"tag": "npc",
			"voice": "fear_beg",
			"context": [{
				"trigger": {
					"condition01": {
						"name": "auto"
					}
				},
				"requirement": [
					[
						"condition01"
					]
				],
				"prop": {
					"tag": {
						"type": "text",
						"text": "##amountnumber2",
						"values": {
							"amountnumber2": {
								"type": "score",
								"variable": "roberylnpc1_event_score",
								"prop": "Key"
							}
						}
					}
				}
			}]
		},
		{
			"name": "vehicle_go_to_fasttravel_point",
			"tag": "taxi_delamain_taxi",
			"destination": "#hey_gle_dataterm_04",
			"speed": 300,
			"greenlight": true,
			"needdriver": false,
			"usetraffic": true,
			"context": [{
				"trigger": {
					"condition01": {
						"name": "auto"
					}
				},
				"requirement": [
					[
						"condition01"
					]
				],
				"prop": {
					"tag": {
						"type": "text",
						"text": "##amountnumber1",
						"values": {
							"amountnumber1": {
								"type": "score",
								"variable": "robbery_event_score",
								"prop": "Key"
							}
						}
					}
				}
			}]
		},
		{
			"name": "wait_second",
			"value": 2
		}
	]
}