{
	"name": "crowd",
	"tag": "crowd",
	"action": [{
			"name": "create_group",
			"tag": "crowd"
		},
		{
			"name": "change_custom_score",
			"score": 1,
			"variable": "Crowd_score"
		},
		{
			"name": "wait_second",
			"value": 1
		},
		{
			"name": "if",
			"trigger": {
				"name": "time",
				"min": 500,
				"max": 1700
			},
			"if_action": [{
					"amount": 50,
					"name": "for",
					"action": [{
							"name": "wait_for_trigger",
							"trigger": {
								"name": "player_in_poi",
								"tag": "",
								"district": "",
								"subdistrict": "",
								"iscar": false,
								"type": 77,
								"uselocationtag": false,
								"range": 70
							}
						}, {
							"max": 9999,
							"min": 1,
							"name": "random_custom_score",
							"variable": "Crowd_score"
						},
						{
							"name": "spawn_npc",
							"tag": "blue01",
							"alias": "NCPDNPC_fix",
							"spawnlevel": 36,
							"use_police_prevention_system": true,
							"group": "crowd",
							"scriptlevel": 0,
							"appearance": "none",
							"create_group_if_not_exist": false,
							"source": "faction",
							"source_helper": "npc||current_star||faction||current_district_leader||current_subdistrict_leader||district_leader||subdistrict_leader||random||from_list||district_rival||subdistrict_rival||current_district_rival||current_subdistrict_rival",
							"source_gang": "faction_delamain",
							"source_tag": "faction_delamain",
							"source_tag_helper": "Character.Judy||faction_mox||district_westbrook||NorthOaks",
							"source_list": ["Character.ma_bls_ina_se1_08_cyberpsycho", "Character.ma_cct_dtn_03_cyberpsycho", "Character.sts_wat_nid_01_cyberpsycho", "Character.ma_cct_dtn_07_cyberpsycho", "Character.ma_hey_spr_04_cyberpsycho", "Character.ma_hey_spr_06_cyberpsycho", "Character.ma_wat_lch_06_cyberpsycho", "Character.ma_pac_cvi_15_cyberpsycho", "Character.ma_wat_kab_02_cyberpsycho", "Character.ma_wat_kab_08_cyberpsycho", "Character.ma_std_arr_06_cyberpsycho", "Character.ma_wat_lch_08_outpost_miniboss", "Character.ma_wat_nid_02_outpost_miniboss", "Character.ma_hey_spr_11_outpost_miniboss", "Character.ma_wat_nid_06_outpost_miniboss", "Character.ma_wbr_nok_05_outpost_miniboss", "Character.ma_pac_cvi_12_outpost_miniboss", "Character.ma_hey_rey_06_outpost_miniboss", "Character.rcr_05_cyberpsycho", "Character.ma_std_rcr_11_cyberpsycho", "Character.ma_bls_ina_se1_08_cyberpsycho"],
							"source_use_vip": false,
							"source_use_rival": false,
							"position": "poi",
							"position_helper": "at||relative_to_entity||node||player_look_at||poi||mappin||fasttravel||custom_place||custom_room",
							"position_change_helper": "Write 'current' in position_tag for get current node,mappin, fasttravel, custom_place or custom_room. \n For poi if you write 'current' in position_poi_district you will get the current district, \n if you write 'current in position_poi_subdistrict you will get the current subdistrict. \n also if you write 'random' in position_poi_subdistrict or position_poi_district, you will get an 'random' value",
							"position_range": 60,
							"position_lookatdistance": 0,
							"position_tag": "Crowd_POIs",
							"position_tag_helper": "judy01||playerhouse01||playerhouse_bed||",
							"position_way": "normal",
							"position_way_helper": "normal||behind||forward",
							"position_poi_district": "",
							"position_poi_subdistrict": "",
							"position_poi_is_for_car": false,
							"position_poi_from_position": true,
							"position_poi_use_location_tag": true,
							"position_poi_type": 77,
							"position_distance": 100,
							"position_house_way": "default",
							"position_house_way_helper": "default||enter||exit",
							"position_house_tag": "playerhouse01",
							"position_node_usegameplay": false,
							"x": 0,
							"y": 0,
							"z": 0,
							"amount": 1,
							"context": [{
								"prop": {
									"tag": {
										"text": "npc##shit",
										"type": "text",
										"values": {
											"shit": {
												"key": "Score",
												"type": "score",
												"variable": "Crowd_score"
											}
										}
									},
									"source": {
										"text": "##name",
										"type": "text",
										"values": {
											"name": {
												"type": "random_text",
												"list": [
													"faction",
													"faction",
													"faction",
													"faction",
													"faction",
													"faction",
													"faction",
													"faction",
													"faction",
													"random",
													"random",
													"random",
													"faction",
													"faction",
													"faction",
													"faction",
													"faction",
													"faction",
													"faction",
													"faction",
													"faction",
													"faction",
													"faction",
													"from_list",
													"faction",
													"faction",
													"faction",
													"faction",
													"faction",
													"faction",
													"current_district_leader",
													"current_district_rival"
												]
											}
										}
									}
								},
								"requirement": [
									[
										"condition01"
									]
								],
								"trigger": {
									"condition01": {
										"name": "auto"
									}
								}
							}]
						},
						{
							"name": "wait_second",
							"value": 1
						}, {
							"name": "consolelog",
							"value": "walk"
						},
						{
							"name": "move",
							"tag": "blue01",
							"group": false,
							"move": "Walk",
							"position": "poi",
							"position_helper": "at||relative_to_entity||node||player_look_at||poi||mappin||fasttravel||custom_place||custom_room",
							"position_change_helper": "Write 'current' in position_tag for get current node,mappin, fasttravel, custom_place or custom_room. \n For poi if you write 'current' in position_poi_district you will get the current district, \n if you write 'current in position_poi_subdistrict you will get the current subdistrict. \n also if you write 'random' in position_poi_subdistrict or position_poi_district, you will get an 'random' value",
							"position_range": 70,
							"position_lookatdistance": 0,
							"position_tag": "",
							"position_tag_helper": "judy01||playerhouse01||playerhouse_bed||",
							"position_way": "normal",
							"position_way_helper": "normal||behind||forward",
							"position_poi_district": "current",
							"position_poi_subdistrict": "",
							"position_poi_is_for_car": false,
							"position_poi_from_position": true,
							"position_poi_use_location_tag": false,
							"position_poi_type": 77,
							"position_distance": 90,
							"position_house_way": "default",
							"position_house_way_helper": "default||enter||exit",
							"position_house_tag": "playerhouse01",
							"position_node_usegameplay": false,
							"x": 0,
							"y": 0,
							"z": 0,
							"moveV2": true,
							"roll": 0,
							"pitch": 0,
							"yaw": 0,
							"distance": 0,
							"distancetolerance": 0,
							"ignorenavigation": false,
							"stoponobstacle": false,
							"outofway": false,
							"context": [{
								"prop": {
									"tag": {
										"text": "npc##amountnumber1",
										"type": "text",
										"values": {
											"amountnumber1": {
												"key": "Score",
												"type": "score",
												"variable": "Crowd_score"
											}
										}
									}
								},
								"requirement": [
									[
										"condition01"
									]
								],
								"trigger": {
									"condition01": {
										"name": "auto"
									}
								}
							}]
						}
					]
				},
				{
					"name": "wait",
					"value": 3
				},
				{
					"name": "consolelog",
					"value": "End walk"
				},
				{
					"name": "despawn_group",
					"tag": "crowd"
				},
				{
					"name": "wait_second",
					"value": 1
				},
				{
					"name": "remove_group",
					"tag": "crowd"
				},
				{
					"name": "wait_second",
					"value": 0.5
				}
			],
			"else_action": [{
					"name": "wait_for_trigger",
					"trigger": {
						"name": "player_in_poi",
						"tag": "",
						"district": "",
						"subdistrict": "",
						"iscar": false,
						"type": 77,
						"uselocationtag": false,
						"range": 70
					}
				}, {
					"amount": 40,
					"name": "for",
					"action": [{
							"max": 9999,
							"min": 1,
							"name": "random_custom_score",
							"variable": "Crowd_score"
						},
						{
							"name": "spawn_npc",
							"tag": "blue01",
							"spawnlevel": 36,
							"use_police_prevention_system": true,
							"group": "crowd",
							"scriptlevel": 0,
							"appearance": "none",
							"create_group_if_not_exist": false,
							"source": "faction",
							"source_helper": "npc||current_star||faction||current_district_leader||current_subdistrict_leader||district_leader||subdistrict_leader||random||from_list||district_rival||subdistrict_rival||current_district_rival||current_subdistrict_rival",
							"source_gang": "faction_mox",
							"source_tag": "faction_mox",
							"source_tag_helper": "Character.Judy||faction_mox||district_westbrook||NorthOaks",
							"source_list": ["Character.ma_bls_ina_se1_08_cyberpsycho", "Character.ma_cct_dtn_03_cyberpsycho", "Character.sts_wat_nid_01_cyberpsycho", "Character.ma_cct_dtn_07_cyberpsycho", "Character.ma_hey_spr_04_cyberpsycho", "Character.ma_hey_spr_06_cyberpsycho", "Character.ma_wat_lch_06_cyberpsycho", "Character.ma_pac_cvi_15_cyberpsycho", "Character.ma_wat_kab_02_cyberpsycho", "Character.ma_wat_kab_08_cyberpsycho", "Character.ma_std_arr_06_cyberpsycho", "Character.ma_wat_lch_08_outpost_miniboss", "Character.ma_wat_nid_02_outpost_miniboss", "Character.ma_hey_spr_11_outpost_miniboss", "Character.ma_wat_nid_06_outpost_miniboss", "Character.ma_wbr_nok_05_outpost_miniboss", "Character.ma_pac_cvi_12_outpost_miniboss", "Character.ma_hey_rey_06_outpost_miniboss", "Character.rcr_05_cyberpsycho", "Character.ma_std_rcr_11_cyberpsycho", "Character.ma_bls_ina_se1_08_cyberpsycho"],
							"source_use_vip": false,
							"source_use_rival": false,
							"position": "poi",
							"position_helper": "at||relative_to_entity||node||player_look_at||poi||mappin||fasttravel||custom_place||custom_room",
							"position_change_helper": "Write 'current' in position_tag for get current node,mappin, fasttravel, custom_place or custom_room. \n For poi if you write 'current' in position_poi_district you will get the current district, \n if you write 'current in position_poi_subdistrict you will get the current subdistrict. \n also if you write 'random' in position_poi_subdistrict or position_poi_district, you will get an 'random' value",
							"position_range": 50,
							"position_lookatdistance": 0,
							"position_tag": "",
							"position_tag_helper": "judy01||playerhouse01||playerhouse_bed||",
							"position_way": "normal",
							"position_way_helper": "normal||behind||forward",
							"position_poi_district": "current",
							"position_poi_subdistrict": "",
							"position_poi_is_for_car": false,
							"position_poi_from_position": true,
							"position_poi_use_location_tag": false,
							"position_poi_type": 77,
							"position_distance": 80,
							"position_house_way": "default",
							"position_house_way_helper": "default||enter||exit",
							"position_house_tag": "playerhouse01",
							"position_node_usegameplay": false,
							"x": 0,
							"y": 0,
							"z": 0,
							"amount": 1,
							"help": "This action will summon a custom npc with several custom parameter ",
							"helper": "This action will summon a custom npc with several custom parameter ",
							"helperTitle": "Entity : Spawn NPC",
							"context": [{
								"trigger": {
									"condition01": {
										"name": "auto"
									}
								},
								"requirement": [
									[
										"condition01"
									]
								],

								"prop": {
									"tag": {
										"text": "npc##amountnumber1",
										"type": "text",
										"values": {
											"amountnumber1": {
												"key": "Score",
												"type": "score",
												"variable": "Crowd_score"
											}
										}
									},
									"source": {
										"text": "##name",
										"type": "text",
										"values": {
											"name": {
												"type": "random_text",
												"list": [
													"faction",
													"faction",
													"faction",
													"faction",
													"faction",
													"faction",
													"faction",
													"faction",
													"random",
													"random",
													"current_district_leader",
													"current_district_rival",
													"current_district_leader",
													"current_district_rival",
													"current_district_leader",
													"current_district_rival",
													"current_district_leader",
													"current_district_rival",
													"current_district_leader",
													"current_district_rival",
													"faction",
													"faction",
													"from_list",
													"faction",
													"faction"
												]
											}
										}
									}
								}
							}]
						},
						{
							"name": "wait_second",
							"value": 1
						},
						{
							"name": "if",
							"trigger": {
								"name": "entity_in_faction",
								"tag": "judy01",
								"faction": "faction_mox",
								"context": [{
									"trigger": {
										"condition01": {
											"name": "auto"
										}
									},
									"requirement": [
										[
											"condition01"
										]
									],
									"prop": {
										"tag": {
											"text": "npc##amountnumber1",
											"type": "text",
											"values": {
												"amountnumber1": {
													"key": "Score",
													"type": "score",
													"variable": "Crowd_score"
												}
											}
										},
										"faction": {
											"text": "##playerfaction",
											"type": "text",
											"values": {
												"factionname": {
													"type": "variable",
													"variable": "player",
													"key": "current_gang"
												},
												"playerfaction": {
													"type": "faction",
													"tag": "faction_mox",
													"prop": "Tag",
													"replace": "tag",
													"context_value": "factionname"
												}
											}
										}
									}
								}]
							},
							"if_action": [{
								"name": "attitude_entity_against_entity",
								"tag": "blue01",
								"entity": "player",
								"attitude": "friendly",
								"context": [{
									"trigger": {
										"condition01": {
											"name": "auto"
										}
									},
									"requirement": [
										[
											"condition01"
										]
									],
									"prop": {
										"tag": {
											"text": "npc##amountnumber1",
											"type": "text",
											"values": {
												"amountnumber1": {
													"key": "Score",
													"type": "score",
													"variable": "Crowd_score"
												}
											}
										}

									}

								}]
							}],
							"else_action": [{}]
						},
						{
							"name": "consolelog",
							"value": "walk"
						},
						{
							"name": "move",
							"tag": "blue01",
							"group": false,
							"move": "Walk",
							"position": "poi",
							"position_helper": "at||relative_to_entity||node||player_look_at||poi||mappin||fasttravel||custom_place||custom_room",
							"position_change_helper": "Write 'current' in position_tag for get current node,mappin, fasttravel, custom_place or custom_room. \n For poi if you write 'current' in position_poi_district you will get the current district, \n if you write 'current in position_poi_subdistrict you will get the current subdistrict. \n also if you write 'random' in position_poi_subdistrict or position_poi_district, you will get an 'random' value",
							"position_range": 50,
							"position_lookatdistance": 0,
							"position_tag": "",
							"position_tag_helper": "judy01||playerhouse01||playerhouse_bed||",
							"position_way": "normal",
							"position_way_helper": "normal||behind||forward",
							"position_poi_district": "current",
							"position_poi_subdistrict": "",
							"position_poi_is_for_car": false,
							"position_poi_from_position": true,
							"position_poi_use_location_tag": false,
							"position_poi_type": 77,
							"position_distance": 90,
							"position_house_way": "default",
							"position_house_way_helper": "default||enter||exit",
							"position_house_tag": "playerhouse01",
							"position_node_usegameplay": false,
							"x": 0,
							"y": 0,
							"z": 0,
							"moveV2": true,
							"roll": 0,
							"pitch": 0,
							"yaw": 0,
							"distance": 0,
							"distancetolerance": 0,
							"ignorenavigation": false,
							"stoponobstacle": false,
							"outofway": false,
							"help": "This action will move an entity with several custom parameter ",
							"helper": "This action will move an entity with several custom parameter ",
							"helperTitle": "Entity : Move To",
							"context": [{
								"prop": {
									"tag": {
										"text": "npc##amountnumber1",
										"type": "text",
										"values": {
											"amountnumber1": {
												"key": "Score",
												"type": "score",
												"variable": "Crowd_score"
											}
										}
									}
								},
								"requirement": [
									[
										"condition01"
									]
								],
								"trigger": {
									"condition01": {
										"name": "auto"
									}
								}
							}]
						}, {
							"name": "wait_second",
							"value": 0.5
						}
					]
				},
				{
					"name": "wait",
					"value": 3
				}, {
					"name": "despawn_group",
					"tag": "crowd"
				},
				{
					"name": "wait_second",
					"value": 1
				},
				{
					"name": "remove_group",
					"tag": "crowd"
				}
			]
		}
	]
}