{
    "name": "TraumaTeam Event Inside",
    "tag": "trauma_membership_inside",
    "way": "world",
    "trigger": {
        "membership": 
		{
			"name": "check_score",
			"value":"trauma_membership",
			"key":"subscribe",
			"score":0,
			"operator":">",
			"helper": "This action will check the targeted score key value \n Available Operator : < || <= || > || >= || != || = ",
			"helperTitle": "Score : Check Score"
		},
		
        "inprogress": 
		{
			"name": "check_score",
			"value":"trauma_membership",
			"key":"running",
			"score":0,
			"operator":">",
			"helper": "This action will check the targeted score key value \n Available Operator : < || <= || > || >= || != || = ",
			"helperTitle": "Score : Check Score"
		},
        "health": {
            "name": "compare",
            "trigger": {
                "name": "statpool",
                "value": "Health",
                "score": 20,
                "perc": true,
                "helper": "This trigger will be triggered when your stat are equal or higher of the score",
                "helperTitle": "Stat : is Higher or equals to"
            },
            "expected": false,
            "helper": "This trigger will be triggered when the trigger that you set have the same statut that you put in (expected)",
            "helperTitle": "Logic : Compare"
        },
        "inside": {
            "name": "player_inbuilding",
            "helper": "This trigger will be triggered when player is inside",
            "helperTitle": "Player : in Building"
        }
    },
    "requirement": [
        [
            "membership", "health", "inside", "inprogress"
        ]
    ],
    "action": [
		
		{
			"name":"set_score",
			"score":"trauma_membership",
			"key":"running",
			"value": 1,
			"helper": "This action will set a value for a key of a score ",
			"helperTitle": "Score : Set Score"
		},
		
		{
            "name": "phone_notification",
            "title": "TraumaTeam Membership",
            "desc": "An squad comes in 20 second",
            "duration": 5,
            "helper": "This action will make display an phone message notification",
            "helperTitle": "UI : Phone Notification",
			"context": [
				{
					
					"trigger": {
						"score": {
							"name": "check_score",
							"value":"trauma_membership",
							"key":"subscribe",
							"score":2,
							"operator":"=",
							"helper": "This action will check the targeted score key value \n Available Operator : < || <= || > || >= || != || = ",
							"helperTitle": "Score : Check Score"
						},
					},
					"requirement": [["score"]],
					"prop": 
					{
					
						"desc": {
							"text": "##timewait",
							"values":{
								"timewait": {
									"type": "text",
									"value": "An squad comes in 7 second"
								}

							}
						
						}
					}
				},
				{
					
					"trigger": {
						"score": {
							"name": "check_score",
							"value":"trauma_membership",
							"key":"subscribe",
							"score":3,
							"operator":"=",
							"helper": "This action will check the targeted score key value \n Available Operator : < || <= || > || >= || != || = ",
							"helperTitle": "Score : Check Score"
						},
					},
					"requirement": [["score"]],
					"prop": 
					{
					
						"desc": {
							"text": "##timewait",
							"values":{
								"timewait": {
									"type": "text",
									"value": "An squad comes in 3 second"
								}

							}
						
						}
					}
				}
				
			]
        }, 
		{
            "name": "wait_second",
            "value": 20,
			"context": [
				{
					
					"trigger": {
						"score": {
							"name": "check_score",
							"value":"trauma_membership",
							"key":"subscribe",
							"score":2,
							"operator":"=",
							"helper": "This action will check the targeted score key value \n Available Operator : < || <= || > || >= || != || = ",
							"helperTitle": "Score : Check Score"
						},
					},
					"requirement": [["score"]],
					"prop": 
					{
					
						"value": {
							"text": "##timewait",
							"type":"number",
							"values":{
								"timewait": {
									"type": "number",
									"value": 7
								}

							}
						
						}
					}
				},
				{
					
					"trigger": {
						"score": {
							"name": "check_score",
							"value":"trauma_membership",
							"key":"subscribe",
							"score":3,
							"operator":"=",
							"helper": "This action will check the targeted score key value \n Available Operator : < || <= || > || >= || != || = ",
							"helperTitle": "Score : Check Score"
						},
					},
					"requirement": [["score"]],
					"prop": 
					{
					
						"value": {
							"text": "##timewait",
							"type":"number",
							"values":{
								"timewait": {
									"type": "number",
									"value": 3
								}

							}
						
						}
					}
				}
				
			]
        },
		
		{
			"name": "spawn_npc",
			"tag": "traumaHelp01",
			"spawnlevel": 36,
			"use_police_prevention_system": true,
			"group": "traumamembersquad",
			"scriptlevel":0,
			"appearance": "corpo__traumateam_ma_soldier__lvl1_01",
			"create_group_if_not_exist": true,
			"source": "npc",
			"source_helper": "npc||current_star||faction||current_district_leader||current_subdistrict_leader||district_leader||subdistrict_leader||random||from_list||district_rival||subdistrict_rival||current_district_rival||current_subdistrict_rival",
			"source_gang": "faction_mox",
			"source_tag": "Character.trauma_soldier_ranged2_dian_ma",
			"source_tag_helper": "Character.Judy||faction_mox||district_westbrook||NorthOaks",
			"source_list": ["Character.Judy"],
			"source_use_vip": false,
			"source_use_rival": false,

			"position": "relative_to_entity",
			"position_helper": "at||relative_to_entity||node||player_look_at||poi||mappin||fasttravel||custom_place||custom_room",
			"position_change_helper": "Write 'current' in position_tag for get current node,mappin, fasttravel, custom_place or custom_room. \n For poi if you write 'current' in position_poi_district you will get the current district, \n if you write 'current in position_poi_subdistrict you will get the current subdistrict. \n also if you write 'random' in position_poi_subdistrict or position_poi_district, you will get an 'random' value",
			"position_range": 50,
			"position_lookatdistance":0,		
			"position_tag": "player",
			"position_tag_helper": "judy01||playerhouse01||playerhouse_bed||",
			"position_way": "normal",
			"position_way_helper": "normal||behind||forward",
			"position_poi_district": "",
			"position_poi_subdistrict": "",
			"position_poi_is_for_car": false,
			"position_poi_from_position": false,
			"position_poi_use_location_tag": false,	
			"position_poi_type": 1,
			"position_distance": 5,
			"position_house_way": "default",
			"position_house_way_helper": "default||enter||exit",
			"position_house_tag": "playerhouse01",	
			"position_node_usegameplay": false,
			"x": 7,
			"y": 0,
			"z": 0,
			
			"amount": 1,
			"context": [
				{
					
					"trigger": {
						"score": {
							"name": "check_score",
							"value":"trauma_membership",
							"key":"subscribe",
							"score":2,
							"operator":"=",
							"helper": "This action will check the targeted score key value \n Available Operator : < || <= || > || >= || != || = ",
							"helperTitle": "Score : Check Score"
						},
					},
					"requirement": [["score"]],
					"prop": 
					{
					
						"amount": {
							"text": "##squadamount",
							"type":"number",
							"values":{
								"squadamount": {
									"type": "number",
									"value": 2
								}

							}
						
						},
						"appearance": {
								"text": "##squadapp",
								
								"values":{
									"squadapp": {
										"type": "text",
										"value": "corpo__traumateam_ma_soldier__lvl2_01"
									}

								}
							
							}
					}
				},
				{
					
					"trigger": {
						"score": {
							"name": "check_score",
							"value":"trauma_membership",
							"key":"subscribe",
							"score":3,
							"operator":"=",
							"helper": "This action will check the targeted score key value \n Available Operator : < || <= || > || >= || != || = ",
							"helperTitle": "Score : Check Score"
						},
					},
					"requirement": [["score"]],
					"prop": 
					{
					
						"amount": {
							"text": "##squadamount",
							"type":"number",
							"values":{
								"squadamount": {
									"type": "number",
									"value": 4
								}

							}
						
						},
						"appearance": {
								"text": "##squadapp",
								
								"values":{
									"squadapp": {
										"type": "text",
										"value": "corpo__traumateam_ma__leader__soldier_lvl1"
									}

								}
							
							}
					}
				}
				
			],
			"help": "This action will summon a custom npc with several custom parameter ",
			"helper": "This action will summon a custom npc with several custom parameter ",
			"helperTitle": "Entity : Spawn NPC"
		},
		
        
        {
            "name": "wait_second",
            "value": 1
        }, {
            "name": "attitude_group_against_entity",
            "tag": "traumamembersquad",
            "entity": "player",
            "attitude": "companion",
            "help": "companion will work only for entity player",
            "helper": "This action will change attitude of an custom entity to another one",
            "helperTitle": "Entity : change attitude against another entity"
        }, {
            "name": "wait_for_trigger",
            "trigger": {
                "name": "statpool",
                "value": "Health",
                "score": 30,
				"perc": true,
                "helper": "This trigger will be triggered when your stat are equal or higher of the score",
                "helperTitle": "Stat : is Higher or equals to"
            },
            "help": "Wait that trigger condition is valid",
            "helper": "This action will wait that the trigger is valid before do the next action ",
            "helperTitle": "Logic : Wait For Trigger"
        },
		
		{
            "name": "phone_notification",
            "title": "TraumaTeam Membership",
            "desc": "You're safe. Squad will leave now.",
            "duration": 5,
            "helper": "This action will make display an phone message notification",
            "helperTitle": "UI : Phone Notification"
		},
		{
            "name": "wait_second",
            "value": 5
		},
        {
            "name": "despawn_group",
            "tag": "traumamembersquad",
            "helper": "This action will despawn an custom entity ",
            "helperTitle": "Entity : Despawn an entity"
        }, 
		{
            "name": "remove_group",
            "tag": "traumamembersquad",
        }, 
		{
			"name":"set_score",
			"score":"trauma_membership",
			"key":"running",
			"value": 0,
			"helper": "This action will set a value for a key of a score ",
			"helperTitle": "Score : Set Score"
		}
    ]
}
