{
	"name": "TraumaTeam Init",
	"tag": "trauma_membership_ui",
	"way": "init",
	"trigger": {
		"nomembernoscore":
		
		{
			"name": "check_score",
			"value":"trauma_membership",
			"key":"subscribe",
			"score":0,
			"operator":"nothing",
			"helper": "This action will check the targeted score key value \n Available Operator : < || <= || > || >= || != || = ",
			"helperTitle": "Score : Check Score"
		},
		
		"nomember0score":
		
		{
			"name": "check_score",
			"value":"trauma_membership",
			"key":"subscribe",
			"score":1,
			"operator":"<",
			"helper": "This action will check the targeted score key value \n Available Operator : < || <= || > || >= || != || = ",
			"helperTitle": "Score : Check Score"
		}
		
		
	},
	"requirement": [
		[
			"nomembernoscore"
		],
		[
			"nomember0score"
		]
	],
	"action": [
		
		{
			"name":"set_score",
			"score":"trauma_membership",
			"key":"subscribe",
			"value": 0,
			"helper": "This action will set a value for a key of a score ",
			"helperTitle": "Score : Set Score"
		},
		{
			"name":"set_score",
			"score":"trauma_membership",
			"key":"running",
			"value": 0,
			"helper": "This action will set a value for a key of a score ",
			"helperTitle": "Score : Set Score"
		},
		
		{
        "name": "consolelog",
        "value": "TraumaMemberShip Init",
        "helper": "This action will display an log in CET log ",
        "helperTitle": "UI : CET log"
		}
	]
}