{
    "name": "TraumaTeam Event Outside",
    "tag": "trauma_membership_outside",
    "way": "world",
    "trigger": {
        "membership": 
		{
			"name": "check_score",
			"value":"trauma_membership",
			"key":"subscribe",
			"score":0,
			"operator":">",
			"helper": "This action will check the targeted score key value \n Available Operator : < || <= || > || >= || != || = ",
			"helperTitle": "Score : Check Score"
		},
		
        "inprogress": 
		{
			"name": "check_score",
			"value":"trauma_membership",
			"key":"running",
			"score":0,
			"operator":">",
			"helper": "This action will check the targeted score key value \n Available Operator : < || <= || > || >= || != || = ",
			"helperTitle": "Score : Check Score"
		},
        "health": {
            "name": "compare",
            "trigger": {
                "name": "statpool",
                "value": "Health",
                "score": 20,
                "perc": true,
                "helper": "This trigger will be triggered when your stat are equal or higher of the score",
                "helperTitle": "Stat : is Higher or equals to"
            },
            "expected": false,
            "helper": "This trigger will be triggered when the trigger that you set have the same statut that you put in (expected)",
            "helperTitle": "Logic : Compare"
        },
        "outside": {
            "name": "compare",
            "trigger": {
                "name": "player_inbuilding",
                "helper": "This trigger will be triggered when player is inside",
                "helperTitle": "Player : in Building"
            },
            "expected": false,
            "helper": "This trigger will be triggered when the trigger that you set have the same statut that you put in (expected)",
            "helperTitle": "Logic : Compare"
        }
    },
    "requirement": [
        [
            "membership", "health", "outside", "inprogress"
        ]
    ],
    "action": [
       {
			"name":"set_score",
			"score":"trauma_membership",
			"key":"running",
			"value": 1,
			"helper": "This action will set a value for a key of a score ",
			"helperTitle": "Score : Set Score"
		},
		{
            "name": "phone_notification",
            "title": "TraumaTeam Membership",
            "desc": "An AV comes in 20 second",
            "duration": 5,
            "helper": "This action will make display an phone message notification",
            "helperTitle": "UI : Phone Notification",
			"context": [
				{
					
					"trigger": {
						"score": {
							"name": "check_score",
							"value":"trauma_membership",
							"key":"subscribe",
							"score":2,
							"operator":"=",
							"helper": "This action will check the targeted score key value \n Available Operator : < || <= || > || >= || != || = ",
							"helperTitle": "Score : Check Score"
						},
					},
					"requirement": [["score"]],
					"prop": 
					{
					
						"desc": {
							"text": "##timewait",
							"values":{
								"timewait": {
									"type": "text",
									"value": "An AV comes in 7 second"
								}

							}
						
						}
					}
				},
				{
					
					"trigger": {
						"score": {
							"name": "check_score",
							"value":"trauma_membership",
							"key":"subscribe",
							"score":3,
							"operator":"=",
							"helper": "This action will check the targeted score key value \n Available Operator : < || <= || > || >= || != || = ",
							"helperTitle": "Score : Check Score"
						},
					},
					"requirement": [["score"]],
					"prop": 
					{
					
						"desc": {
							"text": "##timewait",
							
							"values":{
								"timewait": {
									"type": "text",
									"value": "An AV comes in 3 second"
								}

							}
						
						}
					}
				}
				
			]
        }, 
        {
            "name": "change_zone",
            "value": "safe",
            "help": "safe/neutral/hostile",
            "helper": "This action will make change the state of the area you are in",
            "helperTitle": "Map : change the state of the area you are in"
        },
       {
            "name": "wait_second",
            "value": 20,
			"context": [
				{
					
					"trigger": {
						"score": {
							"name": "check_score",
							"value":"trauma_membership",
							"key":"subscribe",
							"score":2,
							"operator":"=",
							"helper": "This action will check the targeted score key value \n Available Operator : < || <= || > || >= || != || = ",
							"helperTitle": "Score : Check Score"
						},
					},
					"requirement": [["score"]],
					"prop": 
					{
					
						"value": {
							"text": "##timewait",
							"type":"number",
							"values":{
								"timewait": {
									"type": "number",
									"value": 7
								}

							}
						
						}
					}
				},
				{
					
					"trigger": {
						"score": {
							"name": "check_score",
							"value":"trauma_membership",
							"key":"subscribe",
							"score":3,
							"operator":"=",
							"helper": "This action will check the targeted score key value \n Available Operator : < || <= || > || >= || != || = ",
							"helperTitle": "Score : Check Score"
						},
					},
					"requirement": [["score"]],
					"prop": 
					{
					
						"value": {
							"text": "##timewait",
							"type":"number",
							"values":{
								"timewait": {
									"type": "number",
									"value": 3
								}

							}
						
						}
					}
				}
				
			]
        },
        
		{
			"name": "spawn_vehicule_v2",
			"tag": "traumarescueAV",
			"spawnlevel": 36,
			"appearance": "none",
			"spawn_system": 1,
			"scriptlevel":0,

			"group": "",
			"create_group_if_not_exist": false,

			"source": "vehicle",
			"source_helper": "vehicle||faction||current_district_leader||current_subdistrict_leader||district_leader||subdistrict_leader||random||from_list||district_rival||subdistrict_rival||current_district_rival||current_subdistrict_rival",
			"source_tag": "Vehicle.av_militech_manticore",
			"source_gang": "faction_mox",
			"source_list": ["Vehicle.cs_savable_archer_hella_police_siren"],
			"source_tag_helper": "Vehicle.cs_savable_archer_hella_police_siren||faction_mox||district_westbrook||NorthOaks",

			"source_use_rival": false,

			"position": "relative_to_entity",		
			"position_helper": "at||relative_to_entity||node||player_look_at||poi||mappin||fasttravel||custom_place||custom_room",
			"position_change_helper": "Write 'current' in position_tag for get current node,mappin, fasttravel, custom_place or custom_room. \n For poi if you write 'current' in position_poi_district you will get the current district, \n if you write 'current in position_poi_subdistrict you will get the current subdistrict. \n also if you write 'random' in position_poi_subdistrict or position_poi_district, you will get an 'random' value",
			"position_range": 50,
			"position_lookatdistance":0,		
			"position_tag": "player",
			"position_tag_helper": "judy01||playerhouse01||playerhouse_bed||",
			"position_way": "normal",
			"position_way_helper": "normal||behind||forward",
			"position_poi_district": "",
			"position_poi_subdistrict": "",
			"position_poi_is_for_car": false,
			"position_poi_from_position": false,
			"position_poi_use_location_tag": false,		
			"position_poi_type": 1,
			"position_distance": 5,
			"position_house_way": "default",
			"position_house_way_helper": "default||enter||exit",
			"position_house_tag": "playerhouse01",	
			"position_node_usegameplay": false,
			"x": 2,
			"y": 1,
			"z": 52,

			"amount": 1,
			"isAV": false,
			"appears_from_behind": true,
			"wait_for_vehicle": true,
			"wait_for_vehicle_second":2,




			"help": "This action will summon a Vehicle with several custom parameter ",
			"helper": "This action will summon Vehicle with several custom parameter ",
			"helperTitle": "Vehicle : Spawn a Vehicle"
		},
		{
            "name": "wait_second",
            "value": 3
        },
		{
            "name": "for",
            "amount": 245,
            "action": [
				{
					"name": "teleport",
					"tag": "traumarescueAV",
					"group":false,

					"position": "relative_to_entity",		
					"position_helper": "at||relative_to_entity||node||player_look_at||poi||mappin||fasttravel||custom_place||custom_room",
					"position_change_helper": "Write 'current' in position_tag for get current node,mappin, fasttravel, custom_place or custom_room. \n For poi if you write 'current' in position_poi_district you will get the current district, \n if you write 'current in position_poi_subdistrict you will get the current subdistrict. \n also if you write 'random' in position_poi_subdistrict or position_poi_district, you will get an 'random' value",
					"position_range": 50,
					"position_lookatdistance":0,		
					"position_tag": "traumarescueAV",
					"position_tag_helper": "judy01||playerhouse01||playerhouse_bed||",
					"position_way": "normal",
					"position_way_helper": "normal||behind||forward",
					"position_poi_district": "",
					"position_poi_subdistrict": "",
					"position_poi_is_for_car": false,
					"position_poi_from_position": false,
					"position_poi_use_location_tag": false,	
					"position_poi_type": 1,		
					"position_distance": 5,
					"position_house_way": "default",
					"position_house_way_helper": "default||enter||exit",
					"position_house_tag": "playerhouse01",	
					"position_node_usegameplay": false,
					"x": 0,
					"y": 0,
					"z": -0.2,
					
					
					
					
					
					"help": "This action will teleport an entity with several custom parameter ",
					"helper": "This action will teleport an entity with several custom parameter ",
					"helperTitle": "Entity : Teleport To"
				}
            ]

        },
		
		{
			"name": "lightif",
			"trigger": {
				"name": "check_score",
				"value":"trauma_membership",
				"key":"subscribe",
				"score":1,
				"operator":">",
				"helper": "This action will check the targeted score key value \n Available Operator : < || <= || > || >= || != || = ",
				"helperTitle": "Score : Check Score"
			},
			
			"if_action": [
			{
				"name": "spawn_npc",
				"tag": "traumaHelpSoldier",
				"spawnlevel": 36,
				"use_police_prevention_system": true,
				"group": "traumamembersquad",
				"scriptlevel":0,
				"appearance": "corpo__traumateam_ma_soldier__lvl2_01",
				"create_group_if_not_exist": true,
				"source": "npc",
				"source_helper": "npc||current_star||faction||current_district_leader||current_subdistrict_leader||district_leader||subdistrict_leader||random||from_list||district_rival||subdistrict_rival||current_district_rival||current_subdistrict_rival",
				"source_gang": "faction_mox",
				"source_tag": "Character.trauma_soldier_ranged2_dian_ma",
				"source_tag_helper": "Character.Judy||faction_mox||district_westbrook||NorthOaks",
				"source_list": ["Character.Judy"],
				"source_use_vip": false,
				"source_use_rival": false,

				"position": "relative_to_entity",
				"position_helper": "at||relative_to_entity||node||player_look_at||poi||mappin||fasttravel||custom_place||custom_room",
				"position_change_helper": "Write 'current' in position_tag for get current node,mappin, fasttravel, custom_place or custom_room. \n For poi if you write 'current' in position_poi_district you will get the current district, \n if you write 'current in position_poi_subdistrict you will get the current subdistrict. \n also if you write 'random' in position_poi_subdistrict or position_poi_district, you will get an 'random' value",
				"position_range": 50,
				"position_lookatdistance":0,		
				"position_tag": "traumarescueAV",
				"position_tag_helper": "judy01||playerhouse01||playerhouse_bed||",
				"position_way": "normal",
				"position_way_helper": "normal||behind||forward",
				"position_poi_district": "",
				"position_poi_subdistrict": "",
				"position_poi_is_for_car": false,
				"position_poi_from_position": false,
				"position_poi_use_location_tag": false,	
				"position_poi_type": 1,
				"position_distance": 5,
				"position_house_way": "default",
				"position_house_way_helper": "default||enter||exit",
				"position_house_tag": "playerhouse01",	
				"position_node_usegameplay": false,
				"x": 3,
				"y": 0,
				"z": -3,
				
				"amount": 1,
				"context": [
					
					{
						
						"trigger": {
							"score": {
								"name": "check_score",
								"value":"trauma_membership",
								"key":"subscribe",
								"score":3,
								"operator":"=",
								"helper": "This action will check the targeted score key value \n Available Operator : < || <= || > || >= || != || = ",
								"helperTitle": "Score : Check Score"
							},
						},
						"requirement": [["score"]],
						"prop": 
						{
						
							"amount": {
								"text": "##squadamount",
								"type":"number",
								"values":{
									"squadamount": {
										"type": "number",
										"value": 3
									}

								}
							
							},
							"appearance": {
								"text": "##squadapp",
								
								"values":{
									"squadapp": {
										"type": "text",
										"value": "corpo__traumateam_ma__leader__soldier_lvl1"
									}

								}
							
							}
						}
					}
					
				],
				"help": "This action will summon a custom npc with several custom parameter ",
				"helper": "This action will summon a custom npc with several custom parameter ",
				"helperTitle": "Entity : Spawn NPC"
			},
			],
			"else_action": [
			],
			"helper": "This action will check a trigger and execute IF actions if the trigger is OK or ELSE action if the trigger is not OK, light mode, don't make complex thing here",
			"helperTitle": "Logic : Light If"
		},
		{
			"name": "spawn_npc",
			"tag": "traumaHelpPilot",
			"spawnlevel": 36,
			"use_police_prevention_system": true,
			"group": "traumamembersquad",
			"scriptlevel":0,
			"appearance": "none",
			"create_group_if_not_exist": true,
			"source": "npc",
			"source_helper": "npc||current_star||faction||current_district_leader||current_subdistrict_leader||district_leader||subdistrict_leader||random||from_list||district_rival||subdistrict_rival||current_district_rival||current_subdistrict_rival",
			"source_gang": "faction_mox",
			"source_tag": "Character.trauma_soldier_ranged2_dian_ma",
			"source_tag_helper": "Character.Judy||faction_mox||district_westbrook||NorthOaks",
			"source_list": ["Character.Judy"],
			"source_use_vip": false,
			"source_use_rival": false,

			"position": "relative_to_entity",
			"position_helper": "at||relative_to_entity||node||player_look_at||poi||mappin||fasttravel||custom_place||custom_room",
			"position_change_helper": "Write 'current' in position_tag for get current node,mappin, fasttravel, custom_place or custom_room. \n For poi if you write 'current' in position_poi_district you will get the current district, \n if you write 'current in position_poi_subdistrict you will get the current subdistrict. \n also if you write 'random' in position_poi_subdistrict or position_poi_district, you will get an 'random' value",
			"position_range": 50,
			"position_lookatdistance":0,		
			"position_tag": "traumarescueAV",
			"position_tag_helper": "judy01||playerhouse01||playerhouse_bed||",
			"position_way": "normal",
			"position_way_helper": "normal||behind||forward",
			"position_poi_district": "",
			"position_poi_subdistrict": "",
			"position_poi_is_for_car": false,
			"position_poi_from_position": false,
			"position_poi_use_location_tag": false,	
			"position_poi_type": 1,
			"position_distance": 5,
			"position_house_way": "default",
			"position_house_way_helper": "default||enter||exit",
			"position_house_tag": "playerhouse01",	
			"position_node_usegameplay": false,
			"x": 3,
			"y": 0,
			"z": -3,
			
			"amount": 1,
			
			"help": "This action will summon a custom npc with several custom parameter ",
			"helper": "This action will summon a custom npc with several custom parameter ",
			"helperTitle": "Entity : Spawn NPC"
		},
		
        
        {
            "name": "wait_second",
            "value": 1
        }, {
            "name": "attitude_group_against_entity",
            "tag": "traumamembersquad",
            "entity": "player",
            "attitude": "companion",
            "help": "companion will work only for entity player",
            "helper": "This action will change attitude of an custom entity to another one",
            "helperTitle": "Entity : change attitude against another entity"
        }, 
			{
			"name": "move",
			"tag": "traumamembersquad",
			"group":true,
			"move":"Sprint",

			"position": "relative_to_entity",		
			"position_helper": "at||relative_to_entity||node||player_look_at||poi||mappin||fasttravel||custom_place||custom_room",
			"position_change_helper": "Write 'current' in position_tag for get current node,mappin, fasttravel, custom_place or custom_room. \n For poi if you write 'current' in position_poi_district you will get the current district, \n if you write 'current in position_poi_subdistrict you will get the current subdistrict. \n also if you write 'random' in position_poi_subdistrict or position_poi_district, you will get an 'random' value",
			"position_range": 50,
			"position_lookatdistance":0,		
			"position_tag": "player",
			"position_tag_helper": "judy01||playerhouse01||playerhouse_bed||",
			"position_way": "normal",
			"position_way_helper": "normal||behind||forward",
			"position_poi_district": "",
			"position_poi_subdistrict": "",
			"position_poi_is_for_car": false,
			"position_poi_from_position": false,
			"position_poi_use_location_tag": false,	
			"position_poi_type": 1,
			"position_distance": 5,
			"position_house_way": "default",
			"position_house_way_helper": "default||enter||exit",
			"position_house_tag": "playerhouse01",	
			"position_node_usegameplay": false,
			"x": 1,
			"y": 0,
			"z": 0,
			
			
			"moveV2":true,
			
			"roll": 0,
			"pitch": 0,
			"yaw": 0,
			
			"distance": 0,
			"distancetolerance": 1,
			
			
			"ignorenavigation": false,
			"stoponobstacle": false,
			"outofway": false,
			
			
			"help": "This action will move an entity with several custom parameter ",
			"helper": "This action will move an entity with several custom parameter ",
			"helperTitle": "Entity : Move To"
		},
        {
            "name": "change_zone",
            "value": "safe",
            "help": "safe/neutral/hostile",
            "helper": "This action will make change the state of the area you are in",
            "helperTitle": "Map : change the state of the area you are in"
        }, 
		
		{
            "name": "wait_second",
            "value": 5
        },
		
		
		
		
		
		{
			"name":"set_score",
			"score":"av_cockpit",
			"key":"state",
			"value": 0,
			"helper": "This action will set a value for a key of a score ",
			"helperTitle": "Score : Set Score"
		},
		{
            "name": "wait_second",
            "value": 3
        }, 
		{
            "name": "change_camera_position",
            "x": 0,
            "y": -12,
            "z": 2,
            "helper": "This action will change the position of the camera",
            "helperTitle": "UI : Change Camera Position"
        }, 
		{
            "name": "entity_set_seat",
            "tag": "player",
            "vehicle": "traumarescueAV",
            "seat": "seat_front_left"
        }, 
		{
            "name": "despawn_group",
            "tag": "traumamembersquad",
            "helper": "This action will despawn an custom entity ",
            "helperTitle": "Entity : Despawn an entity"
        }, 
		{
            "name": "remove_group",
            "tag": "traumamembersquad",
        }, 
		{
            "name": "wait_second",
            "value": 1
        }, 
		{

            "name": "vehicule_autodrive_activate",
            "tag": "traumarescueAV",
            "speed": 7,
            "x": -1352,
            "y": 1790,
            "z": 120,
            "zfly": 650,
            "isAV": true,
            "helper": "This action will start autodrive of vehicule to the autodrive saved location",
            "helperTitle": "Vehicule : start Autodrive"
        }, 
		
		{
            "name": "change_camera_position",
            "x": 0,
            "y": 0,
            "z": 0,
            "helper": "This action will change the position of the camera",
            "helperTitle": "UI : Change Camera Position"
        }, 
		{
			"name": "lightif",
			"trigger": {
				"name": "check_score",
				"value":"trauma_membership",
				"key":"subscribe",
				"score":1,
				"operator":">",
				"helper": "This action will check the targeted score key value \n Available Operator : < || <= || > || >= || != || = ",
				"helperTitle": "Score : Check Score"
			},
			
			"if_action": [
			{
				"name": "spawn_npc",
				"tag": "traumaHelpSoldier",
				"spawnlevel": 36,
				"use_police_prevention_system": true,
				"group": "traumamembersquad",
				"scriptlevel":0,
				"appearance": "corpo__traumateam_ma_soldier__lvl2_01",
				"create_group_if_not_exist": true,
				"source": "npc",
				"source_helper": "npc||current_star||faction||current_district_leader||current_subdistrict_leader||district_leader||subdistrict_leader||random||from_list||district_rival||subdistrict_rival||current_district_rival||current_subdistrict_rival",
				"source_gang": "faction_mox",
				"source_tag": "Character.trauma_soldier_ranged2_dian_ma",
				"source_tag_helper": "Character.Judy||faction_mox||district_westbrook||NorthOaks",
				"source_list": ["Character.Judy"],
				"source_use_vip": false,
				"source_use_rival": false,

				"position": "relative_to_entity",
				"position_helper": "at||relative_to_entity||node||player_look_at||poi||mappin||fasttravel||custom_place||custom_room",
				"position_change_helper": "Write 'current' in position_tag for get current node,mappin, fasttravel, custom_place or custom_room. \n For poi if you write 'current' in position_poi_district you will get the current district, \n if you write 'current in position_poi_subdistrict you will get the current subdistrict. \n also if you write 'random' in position_poi_subdistrict or position_poi_district, you will get an 'random' value",
				"position_range": 50,
				"position_lookatdistance":0,		
				"position_tag": "traumarescueAV",
				"position_tag_helper": "judy01||playerhouse01||playerhouse_bed||",
				"position_way": "normal",
				"position_way_helper": "normal||behind||forward",
				"position_poi_district": "",
				"position_poi_subdistrict": "",
				"position_poi_is_for_car": false,
				"position_poi_from_position": false,
				"position_poi_use_location_tag": false,	
				"position_poi_type": 1,
				"position_distance": 5,
				"position_house_way": "default",
				"position_house_way_helper": "default||enter||exit",
				"position_house_tag": "playerhouse01",	
				"position_node_usegameplay": false,
				"x": 3,
				"y": 0,
				"z": -3,
				
				"amount": 1,
				"context": [
					
					{
						
						"trigger": {
							"score": {
								"name": "check_score",
								"value":"trauma_membership",
								"key":"subscribe",
								"score":3,
								"operator":"=",
								"helper": "This action will check the targeted score key value \n Available Operator : < || <= || > || >= || != || = ",
								"helperTitle": "Score : Check Score"
							},
						},
						"requirement": [["score"]],
						"prop": 
						{
						
							"amount": {
								"text": "##squadamount",
								"type":"number",
								"values":{
									"squadamount": {
										"type": "number",
										"value": 3
									}

								}
							
							},
							"appearance": {
								"text": "##squadapp",
								
								"values":{
									"squadapp": {
										"type": "text",
										"value": "corpo__traumateam_ma__leader__soldier_lvl1"
									}

								}
							
							}
						}
					}
					
				],
				"help": "This action will summon a custom npc with several custom parameter ",
				"helper": "This action will summon a custom npc with several custom parameter ",
				"helperTitle": "Entity : Spawn NPC"
			},
			],
			"else_action": [
			],
			"helper": "This action will check a trigger and execute IF actions if the trigger is OK or ELSE action if the trigger is not OK, light mode, don't make complex thing here",
			"helperTitle": "Logic : Light If"
		},
		{
			"name": "spawn_npc",
			"tag": "traumaHelpPilot",
			"spawnlevel": 36,
			"use_police_prevention_system": true,
			"group": "traumamembersquad",
			"scriptlevel":0,
			"appearance": "none",
			"create_group_if_not_exist": true,
			"source": "npc",
			"source_helper": "npc||current_star||faction||current_district_leader||current_subdistrict_leader||district_leader||subdistrict_leader||random||from_list||district_rival||subdistrict_rival||current_district_rival||current_subdistrict_rival",
			"source_gang": "faction_mox",
			"source_tag": "Character.trauma_soldier_ranged2_dian_ma",
			"source_tag_helper": "Character.Judy||faction_mox||district_westbrook||NorthOaks",
			"source_list": ["Character.Judy"],
			"source_use_vip": false,
			"source_use_rival": false,

			"position": "relative_to_entity",
			"position_helper": "at||relative_to_entity||node||player_look_at||poi||mappin||fasttravel||custom_place||custom_room",
			"position_change_helper": "Write 'current' in position_tag for get current node,mappin, fasttravel, custom_place or custom_room. \n For poi if you write 'current' in position_poi_district you will get the current district, \n if you write 'current in position_poi_subdistrict you will get the current subdistrict. \n also if you write 'random' in position_poi_subdistrict or position_poi_district, you will get an 'random' value",
			"position_range": 50,
			"position_lookatdistance":0,		
			"position_tag": "traumarescueAV",
			"position_tag_helper": "judy01||playerhouse01||playerhouse_bed||",
			"position_way": "normal",
			"position_way_helper": "normal||behind||forward",
			"position_poi_district": "",
			"position_poi_subdistrict": "",
			"position_poi_is_for_car": false,
			"position_poi_from_position": false,
			"position_poi_use_location_tag": false,	
			"position_poi_type": 1,
			"position_distance": 5,
			"position_house_way": "default",
			"position_house_way_helper": "default||enter||exit",
			"position_house_tag": "playerhouse01",	
			"position_node_usegameplay": false,
			"x": 3,
			"y": 0,
			"z": -5,
			
			"amount": 1,
			
			"help": "This action will summon a custom npc with several custom parameter ",
			"helper": "This action will summon a custom npc with several custom parameter ",
			"helperTitle": "Entity : Spawn NPC"
		},
		
        
        {
            "name": "wait_second",
            "value": 1
        }, {
            "name": "attitude_group_against_entity",
            "tag": "traumamembersquad",
            "entity": "player",
            "attitude": "companion",
            "help": "companion will work only for entity player",
            "helper": "This action will change attitude of an custom entity to another one",
            "helperTitle": "Entity : change attitude against another entity"
        }, 
			
		{
            "name": "wait_second",
            "value": 2
        }, 
		{
            "name": "entity_unset_seat",
            "tag": "player",
            "vehicle": "traumarescueAV",
            "waitforsit": false,
            "seat": "seat_front_left",
            "help": "seat_front_right/seat_back_right/seat_back_left/seat_front_left",
            "helper": "This action will unset seat to an entity for an specific vehicule entity",
            "helperTitle": "Entity : Unset Seat"
        }, 
		{
			"name": "move",
			"tag": "traumamembersquad",
			"group":true,
			"move":"Sprint",

			"position": "relative_to_entity",		
			"position_helper": "at||relative_to_entity||node||player_look_at||poi||mappin||fasttravel||custom_place||custom_room",
			"position_change_helper": "Write 'current' in position_tag for get current node,mappin, fasttravel, custom_place or custom_room. \n For poi if you write 'current' in position_poi_district you will get the current district, \n if you write 'current in position_poi_subdistrict you will get the current subdistrict. \n also if you write 'random' in position_poi_subdistrict or position_poi_district, you will get an 'random' value",
			"position_range": 50,
			"position_lookatdistance":0,		
			"position_tag": "player",
			"position_tag_helper": "judy01||playerhouse01||playerhouse_bed||",
			"position_way": "normal",
			"position_way_helper": "normal||behind||forward",
			"position_poi_district": "",
			"position_poi_subdistrict": "",
			"position_poi_is_for_car": false,
			"position_poi_from_position": false,
			"position_poi_use_location_tag": false,	
			"position_poi_type": 1,
			"position_distance": 5,
			"position_house_way": "default",
			"position_house_way_helper": "default||enter||exit",
			"position_house_tag": "playerhouse01",	
			"position_node_usegameplay": false,
			"x": 1,
			"y": 0,
			"z": 0,
			
			
			"moveV2":true,
			
			"roll": 0,
			"pitch": 0,
			"yaw": 0,
			
			"distance": 0,
			"distancetolerance": 1,
			
			
			"ignorenavigation": false,
			"stoponobstacle": false,
			"outofway": false,
			
			
			"help": "This action will move an entity with several custom parameter ",
			"helper": "This action will move an entity with several custom parameter ",
			"helperTitle": "Entity : Move To"
		},
		
		{
			"name":"set_score",
			"score":"av_cockpit",
			"key":"state",
			"value": 1,
			"helper": "This action will set a value for a key of a score ",
			"helperTitle": "Score : Set Score"
		},
		
		{
            "name": "wait_second",
            "value": 2
        }, 
		
		{
			"name": "mod_statpool",
			"value": "Health",
			"score": 100,
			"perc": true,
			"helper": "This action will change the stat to the current value",
			"helperTitle": "Stat : Change Statpool"
		},
		{
            "name": "for",
            "amount": 250,
            "action": [
				{
					"name": "teleport",
					"tag": "traumarescueAV",
					"group":false,

					"position": "relative_to_entity",		
					"position_helper": "at||relative_to_entity||node||player_look_at||poi||mappin||fasttravel||custom_place||custom_room",
					"position_change_helper": "Write 'current' in position_tag for get current node,mappin, fasttravel, custom_place or custom_room. \n For poi if you write 'current' in position_poi_district you will get the current district, \n if you write 'current in position_poi_subdistrict you will get the current subdistrict. \n also if you write 'random' in position_poi_subdistrict or position_poi_district, you will get an 'random' value",
					"position_range": 50,
					"position_lookatdistance":0,		
					"position_tag": "traumarescueAV",
					"position_tag_helper": "judy01||playerhouse01||playerhouse_bed||",
					"position_way": "normal",
					"position_way_helper": "normal||behind||forward",
					"position_poi_district": "",
					"position_poi_subdistrict": "",
					"position_poi_is_for_car": false,
					"position_poi_from_position": false,
					"position_poi_use_location_tag": false,	
					"position_poi_type": 1,		
					"position_distance": 5,
					"position_house_way": "default",
					"position_house_way_helper": "default||enter||exit",
					"position_house_tag": "playerhouse01",	
					"position_node_usegameplay": false,
					"x": 0,
					"y": 0,
					"z": 0.2,
					
					
					
					
					
					"help": "This action will teleport an entity with several custom parameter ",
					"helper": "This action will teleport an entity with several custom parameter ",
					"helperTitle": "Entity : Teleport To"
				},
            ]

        }, {
            "name": "for",
            "amount": 50,
            "action": [
				{
					"name": "teleport",
					"tag": "traumarescueAV",
					"group":false,

					"position": "relative_to_entity",		
					"position_helper": "at||relative_to_entity||node||player_look_at||poi||mappin||fasttravel||custom_place||custom_room",
					"position_change_helper": "Write 'current' in position_tag for get current node,mappin, fasttravel, custom_place or custom_room. \n For poi if you write 'current' in position_poi_district you will get the current district, \n if you write 'current in position_poi_subdistrict you will get the current subdistrict. \n also if you write 'random' in position_poi_subdistrict or position_poi_district, you will get an 'random' value",
					"position_range": 50,
					"position_lookatdistance":0,		
					"position_tag": "traumarescueAV",
					"position_tag_helper": "judy01||playerhouse01||playerhouse_bed||",
					"position_way": "normal",
					"position_way_helper": "normal||behind||forward",
					"position_poi_district": "",
					"position_poi_subdistrict": "",
					"position_poi_is_for_car": false,
					"position_poi_from_position": false,
					"position_poi_use_location_tag": false,	
					"position_poi_type": 1,		
					"position_distance": 5,
					"position_house_way": "default",
					"position_house_way_helper": "default||enter||exit",
					"position_house_tag": "playerhouse01",	
					"position_node_usegameplay": false,
					"x": 0,
					"y": 2,
					"z": 0,
					
					
					
					
					
					"help": "This action will teleport an entity with several custom parameter ",
					"helper": "This action will teleport an entity with several custom parameter ",
					"helperTitle": "Entity : Teleport To"
				},
            ]

        },
		{
            "name": "despawn_entity",
            "tag": "traumarescueAV"
        }, 
		{
            "name": "wait_second",
            "value": 1
        }, 
		{
            "name": "despawn_group",
            "tag": "traumamembersquad",
            "helper": "This action will despawn an custom entity ",
            "helperTitle": "Entity : Despawn an entity"
        }, 
		{
            "name": "remove_group",
            "tag": "traumamembersquad",
        }, 
		
		{
            "name": "teleport_player",
            "x": -1361,
            "y": 1747,
            "z": 18,
            "helper": "This action will teleport the player to XYZ",
            "helperTitle": "Player : Teleport at position"
        },
		{
            "name": "phone_notification",
            "title": "TraumaTeam Membership",
            "desc": "Thanks for using our services.",
            "duration": 5,
            "helper": "This action will make display an phone message notification",
            "helperTitle": "UI : Phone Notification"
		},
       
		
		{
            "name": "wait_second",
            "value": 60
        }, 
		{
			"name":"set_score",
			"score":"trauma_membership",
			"key":"running",
			"value": 0,
			"helper": "This action will set a value for a key of a score ",
			"helperTitle": "Score : Set Score"
		}
    ]
}
