{
  "center": {
    "y": 1271.0329589844,
    "x": -1382.5769042969,
    "z": 123.06489562988
  },
  "items": [ {
    "HouseTag": "worldlife_v_apart",
    "Tag": "neon_kiroshi_optics_logo",
    "Yaw": -47.439636230469,
    "Title": "neon_kiroshi_optics_logo",
    "X": -2.695556640625,
    "Z": 0.010086059570313,
    "ItemPath": "base\\environment\\decoration\\advertising\\signage\\neon_japanese_text\\neon_kiroshi_optics_logo.ent",
    "Y": -3.149169921875,
    "Pitch": 0,
    "Id": "worldlife_v_apart_neon_kiroshi_optics_logo_21849",
    "Roll": -0
  }, {
    "HouseTag": "",
    "Tag": "jpn_corridor_light_d",
    "Yaw": -8.4394407272339,
    "Title": "Corridor Light 1",
    "X": -3.283935546875,
    "Z": 2.8602447509766,
    "ItemPath": "base\\gameplay\\devices\\lights\\indestructible\\jpn_corridor_light_d.ent",
    "Y": -3.61376953125,
    "Pitch": -45.000068664551,
    "Id": "_jpn_corridor_light_d_51749",
    "Roll": -5.0000376701355
  }, {
    "HouseTag": "",
    "Tag": "industrial_ceiling_light_01_d_lamp",
    "Yaw": 87.410003662109,
    "Title": "Industrial Ceiling Light Purple",
    "X": -0.605224609375,
    "Z": 3.6001052856445,
    "ItemPath": "base\\gameplay\\devices\\lighting\\industrial\\industrial_ceiling_light_01\\industrial_ceiling_light_01_d_lamp.ent",
    "Y": 0.393310546875,
    "Pitch": -82.800003051758,
    "Id": "_industrial_ceiling_light_01_d_lamp_50451",
    "Roll": 178.60000610352
  }, {
    "HouseTag": "",
    "Tag": "industrial_ceiling_light_01_e_lamp",
    "Yaw": -85.389739990234,
    "Title": "Industrial Ceiling Light Red",
    "X": 5.709228515625,
    "Z": 3.7001037597656,
    "ItemPath": "base\\gameplay\\devices\\lighting\\industrial\\industrial_ceiling_light_01\\industrial_ceiling_light_01_e_lamp.ent",
    "Y": 2.3489990234375,
    "Pitch": 0,
    "Id": "_industrial_ceiling_light_01_e_lamp_22890",
    "Roll": -0
  } ],
  "tag": "tagggggggg"
}