{
  "desc": "",
  "items": [ {
    "HouseTag": "",
    "Tag": "arroyo_corridor_light_f_big",
    "Yaw": 88.30233001709,
    "Title": "arroyo_corridor_light_f_big",
    "X": -416.35437011719,
    "Z": -17.006149291992,
    "ItemPath": "base\\gameplay\\devices\\lights\\indestructible\\arroyo_corridor_light_f_big.ent",
    "Y": -54.726608276367,
    "Pitch": 0,
    "Id": "_arroyo_corridor_light_f_big_74794",
    "Roll": 92.699996948242
  }, {
    "HouseTag": "",
    "Tag": "arroyo_corridor_light_f_big",
    "Yaw": -93.088806152344,
    "Title": "arroyo_corridor_light_f_big",
    "X": -429.83898925781,
    "Z": -16.833148956299,
    "ItemPath": "base\\gameplay\\devices\\lights\\indestructible\\arroyo_corridor_light_f_big.ent",
    "Y": -54.283645629883,
    "Pitch": 0,
    "Id": "_arroyo_corridor_light_f_big_79677",
    "Roll": 86.400001525879
  }, {
    "HouseTag": "",
    "Tag": "corridor_light_c_lch_tunnel_top_double",
    "Yaw": -92.188858032227,
    "Title": "corridor_light_c_lch_tunnel_top_double",
    "X": -405.26391601563,
    "Z": -16.376149177551,
    "ItemPath": "base\\gameplay\\devices\\lights\\indestructible\\corridor_light_c_lch_tunnel_top_double.ent",
    "Y": -104.52912902832,
    "Pitch": 0,
    "Id": "_corridor_light_c_lch_tunnel_top_double_46127",
    "Roll": -0
  }, {
    "HouseTag": "",
    "Tag": "corridor_light_c_lch_tunnel_top_double",
    "Yaw": 87.611137390137,
    "Title": "corridor_light_c_lch_tunnel_top_double",
    "X": -396.15173339844,
    "Z": -16.49614906311,
    "ItemPath": "base\\gameplay\\devices\\lights\\indestructible\\corridor_light_c_lch_tunnel_top_double.ent",
    "Y": -105.07292175293,
    "Pitch": 0,
    "Id": "_corridor_light_c_lch_tunnel_top_double_46291",
    "Roll": 0
  } ],
  "tag": "Night City Temp",
  "target": "",
  "price": 200000,
  "name": "Night City Temp",
  "center": {
    "y": -71.221664428711,
    "x": -1432.3809814453,
    "z": 30.270149230957
  }
}