{
	"name": "M.R. Follow",
	"trigger": {
		"affinity check": {
			"value": "faction_maxtac",
			"name": "gang_affinity",
			"helperTitle": "Gang : Score is higher or equal to",
			"helper": "This trigger will be triggered when you have enough affinity with an specific gang",
			"score": 15
		}
	},
	"display": "event_interact",
	"tag": "rory",
	"requirement": [
		[
			"affinity check"
		]
	],
	"action": [
		{
			"x": 5,
			"position": "",
			"tag": "melissa",
			"y": 0,
			"helperTitle": "Entity : Spawn an entity to another entity relative position",
			"isAV": false,
			"amount": 1,
			"entity": "player",
			"z": 0,
			"spawnlevel": 45,
			"npc": "Character.mq030_melisa",
			"distance": 0,
			"helper": "This action will summon an custom entity at XYZ relative position from another entity ",
			"name": "summon_entity_at_entity_relative"
		},
		{
			"value": 2,
			"help": "Wait x second",
			"helperTitle": "Logic : Wait X seconds",
			"helper": "This action will wait x second before perform the next action",
			"name": "wait_second"
		},
		{
			"attitude": "companion",
			"help": "companion will work only for entity player",
			"tag": "melissa",
			"entity": "player",
			"helperTitle": "Entity : change attitude against another entity",
			"helper": "This action will change attitude of an custom entity to another one",
			"name": "attitude_entity_against_entity"
		},
		{
			"voice": "greeting",
			"tag": "melissa",
			"helperTitle": "Entity : Play game voice",
			"helper": "This action will play an voice for an custom entity ",
			"name": "play_entity_voice"
		}
	],
	"timer": 0,
	"sorttag": "default_interact"
}