{
	"trigger": {
		"check": {
			"helperTitle": "Default",
			"name": "auto",
			"helper": "This trigger will be triggered without need anything (default)"
		}
	},
	"tag": "Pyscho_Mania",
	"way": "world",
	"action": [{

		"name": "wait_for_trigger",
		"trigger": {

			"x": -340.700,
			"name": "position",
			"helper": "This trigger will be triggered when you are at this XY position (in the range)",
			"y": 110.771,
			"helperTitle": "Player : At Position XY",
			"z": 22.118,
			"range": 10
		},
		"help": "Wait that trigger condition is valid",
		"helper": "This action will wait that the trigger is valid before do the next action ",
		"helperTitle": "Logic : Wait For Trigger"
	}, {

		"name": "do_function",
		"value": "maxtac_psycho1"
	}, {
		"name": "wait_for_trigger",
		"trigger": {

			"x": -661.345,
			"name": "position",
			"helper": "This trigger will be triggered when you are at this XY position (in the range)",
			"y": 140.668,
			"helperTitle": "Player : At Position XY",
			"z": 19.992,
			"range": 10
		},
		"help": "Wait that trigger condition is valid",
		"helper": "This action will wait that the trigger is valid before do the next action ",
		"helperTitle": "Logic : Wait For Trigger"
	}, {

		"name": "do_function",
		"value": "maxtac_psycho2"
	}, {
		"name": "wait_for_trigger",
		"trigger": {

			"x": -335.690,
			"name": "position",
			"helper": "This trigger will be triggered when you are at this XY position (in the range)",
			"y": 1693.364,
			"helperTitle": "Player : At Position XY",
			"z": 40.962,
			"range": 10
		},
		"help": "Wait that trigger condition is valid",
		"helper": "This action will wait that the trigger is valid before do the next action ",
		"helperTitle": "Logic : Wait For Trigger"
	}, {

		"name": "do_function",
		"value": "maxtac_psycho3"
	}, {

		"name": "wait_for_trigger",
		"trigger": {

			"x": -1283.541,
			"name": "position",
			"helper": "This trigger will be triggered when you are at this XY position (in the range)",
			"y": 1382.843,
			"helperTitle": "Player : At Position XY",
			"z": 26.771,
			"range": 10
		},
		"help": "Wait that trigger condition is valid",
		"helper": "This action will wait that the trigger is valid before do the next action ",
		"helperTitle": "Logic : Wait For Trigger"
	}, {

		"name": "do_function",
		"value": "maxtac_psycho4"
	}, {

		"name": "wait_for_trigger",
		"trigger": {

			"x": -1395.902,
			"name": "position",
			"helper": "This trigger will be triggered when you are at this XY position (in the range)",
			"y": 1182.520,
			"helperTitle": "Player : At Position XY",
			"z": 23.119,
			"range": 10
		},
		"help": "Wait that trigger condition is valid",
		"helper": "This action will wait that the trigger is valid before do the next action ",
		"helperTitle": "Logic : Wait For Trigger"
	}, {

		"name": "do_function",
		"value": "maxtac_psycho5"
	}, {

		"name": "wait_for_trigger",
		"trigger": {

			"x": -1501.231,
			"name": "position",
			"helper": "This trigger will be triggered when you are at this XY position (in the range)",
			"y": -56.296,
			"helperTitle": "Player : At Position XY",
			"z": 30.182,
			"range": 10
		},
		"help": "Wait that trigger condition is valid",
		"helper": "This action will wait that the trigger is valid before do the next action ",
		"helperTitle": "Logic : Wait For Trigger"
	}, {

		"name": "do_function",
		"value": "maxtac_psycho6"
	}, {

		"name": "wait_for_trigger",
		"trigger": {

			"x": -614.520,
			"name": "position",
			"helper": "This trigger will be triggered when you are at this XY position (in the range)",
			"y": -115.301,
			"helperTitle": "Player : At Position XY",
			"z": 7.960,
			"range": 10
		},
		"help": "Wait that trigger condition is valid",
		"helper": "This action will wait that the trigger is valid before do the next action ",
		"helperTitle": "Logic : Wait For Trigger"
	}, {

		"name": "do_function",
		"value": "maxtac_psycho7"

	}, {

		"name": "wait_for_trigger",
		"trigger": {

			"x": -971.891,
			"name": "position",
			"helper": "This trigger will be triggered when you are at this XY position (in the range)",
			"y": -1200.079,
			"helperTitle": "Player : At Position XY",
			"z": 11.366,
			"range": 10
		},
		"help": "Wait that trigger condition is valid",
		"helper": "This action will wait that the trigger is valid before do the next action ",
		"helperTitle": "Logic : Wait For Trigger"
	}, {

		"name": "do_function",
		"value": "maxtac_psycho9"

	}, {

		"name": "wait_for_trigger",
		"trigger": {

			"x": -1694.323,
			"name": "position",
			"helper": "This trigger will be triggered when you are at this XY position (in the range)",
			"y": -1111.410,
			"helperTitle": "Player : At Position XY",
			"z": 20.15,
			"range": 10
		},
		"help": "Wait that trigger condition is valid",
		"helper": "This action will wait that the trigger is valid before do the next action ",
		"helperTitle": "Logic : Wait For Trigger"
	}, {

		"name": "do_function",
		"value": "maxtac_psycho10"

	}, {

		"name": "wait_for_trigger",
		"trigger": {

			"x": -2345.276,
			"name": "position",
			"helper": "This trigger will be triggered when you are at this XY position (in the range)",
			"y": 98.724,
			"helperTitle": "Player : At Position XY",
			"z": 12.315,
			"range": 10
		},
		"help": "Wait that trigger condition is valid",
		"helper": "This action will wait that the trigger is valid before do the next action ",
		"helperTitle": "Logic : Wait For Trigger"
	}, {

		"name": "do_function",
		"value": "maxtac_psycho11"

	}, {

		"name": "wait_for_trigger",
		"trigger": {

			"x": -205.211,
			"name": "position",
			"helper": "This trigger will be triggered when you are at this XY position (in the range)",
			"y": -215.834,
			"helperTitle": "Player : At Position XY",
			"z": 1.934,
			"range": 15
		},
		"help": "Wait that trigger condition is valid",
		"helper": "This action will wait that the trigger is valid before do the next action ",
		"helperTitle": "Logic : Wait For Trigger"
	}, {

		"name": "do_function",
		"value": "maxtac_psycho12"










	}],
	"name": "Pyscho_Mania",
	"requirement": [
		["check"]
	]
}