{
	"name": "Del AV service",
	"tag": "del_av_service",
	
	"action": [
		
		{
					"name": "notify",
					"value": "Not enough Money..."
		},
	
		{
			"name": "if",
			"trigger": {
				"name": "money",
				"value": 5000,
				"helper": "This trigger will be triggered when you have enough money",
				"helperTitle": "Money : Have enough"
			},
			"if_action": [
				{
					"name": "remove_money",
					"value": 5000,
					"helper": "This action will make remove an amount of money",
					"helperTitle": "Money : Remove Money"
				}
			],
			"else_action": [
				{
					"name": "notify",
					"value": "Not enough Money..."
				},
				{
					"name": "clean_thread",
					"tag": "del_av_service",
					"help": "Clean an thread in scripting execution system",
					"helper": "This action will Clean an thread in scripting execution system",
					"helperTitle": "Logic : Clean Threads"
				}
			],
			"helper": "This action will check an trigger and execute IF actions if the trigger is OK or ELSE action if the trigger is not OK",
			"helperTitle": "Logic : If"
		},
		
		{
			"name": "if",
			"trigger": {
				"name": "have_custom_mappin_placed",
				"helper": "This trigger will be triggered if an custom Map Pin is placed",
				"helperTitle": "Map : Custom Mappin Placed"
			},
			"if_action": [
				{
					"name": "nothing"
				}
			],
			"else_action": [
				{
					"name": "notify",
					"value": "Place an custom Map pin on your map."
				},
				{
					"name": "wait_for_trigger",
					"trigger": {
						"name": "have_custom_mappin_placed",
						"helper": "This trigger will be triggered if an custom Map Pin is placed",
						"helperTitle": "Map : Custom Mappin Placed"
					},
					"help": "Wait that trigger condition is valid",
					"helper": "This action will wait that the trigger is valid before do the next action ",
					"helperTitle": "Logic : Wait For Trigger"
				}
			],
			"helper": "This action will check an trigger and execute IF actions if the trigger is OK or ELSE action if the trigger is not OK",
			"helperTitle": "Logic : If"
		},
	
		{
						"name": "phone_notification",
						"title": "Delamain Services",
						"desc": "Thanks to choose Delamain.",
						"duration": 14
		},
		{
			"name": "wait_second",
			"value": 1
		},	
		{
			"name": "summon_entity_at_entity_relative",
			"entity":"player",
			"x": -55,
			"y": 0,
			"z": 50,
			
			"isAV":false,
			"npc": "Vehicle.av_rayfield_excalibur",
		
			"amount": 1,
			"tag": "taxi_delamain_av",
			"spawnlevel": 98
			
		},
		
		
			
		
		{
			"name": "wait_second",
			"value": 1
		},	
		{
            "name": "for",
            "amount": 25,
            "action": [ 
				{
				"name": "teleport_entity_at_relative_position",
				"x": 2,
				"y": 0,
				"z": 0,
				"rotation": 1,
				"tag": "taxi_delamain_av"
				}
            ]
          
        },
		{
            "name": "for",
            "amount": 245,
            "action": [ 
				{
				"name": "teleport_entity_at_relative_position",
				"x": 0,
				"y": 0,
				"z": -0.2,
				"rotation": 1,
				"tag": "taxi_delamain_av"
				}
            ]
          
        },
		
		{
			"name": "wait_second",
			"value": 3
		},
		
		{
			"name": "entity_set_seat",
			"tag": "player",
			"vehicle":"taxi_delamain_av",
			"seat":"seat_back_left"
		},
		
		{
			"name": "wait_second",
			"value": 5
		},	
		
		{
        "name": "change_camera_position",
        "x": 0,
        "y": -12,
        "z": 2,
        "helper": "This action will change the position of the camera",
        "helperTitle": "UI : Change Camera Position"
		},
		
		{
			"name": "vehicule_autodrive_activate_custom_mappin",
			"tag": "taxi_delamain_av",
			"speed" : 1.2,
			"zfly":650,
			"isAV":true,
			"pathfinding":false,
			"helper": "This action will start autodrive of vehicule to the autodrive saved location",
			"helperTitle": "Vehicule : start Autodrive"
		},
		
		{
        "name": "change_camera_position",
        "x": 0,
        "y": 0,
        "z": 0,
        "helper": "This action will change the position of the camera",
        "helperTitle": "UI : Change Camera Position"
		},
		
		
		{
			"name": "wait_second",
			"value": 1
		},	
		
		{
					"name": "entity_unset_seat",
					"tag": "player",
					"vehicle": "taxi_delamain_av",
					"waitforsit": false,
					"seat": "seat_back_left"
		},
		{
			"name": "wait_second",
			"value": 3
		},	
		
		{
            "name": "for",
            "amount": 250,
            "action": [ 
				{
				"name": "teleport_entity_at_relative_position",
				"x": 0,
				"y": 0,
				"z": 0.2,
				"rotation": 1,
				"tag": "taxi_delamain_av"
				}
            ]
          
        },
		{
            "name": "for",
            "amount": 50,
            "action": [ 
				{
				"name": "teleport_entity_at_relative_position",
				"x": 2,
				"y": 0,
				"z": 0,
				"rotation": 1,
				"tag": "taxi_delamain_av"
				}
            ]
          
        },
		{
			"name": "despawn_entity",
			"tag": "taxi_delamain_av",
			"helper": "This action will despawn an custom entity ",
			"helperTitle": "Entity : Despawn an entity"
		},
		{
						"name": "phone_notification",
						"title": "Delamain Services",
						"desc": "Thanks to choose Delamain.",
						"duration": 14
		}
		
		
		
		
	]
}