{

	"name":"CM : Call Delamain Taxi (500$)",
	"tag":"del_taxi_service",
	
	"action": [
		
		{
			"name": "despawn_entity",
			"tag": "taxi_delamain_av",
			"helper": "This action will despawn an custom entity ",
			"helperTitle": "Entity : Despawn an entity"
		},
		
		{
			"name": "if",
			"trigger": {
				"name": "money",
				"value": 500,
				"helper": "This trigger will be triggered when you have enough money",
				"helperTitle": "Money : Have enough"
			},
			"if_action": [
				{
					"name": "remove_money",
					"value": 500,
					"helper": "This action will make remove an amount of money",
					"helperTitle": "Money : Remove Money"
				}
			],
			"else_action": [
				{
					"name": "notify",
					"value": "Not enough Money..."
				},
				{
					"name": "clean_thread",
					"tag": "del_taxi_service",
					"help": "Clean an thread in scripting execution system",
					"helper": "This action will Clean an thread in scripting execution system",
					"helperTitle": "Logic : Clean Threads"
				}
			],
			"helper": "This action will check an trigger and execute IF actions if the trigger is OK or ELSE action if the trigger is not OK",
			"helperTitle": "Logic : If"
		},
		{
				"name":"clean_activefasttravelpoint"
				
			
		},
		{
			"name": "if",
			"trigger": {
				"name": "have_fasttravel_mappin_placed",
				"helper": "This trigger will be triggered if an Fast Map Pin is placed",
				"helperTitle": "Map : Fast Travel Mappin Placed"
			},
			"if_action": [
				{
					"name": "nothing"
				}
			],
			"else_action": [
				{
					"name": "notify",
					"value": "Select an Fast Travel Map pin on your map."
				},
				{
					"name": "wait_second",
					"value": 2
				},	
				{
					"name": "open_menu",
					"value": "world_map"
				},
				
				{
					"name": "wait_for_trigger",
					"trigger": {
						"name": "have_fasttravel_mappin_placed",
						"helper": "This trigger will be triggered if an Fast Map Pin is placed",
						"helperTitle": "Map : Fast Travel Mappin Placed"
					},
					"help": "Wait that trigger condition is valid",
					"helper": "This action will wait that the trigger is valid before do the next action ",
					"helperTitle": "Logic : Wait For Trigger"
				},
				{
					"name": "close_menu"
				}
			],
			"helper": "This action will check an trigger and execute IF actions if the trigger is OK or ELSE action if the trigger is not OK",
			"helperTitle": "Logic : If"
		},
		{
			"name":"unlock_message",
			"tag":"del_taxi_01"
			
		},
		{
			"name":"lock_message",
			"tag":"del_taxi_02"
			
		},
		{
						"name": "phone_notification",
						"title": "Delamain Services",
						"desc": "Dear user,we send an Taxi at your position. It should comes to you in less than 10 seconds.",
						"duration": 14,
						"conversation":"del_taxi_service"
		},
		
		{
			"position_house_way_helper": "default||enter||exit",
			"spawnlevel": 36,
			"spawn_system": 1,
			"source_list": [ "Vehicle.cs_savable_archer_hella_police_siren" ],
			"source_gang": "faction_mox",
			"source_helper": "vehicle||faction||current_district_leader||current_subdistrict_leader||district_leader||subdistrict_leader||random||from_list||district_rival||subdistrict_rival||current_district_rival||current_subdistrict_rival",
			"helper": "This action will summon Vehicle with several custom parameter ",
			"source_tag_helper": "Vehicle.cs_savable_archer_hella_police_siren||faction_mox||district_westbrook||NorthOaks",
			"position_distance": 5,
			"position": "relative_to_entity",
			"tag": "taxi_delamain_taxi",
			"helperTitle": "Vehicle : Spawn a Vehicle",
			"isAV": false,
			"position_helper": "at||relative||node||current_node||poi||mappin||fasttravel||current_fasttravel||custom_place||custom_room||current_custom_place||current_custom_room",
			"position_house_way": "default",
			"position_poi_range": 50,
			"create_group_if_not_exist": false,
			"position_node_usegameplay": false,
			"source_tag": "Vehicle.v_standard2_villefort_cortes_delamain",
			"x": 0,
			"position_way": "normal",
			"help": "This action will summon a Vehicle with several custom parameter ",
			"position_poi_from_position": false,
			"position_poi_is_for_car": false,
			"appearance": "",
			"position_house_tag": "playerhouse01",
			"z": 0,
			"wait_for_vehicle": true,
			"y": 0,
			"appears_from_behind": true,
			"scriptlevel": 0,
			"position_tag": "player",
			"position_node_current_detection_range": 70,
			"position_poi_subdistrict": "",
			"group": "",
			"source": "vehicle",
			"amount": 1,
			"position_poi_type": 1,
			"position_way_helper": "normal||behind||forward",
			"position_poi_use_location_tag": false,
			"position_poi_district": "",
			"source_use_rival": false,
			"name": "spawn_vehicule_v2",
			"position_tag_helper": "judy01||playerhouse01||playerhouse_bed||"
		},

		
			
		{
			"name": "wait_second",
			"value": 10
		},	
		
		{
		"name": "vehicle_change_doors",
		"value": "open",
		"tag": "taxi_delamain_taxi",
		"helper": "This action will change the state of doors (open/close/lock/unlock)",
		"helperTitle": "Vehicule : Change Doors State"
		},
		{
			"name": "wait_second",
			"value": 3
		},	
		{
			"name": "entity_set_seat",
			"tag": "player",
			"vehicle":"taxi_delamain_taxi",
			"seat":"seat_back_right"
		},
		
		{
			"name": "wait_second",
			"value": 6
		},	
		{
		"name": "vehicle_change_doors",
		"value": "close",
		"tag": "taxi_delamain_taxi",
		"helper": "This action will change the state of doors (open/close/lock/unlock)",
		"helperTitle": "Vehicule : Change Doors State"
		},
		{
			"name": "vehicle_go_to_current_fasttravel_point",
			"tag": "taxi_delamain_taxi",
			"speed" : 350,
			"forcegreenlight":false,
		"usetraffic":true,
			"needdriver":false,
			"helper": "This action will make the vehicle drive to the current fasttravelpoint",
			"helperTitle": "Vehicule : Drive to Fast Travel Point"
		},
		
		
		
			
		
		{
					"name": "wait_for_trigger",
					"trigger": {

						"name": "is_arrived_to_destination",
						"tag": "taxi_delamain_taxi",
						"range":20,
						"helper": "This trigger will be triggered if an Fast Map Pin is placed",
						"helperTitle": "Map : Fast Travel Mappin Placed"
					},
					"help": "Wait that trigger condition is valid",
					"helper": "This action will wait that the trigger is valid before do the next action ",
					"helperTitle": "Logic : Wait For Trigger"
		},
		
				
		{
			"name": "entity_unset_seat",
			"tag": "player",
			"vehicle":"taxi_delamain_taxi",
			"seat":"seat_back_right"
		},
		
			
		{
			"name": "wait_second",
			"value": 5
		},	
			{
			"name": "vehicle_go_to_fasttravel_point",
			"tag": "taxi_delamain_taxi",
			"destination":"#hey_gle_dataterm_04",
			"speed" : 350,
			"forcegreenlight":false,
			"usetraffic":true,
			"needdriver":false,
			"helper": "This action will make the vehicle drive to the current fasttravelpoint",
			"helperTitle": "Vehicule : Drive to Fast Travel Point"
		},
		{
			"name": "wait_second",
			"value": 5
		},	
		{
			"name": "despawn_entity",
			"tag": "taxi_delamain_taxi",
			"helper": "This action will despawn an custom entity ",
			"helperTitle": "Entity : Despawn an entity"
		},
		
		{
			"name": "clean_activefasttravelpoint"
			
		},
		{
			"name":"lock_message",
			"tag":"del_taxi_01"
			
		},
		{
			"name":"unlock_message",
			"tag":"del_taxi_02"
			
		},
		{
			"name": "phone_notification",
			"title": "Delamain Services",
			"desc": "Thanks to use our services. We hope to see you soon !",
			"duration": 14,
			"conversation":"del_taxi_service"
		},
		{
			"name": "wait_second",
			"value": 14
		},	
		{
			"name":"lock_message",
			"tag":"del_taxi_01"
			
		},
		{
			"name":"lock_message",
			"tag":"del_taxi_02"
			
		}
		
		
		
	]
	
	
}