{
	"name": "fly_c1",
	"tag": "fly_c1",
	"way": "init",
	"trigger": {

		"trigger01": {
			"name": "in_car"


		}
	},

	"requirement": [
		[
			"trigger01"
		]
	],
	"action": [{


		"name": "setGameVolume",
		"value": "SfxVolume",
		"score": 45
	}, {
		"name": "setGameVolume",
		"value": "CarRadioVolume",
		"score": 15
	}, {
		"name": "set_score",
		"value": "flyer",
		"key":"state",
		"score": 1,
		"helper": "This action will change the value of an custom score",
		"helperTitle": "Score :  change the value of an custom score"
	}, {
		"name": "change_av_velocity",
		"value": 0.001

	}]
}