{
	"name": "animals_react",
	"tag": "animals_react",
	"action": [{
			"name": "wait_for_trigger",
			"trigger": {
				"name": "testFor",
				"triggers": [{
						"name": "player_in_poi",
						"tag": "",
						"district": "",
						"subdistrict": "",
						"iscar": false,
						"type": 3,
						"uselocationtag": false,
						"range": 50
					},
					{
						"name": "player_in_poi",
						"tag": "",
						"district": "",
						"subdistrict": "",
						"iscar": false,
						"type": 2,
						"uselocationtag": false,
						"range": 60

					}
				],
				"logic": "or"
			}

		},
		{
			"name": "if",
			"trigger": {
				"name": "testFor",
				"triggers": [{
					"name": "compare",
					"trigger": {
						"name": "entity_looked_is_gangfriendly"
					},
					"expected": true
				}, {
					"name": "player_current_gang",
					"value": "faction_animals"



				}],
				"logic": "and"
			},
			"if_action": [{


				"name": "random_subtitle",
				"title": [
					"What's Up!",
					"Let us know if you see some pussies around ha ha!!",
					"Get built, Get Wild!",
					"Tryin' to get Wild?",
					"Got some Pussies around here? let me know!",
					"Don't let no fucker fuck with you.",
					"Pump iron, Give iron.",
					"See ya.",
					"Ever took a Bullet to the fuckin' knee? Huh?! Shit fuckin' hurts",
					"Give those 'weirdos' somethin' to think about when you see em', ya?",
					"They fuck with you, they fuck with all of us!",
					"Stay safe!",
					"AWHOOO",
					"Where are the little bitches at?"

				
					




				],
				"type": 1,
				"target": "player",
				"speaker": "Friendly",
				"duration": 4
			}],
			"else_action": [{

				"name": "if",
				"trigger": {
					"name": "testFor",
					"triggers": [{
						"name": "compare",
						"trigger": {
							"name": "entity_looked_is_gangfriendly"
						},
						"expected": false
					}, {
						"name": "player_current_gang",
						"value": "faction_animals"
					}, {
						"name": "entity_in_faction",
						"tag": "lookat",
						"faction": "faction_voodooboys"



					}],
					"logic": "and"
				},
				"if_action": [{
					"name": "random_subtitle",
					"title": [
						"Fuck ou, shithead!",
						"Jwenn pèdi, pèdi youn!",
						"Eseye jwenn pirate!",
						"Pran koube, fout tèt.",
						"Pran atifisyèl ou epi pèdi'!",
						"Vle teste ki jan difisil ou ye??",
						"Fatra.",
						"Nou pral fè ou bave nan bouch la. Eseye nou",
						"Piss off, Doggie!",
						"Ou se yon fo èt",
						"Bouche yo ta renmen ou.",
						"You Trying to die?",
						"femèl chen!",
						"The fuck is your problem?",
						"Keep walkin'.",
						"You must have a death wish.",
						"Come at us, we're ready."
	





					],
					"type": 1,
					"target": "player",
					"speaker": "Rival",
					"duration": 4
				}],
				"else_action": [{
					"name": "random_subtitle",
				"title": [
				
					"Gade tèt ou, chen.",
					"Don't get hacked by us, now.",
					"Putain tu regardes?!",
					"Ki moun fou ou panse ou ap gade?",
					"Step up!",
					"Fatra.",
					"Kontinye fikse",
					"Ou ap eseye mouri?",
					"Ou vle wè pwòp sikui ou yo? eseye'm!",
					"Stare at someone better than you, bitch.",
					"The fuck is your problem?",
					"Fuck with us, you fuck with all of us.",
					"Fuck off!",
					"Keep walking.",
					"Ou dwe gen yon volonte lanmò.",
					"Mwen wè ou, pè."
				

				],
				"type": 1,
				"target": "player",
				"speaker": "Gang Member",
				"duration": 3
			
					
				}]
			}]


		},
		{
			"name": "wait_second",
			"value": 1
		},
		{
			"name": "clean_thread",
			"tag": "GNC_reaction_system"
		},
		{
			"name": "wait_second",
			"value": 3

		},
		{
			"name": "do_event",
			"value": "GNC_reaction_system"








		}
	]
}