{
	"name": "GNC_Reaction_lines",
	"tag": "GNC_Reaction_lines",
	"action": [{
			"name": "wait_for_trigger",
			"trigger": {
				"name": "testFor",
				"triggers": [{
						"name": "player_in_poi",
						"tag": "",
						"district": "",
						"subdistrict": "",
						"iscar": false,
						"type": 3,
						"uselocationtag": false,
						"range": 20
					},
					{
						"name": "player_in_poi",
						"tag": "",
						"district": "",
						"subdistrict": "",
						"iscar": false,
						"type": 2,
						"uselocationtag": false,
						"range": 10

					}
				],
				"logic": "or"
			}

		},
		{
			"name": "if",
			"trigger": {
				"name": "testFor",
				"triggers": [{
					"name": "compare",
					"trigger": {
						"name": "entity_looked_is_gangfriendly"
					},
					"expected": true
				}, {
					"name": "player_current_gang",
					"value": "faction_mox"



				}],
				"logic": "and"
			},
			"if_action": [{


				"name": "random_subtitle",
				"title": [
					"Hey what's up",
					"Watch your back out there.",
					"Let me know if you see some Claws.",
					"Don't let anyone fuck with you.",
					"If you see some Claws, give em the ole' Double Tap. Make it triple!",
					"Stay safe out here.",
					"Don't let your guard down.",
					"Heard there were some Claws around, be careful.",
					"If I hear guns, I will run to where the action is, hope you follow.",
					"I got you, if you got me, Choom.",
					"It's dangerous to go alone.... That's all",
					"Ever took a Bullet to the knee?",
					"Lookin' hot, Choom!",
					"Glad to see you around.",
					"Give the Claws somethin' to think about when you see em', ya?",
					"They fuck with you, they fuck with all of us!",
					"Stay safe!",
					"I See you, Choom!",
					"Let's get Dangerous!",
					"See ya Around, Choom!",
					"Ever heard of this Fitness'PACER' test thing?",
					"Lookin' Good, Choom!",
					"Oh Shiiiit, Whaddup?",
					"Claws better run now if you're around!"




				],
				"type": 1,
				"target": "player",
				"speaker": "Friendly",
				"duration": 5
			}],
			"else_action": [{
				"name": "random_subtitle",
				"title": [
					"Watch yourself, mox.",
					"Don't get clipped by us, now, Mox.",
					"The fuck are you lookin' at, Mox?!",
					"Tell your bitches to stay away.",
					"Wanna fuck around and find out? Keep movin' Bitch!",
					"Who the fuck do you think you're lookin' at, Mox?",
					"Step up, Bitch!",
					"Tryin' to taste my iron? or something else?",
					"Get the fuck outta here, Mox!",
					"Wanna get smoked, Mox?",
					"Pussy joining a Pussy gang, fitting.",
					"Keep staring at a real one, why don't ya?",
					"You Tryin' to die?",
					"Keep lookin, and I'll make you look all around you, Bitch!",
					"Wanna see fireworks? try me, Mox!",
					"Want a Bullet to your fuckin' skull? keep walkin!",
					"Fuckin' gonks!",
					"Stare at someone better than you, bitch.",
					"The fuck is your problem, Mox Bitch?",
					"Fuck off, mox!",
					"Keep walkin', Bitch.",
					"You must have a death wish.",
					"I see you quivering, Mox.",
					"Out here lookin' for a fight? TRY!",
					"Come at us, Mox, we're ready.",
					"step your pace up, Mox",
					"Lookin' to get your cyberware re-arranged?!",
					"No maidens?"





				],
				"type": 1,
				"target": "player",
				"speaker": "Rival",
				"duration": 5
			}]
			},
		{
			"name": "if",
			"trigger": {
				"name": "testFor",
				"triggers": [{
					"name": "compare",
					"trigger": {
						"name": "entity_looked_is_gangfriendly"
					},
					"expected": true
				}, {
					"name": "player_current_gang",
					"value": "faction_tygerclaws"



				}],
				"logic": "and"
			},
			"if_action": [{


				"name": "random_subtitle",
				"title": [
					"Hey what's up",
					"Watch your back out there.",
					"Let me know if you see some Mox.",
					"Don't let those bitches fuck with you.",
					"If you see some Mox, give em the ole' Double Tap. Fuck them Up!",
					"Stay safe out here.",
					"Don't let your guard down.",
					"Heard there were some Mox around, Kill em dead.",
					"I got you, if you got me, Choom.",
					"It's dangerous to go alone.... That's all",
					"Ever took a Bullet to the knee?",
					"Lookin' Intimidating, Choom!",
					"Give the Mox somethin' to think about when you see em.",
					"They fuck with you, they fuck with all of us!",
					"Stay safe!",
					"I See you, Choom!",
					"Let's get Dangerous!",
					"See ya Around, Choom!",
					"Ever heard of this Fitness'PACER' test thing?",
					"Lookin' Good, Choom!",
					"Oh Shiiiit, Whaddup?",
					"Mox better run now if you're around!"




				],
				"type": 1,
				"target": "player",
				"speaker": "Friendly",
				"duration": 5
			}],
			"else_action": [{
				"name": "random_subtitle",
				"title": [
					"Watch yourself, Kako's Cunt fan.",
					"Don't get clipped by us, now, Fucker.",
					"The fuck are you lookin' at, Claw?!",
					"Tell your Weebs to stay away.",
					"Wanna fuck around and find out? Get movin'!",
					"Who the fuck do you think you're lookin' at, Mox?",
					"Step up, Bitch!",
					"Tryin' to taste my iron? or my blades?",
					"Get the fuck outta here, Kako's bitch!",
					"Wanna get smoked, Claw Bitch?",
					"Trash joining a trash Gang, fitting.",
					"Keep staring at a real one, why don't ya?",
					"You Tryin' to die?",
					"Keep lookin, and I'll make you look all around you, Bitch!",
					"Wanna see fireworks? try me, Claw Cunt!",
					"Want a Bullet to your fuckin' skull? Get movin'!",
					"Fuckin' Claws!",
					"Stare at someone better than you, Fucker.",
					"The fuck is your problem, Claw Cunt?!",
					"Fuck off, Cunt of Kako!",
					"Go Lick Wakako, Gonk!",
					"Drop dead, Claw.",
					"Keep walkin', Bitch.",
					"You must have a death wish.",
					"I see you, Claw!",
					"Out here lookin' for a fight? TRY!",
					"Come at us, Claw Bitch, we're ready.",
					"step your pace up, Tygercunt",
					"Lookin' to get your cyberware re-arranged?!",
					"No maidens?"





				],
				"type": 1,
				"target": "player",
				"speaker": "Rival",
				"duration": 5
			}]
		},
		{
			"name": "wait_second",
			"value": 1
		},
		{
			"name": "clean_thread",
			"tag": "GNC_reaction_system"
		},
		{
			"name": "wait_second",
			"value": 3

		},
		{
			"name": "do_event",
			"value": "GNC_reaction_system"








		}
	]
}