{
	"name": "maelstrom_react",
	"tag": "maelstrom_react",
	"action": [{
			"name": "wait_for_trigger",
			"trigger": {
				"name": "testFor",
				"triggers": [{
						"name": "player_in_poi",
						"tag": "",
						"district": "",
						"subdistrict": "",
						"iscar": false,
						"type": 3,
						"uselocationtag": false,
						"range": 50
					},
					{
						"name": "player_in_poi",
						"tag": "",
						"district": "",
						"subdistrict": "",
						"iscar": false,
						"type": 2,
						"uselocationtag": false,
						"range": 60

					}
				],
				"logic": "or"
			}

		},
		{
			"name": "if",
			"trigger": {
				"name": "testFor",
				"triggers": [{
					"name": "compare",
					"trigger": {
						"name": "entity_looked_is_gangfriendly"
					},
					"expected": true
				}, {
					"name": "player_current_gang",
					"value": "faction_maelstrom"



				}],
				"logic": "and"
			},
			"if_action": [{


				"name": "random_subtitle",
				"title": [
					"Hey what's up",
					"Watch your back out there, Choom.",
					"Let me know if you see some Test subjects Hahaaaa!",
					"Don't let anyone fuck with you, They fuck with us, Especially those Fuckin' Piz'duk Scavs.",
					"If you see some Scavs, give em the ole' Double Tap. Make it triple! QUAD!",
					"Don't let your guard down.",
					"Heard there were some Cunt Scavs around, Fuck them up, Onsite.",
					"I got you, if you got me, Family.",
					"It's dangerous to go alone.... That's all",
					"Ever took a Bullet to the fuckin' knee? Huh?! Shit fuckin' hurts",
					"Lookin' Scary, Choom!",
					"Give those Piz'duk somethin' to think about when you see em', ya?",
					"They fuck with you, they fuck with all of us!",
					"Stay safe!",
					"I See you, Choom!",
					"Let's get Maniacal!",
					"See ya Around, Choom!",
					"Ever heard of this Fitness'PACER' test thing?",
					"Lookin' Good, Choom!",
					"Oh Shiiiit, Whaddup?",
					"Scavs better run now, if you're around!"




				],
				"type": 1,
				"target": "player",
				"speaker": "Friendly",
				"duration": 5
			}],
			"else_action": [{

				"name": "if",
				"trigger": {
					"name": "testFor",
					"triggers": [{
						"name": "compare",
						"trigger": {
							"name": "entity_looked_is_gangfriendly"
						},
						"expected": false
					}, {
						"name": "player_current_gang",
						"value": "faction_maelstrom"
					}, {
						"name": "entity_in_faction",
						"tag": "lookat",
						"faction": "faction_scavengers"



					}],
					"logic": "and"
				},
				"if_action": [{
					"name": "random_subtitle",
					"title": [
						"Poshyol ty!",
						"Ti degheneraat!",
						"The fuck are you lookin' at, Hooy?!",
						"Otyebis ot menya! Mu-dak!",
						"Wanna fuck around and find out? Keep movin' Mu-dak!",
						"Who the fuck do you think you're lookin' at, Mu-dak?",
						"Step up, Zho-pa!",
						"Tryin' to taste my iron, Su-ka? or something else?",
						"Get the fuck outta here, Su-ka!",
						"Wanna get smoked, Blyat?",
						"Blyat joining a Blyat gang, fitting.",
						"You Tryin' to die?",
						"Keep lookin, and I'll make you look all around you, Mu-dak!",
						"Wanna see fireworks? try me, Zho-pa!",
						"Want a Bullet to your fuckin' skull? keep walkin!",
						"Fuckin' gonks!",
						"Stare at someone better than you, Hooy.",
						"The fuck is your problem, Su-ka Blyat?",
						"Fuck off, Bylat!",
						"Keep walkin', Su-ka.",
						"You must have a death wish.",
						"I see you quivering, Su-ka.",
						"Out here lookin' for a fight? TRY!",
						"Come at us, Su-ka, we're ready.",
						"Lookin' to get your cyberware Taken?!",
						"No maidens?"





					],
					"type": 1,
					"target": "player",
					"speaker": "Rival",
					"duration": 5
				}],
				"else_action": [{
					"name": "random_subtitle",
				"title": [
				
					"Watch yourself, merc.",
					"Don't get clipped by us, now.",
					"The fuck are you lookin' at?!",
					"Tell your gonks to stay away.",
					"Wanna fuck around and find out? Keep movin'!",
					"Who the fuck do you think you're lookin' at?",
					"Step up, Bitch!",
					"Tryin' to taste my iron?",
					"Get the fuck outta here!",
					"Wanna get smoked, gonk?",
					"Pussy joining a Pussy gang, fitting.",
					"Keep staring at a real merc, why don't ya?",
					"You Tryin' to die?",
					"Keep lookin, and i'll make you look all around you",
					"Wanna see fireworks? try me, Gonk",
					"Want a Bullet to your fuckin' skull? keep walkin!",
					"Fuckin' gonks!",
					"Stare at someone better than you, bitch.",
					"The fuck is your problem?",
					"Fuck with us, you fuck with all of us.",
					"Fuck off!",
					"Keep walkin', Gonk.",
					"You must have a death wish.",
					"I see you quivering, little bitch.",
					"Out here lookin' for a fight? TRY!",
					"Come at us, Gonk, we ready.",
					"step your pace up, Gonk",
					"Lookin' to get your cyberware re-arranged?!",
					"No maidens?"

				],
				"type": 1,
				"target": "player",
				"speaker": "Gang Member",
				"duration": 5
			
					
				}]
			}]


		},
		{
			"name": "wait_second",
			"value": 1
		},
		{
			"name": "clean_thread",
			"tag": "GNC_reaction_system"
		},
		{
			"name": "wait_second",
			"value": 3

		},
		{
			"name": "do_event",
			"value": "GNC_reaction_system"








		}
	]
}