{
	"name": "scavenger_react",
	"tag": "scavenger_react",
	"action": [{
			"name": "wait_for_trigger",
			"trigger": {
				"name": "testFor",
				"triggers": [{
						"name": "player_in_poi",
						"tag": "",
						"district": "",
						"subdistrict": "",
						"iscar": false,
						"type": 3,
						"uselocationtag": false,
						"range": 50
					},
					{
						"name": "player_in_poi",
						"tag": "",
						"district": "",
						"subdistrict": "",
						"iscar": false,
						"type": 2,
						"uselocationtag": false,
						"range": 60

					}
				],
				"logic": "or"
			}

		},
		{
			"name": "if",
			"trigger": {
				"name": "testFor",
				"triggers": [{
					"name": "compare",
					"trigger": {
						"name": "entity_looked_is_gangfriendly"
					},
					"expected": true
				}, {
					"name": "player_current_gang",
					"value": "faction_scavengers"



				}],
				"logic": "and"
			},
			"if_action": [{


				"name": "random_subtitle",
				"title": [
					"privyet.",
					"Zdraviya zhelayu.",
					"K chertu eti kiski Haha!",
					"Don't let anyone fuck with you, They fuck with us, those Fuckin' Piz'duk.",
					"Yesli uvidish' etikh suk, day im zhelezo. Make it triple tap!!",
					"Don't let your guard down.",
					"Heard there were some CyberCunts around, Fuck them up.",
					"Sem'ya.",
					"Ever took a Bullet to the fuckin' knee? Huh?! Shit fuckin' hurts",
					"Give those Piz'duk somethin' to think about when you see em', ya?",
					"They fuck with you, they fuck with all of us!",
					"Stay safe!",
					"What is PACER test?",
					"Oh Shiiiit, priyatel'?"
					




				],
				"type": 1,
				"target": "player",
				"speaker": "Friendly",
				"duration": 4
			}],
			"else_action": [{

				"name": "if",
				"trigger": {
					"name": "testFor",
					"triggers": [{
						"name": "compare",
						"trigger": {
							"name": "entity_looked_is_gangfriendly"
						},
						"expected": false
					}, {
						"name": "player_current_gang",
						"value": "faction_scavengers"
					}, {
						"name": "entity_in_faction",
						"tag": "lookat",
						"faction": "faction_maelstrom"



					}],
					"logic": "and"
				},
				"if_action": [{
					"name": "random_subtitle",
					"title": [
						"Fuck off, vermin!",
						"Get Fucked, Rat Scav!",
						"The fuck are you lookin' at, Soviet Slut?!",
						"Piss off, you fuck.",
						"Wanna fuck around and find out? Keep movin'!",
						"Who the fuck do you think you're fuckin with, with those eyes. nice. eyes...",
						"Get Fucked.",
						"Tryin' to taste my iron!?",
						"Get the fuck outta here!",
						"Wanna get smoked?",
						"Vermin joining Vermin Piece of shit gang.",
						"You Tryin' to die?",
						"Keep lookin, and I'll make you look all around you!",
						"Want a Bullet to your fuckin' skull? keep walkin!",
						"Fuckin' gonks!",
						"Stare at someone better than you.",
						"The fuck is your problem?",
						"Fuck off,!",
						"Keep walkin'.",
						"You must have a death wish.",
						"I see you quivering.",
						"Out here lookin' for a fight? TRY!",
						"Come at us, we're ready.",
						"Lookin' to get your cyberware Taken?!",
						"No maidens?"





					],
					"type": 1,
					"target": "player",
					"speaker": "Rival",
					"duration": 4
				}],
				"else_action": [{
					"name": "random_subtitle",
				"title": [
				
					"Watch yourself, Scav.",
					"Don't get clipped by us, now.",
					"The fuck are you lookin' at?!",
					"Tell your Soviet cunts to stay away.",
					"Wanna fuck around and find out? Keep movin'!",
					"Who the fuck do you think you're lookin' at?",
					"Step up, Scav!",
					"Tryin' to taste my iron?",
					"Get the fuck outta here!",
					"Wanna get smoked, Scav?",
					"Vermin joining a Pussy gang, fitting.",
					"Keep staring at a real winner, why don't ya?",
					"You Tryin' to die?",
					"Keep lookin, and i'll make you look all around you",
					"Wanna see fireworks? try me, Scav",
					"Want a Bullet to your fuckin' skull? keep walkin!",
					"Fuckin' gonks!",
					"Stare at someone better than you, bitch.",
					"The fuck is your problem?",
					"Fuck with us, you fuck with all of us.",
					"Fuck off!",
					"Keep walkin', Vermin.",
					"You must have a death wish.",
					"I see you quivering, Scav.",
					"Out here lookin' for a fight? TRY!",
					"Come at us, Scav, we ready.",
					"Lookin' to get your cyberware re-arranged?!",
					"No maidens?"

				],
				"type": 1,
				"target": "player",
				"speaker": "Gang Member",
				"duration": 3
			
					
				}]
			}]


		},
		{
			"name": "wait_second",
			"value": 1
		},
		{
			"name": "clean_thread",
			"tag": "GNC_reaction_system"
		},
		{
			"name": "wait_second",
			"value": 3

		},
		{
			"name": "do_event",
			"value": "GNC_reaction_system"








		}
	]
}