{
	"name": "sixthstreet_react",
	"tag": "sixthstreet_react",
	"action": [{
			"name": "wait_for_trigger",
			"trigger": {
				"name": "testFor",
				"triggers": [{
						"name": "player_in_poi",
						"tag": "",
						"district": "",
						"subdistrict": "",
						"iscar": false,
						"type": 3,
						"uselocationtag": false,
						"range": 50
					},
					{
						"name": "player_in_poi",
						"tag": "",
						"district": "",
						"subdistrict": "",
						"iscar": false,
						"type": 2,
						"uselocationtag": false,
						"range": 60

					}
				],
				"logic": "or"
			}

		},
		{
			"name": "if",
			"trigger": {
				"name": "testFor",
				"triggers": [{
					"name": "compare",
					"trigger": {
						"name": "entity_looked_is_gangfriendly"
					},
					"expected": true
				}, {
					"name": "player_current_gang",
					"value": "faction_sixthstreet"



				}],
				"logic": "and"
			},
			"if_action": [{


				"name": "random_subtitle",
				"title": [
					"Hey, Fellow Patriot!",
					"Smells like a great day to be Us",
					"Let's Lay down some Patriotism!",
					"Let us know if you see those rats around.",
					"Uprising feels like it's comin' can ya smell it?! aaahhh",
					"Stay Strapped.",
					"See ya.",
					"Ever took a Bullet to the fuckin' knee? I have in the war.",
					"Give those 'Non-patriots' somethin' to think about when you see em', ya?",
					"They fuck with you, they fuck with all of us!",
					"Stay safe!"

				
					




				],
				"type": 1,
				"target": "player",
				"speaker": "Friendly",
				"duration": 4
			}],
			"else_action": [{

				"name": "if",
				"trigger": {
					"name": "testFor",
					"triggers": [{
						"name": "compare",
						"trigger": {
							"name": "entity_looked_is_gangfriendly"
						},
						"expected": false
					}, {
						"name": "player_current_gang",
						"value": "faction_sixthstreet"
					}, {
						"name": "entity_in_faction",
						"tag": "lookat",
						"faction": "faction_valentinos"



					}],
					"logic": "and"
				},
				"if_action": [{
					"name": "random_subtitle",
					"title": [
						"Fuck off!",
						"Get Fucked!",
						"The fuck are you lookin' at, sixth street sissy!",
						"Piss off, you fuck.",
						"Wanna fuck around and find out? Keep movin'!",
						"Who the fuck do you think you're fuckin with?",
						"Get Fucked.",
						"Tryin' to taste my iron!?",
						"Get the fuck outta here!",
						"Wanna get smoked?",
						"Fake joining Fake Flawed gang.",
						"You Tryin' to die?",
						"Keep lookin, and I'll make you look all around you!",
						"Want a Bullet to your fuckin' skull? keep walkin!",
						"Fuckin' Patriots!",
						"Stare at someone more than you.",
						"The fuck is your problem?",
						"Fuck off,!",
						"Keep walkin'.",
						"You must have a death wish.",
						"I see you quivering.",
						"Out here lookin' for a fight? TRY!",
						"Come at us, we're ready.",
						"Want some Real Culture brought onto you?!",
						"No Bitches?"





					],
					"type": 1,
					"target": "player",
					"speaker": "Rival",
					"duration": 4
				}],
				"else_action": [{
					"name": "random_subtitle",
				"title": [
				
					"Watch yourself, fuckwad.",
					"Don't get clipped by us, now.",
					"The fuck are you lookin' at?!",
					"Tell your sixth street sissy cunts to stay away.",
					"Wanna fuck around and find out? Keep movin'!",
					"Who the fuck do you think you're lookin' at?",
					"Step up!",
					"Tryin' to taste my iron?",
					"Get the fuck outta here!",
					"Wanna get smoked?",
					"Keep staring at a real gang, why don't ya?",
					"You Tryin' to die?",
					"Keep lookin, and i'll make you look all around you",
					"Wanna see fireworks? try me!",
					"Want a Bullet to your fuckin' skull? keep walkin!",
					"Fuckin' Sissies!",
					"Stare at someone better than you, bitch.",
					"The fuck is your problem?",
					"Fuck with us, you fuck with all of us.",
					"Fuck off!",
					"Keep walkin', Sissy Street.",
					"You must have a death wish.",
					"I see you quivering.",
					"Out here lookin' for a fight? TRY!",
					"Come at us, we ready.",
					"Lookin' to get your Patriotism checked?!",
					"No bitches?"

				],
				"type": 1,
				"target": "player",
				"speaker": "Gang Member",
				"duration": 3
			
					
				}]
			}]


		},
		{
			"name": "wait_second",
			"value": 1
		},
		{
			"name": "clean_thread",
			"tag": "GNC_reaction_system"
		},
		{
			"name": "wait_second",
			"value": 3

		},
		{
			"name": "do_event",
			"value": "GNC_reaction_system"








		}
	]
}