{
	"name": "voodooboys_react",
	"tag": "voodooboys_react",
	"action": [{
			"name": "wait_for_trigger",
			"trigger": {
				"name": "testFor",
				"triggers": [{
						"name": "player_in_poi",
						"tag": "",
						"district": "",
						"subdistrict": "",
						"iscar": false,
						"type": 3,
						"uselocationtag": false,
						"range": 50
					},
					{
						"name": "player_in_poi",
						"tag": "",
						"district": "",
						"subdistrict": "",
						"iscar": false,
						"type": 2,
						"uselocationtag": false,
						"range": 60

					}
				],
				"logic": "or"
			}

		},
		{
			"name": "if",
			"trigger": {
				"name": "testFor",
				"triggers": [{
					"name": "compare",
					"trigger": {
						"name": "entity_looked_is_gangfriendly"
					},
					"expected": true
				}, {
					"name": "player_current_gang",
					"value": "faction_voodooboys"



				}],
				"logic": "and"
			},
			"if_action": [{


				"name": "random_subtitle",
				"title": [
					"Sak pase!",
					"Fè nou konnen si ou wè kèk moun ki fèb alantou ha ha!!",
					"Koman bagay yo ye!",
					"Net la se domèn nou an!",
					"Vermins yo skitter alantou, fè atansyon!",
					"Pa kite pèsonn fout avèw.",
					"Hack ale, nan tout fason.",
					"Na wè.",
					"Janm pran yon bal nan jenou fout la? Eh?! Kaka fout fè mal",
					"Bay moun sa yo avni yo lè ou wè yo, ya?",
					"Yo fout ak nou, yo mouri sou plas!",
					"Rete an sekirite!"

				
					




				],
				"type": 1,
				"target": "player",
				"speaker": "Friendly",
				"duration": 4
			}],
			"else_action": [{

				"name": "if",
				"trigger": {
					"name": "testFor",
					"triggers": [{
						"name": "compare",
						"trigger": {
							"name": "entity_looked_is_gangfriendly"
						},
						"expected": false
					}, {
						"name": "player_current_gang",
						"value": "faction_voodooboys"
					}, {
						"name": "entity_in_faction",
						"tag": "lookat",
						"faction": "faction_animals"



					}],
					"logic": "and"
				},
				"if_action": [{
					"name": "random_subtitle",
					"title": [
						"Look at the little fuck!",
						"Pip fucking squeek!",
						"come on, terminator bitch!",
						"Go back into your basement, little bitch .",
						"Pussy Voodoo member!",
						"Fuck you, freak!",
						"Let's fuck that skull of yours.",
						"Fuck off!",
						"Get Fucked, Freak!",
						"Fucking Freak",
						"Tell your priests to suck on these",
						"You Trying to die?",
						"Bitch!",
						"The fuck is your problem?",
						"Keep walkin' little bitch.",
						"You must have a death wish.",
						"Come at us, we're ready."
	





					],
					"type": 1,
					"target": "player",
					"speaker": "Rival",
					"duration": 4
				}],
				"else_action": [{
					"name": "random_subtitle",
				"title": [
				
					"Oh fuck off.",
					"Don't think about doing your magic shit.",
					"Tryin' to die?!",
					"Get fucked, Voodoo shithead",
					"Step up!",
					"Freak.",
					"I'll slap the Freak outta you",
					"wanna die?",
					"get your magic shit out of my sight, freak!",
					"This Fucker, right here.",
					"The fuck is your problem?",
					"Fuck with us, you fuck with all of us.",
					"Fuck off!",
					"Keep walking."
					
				

				],
				"type": 1,
				"target": "player",
				"speaker": "Gang Member",
				"duration": 3
			
					
				}]
			}]


		},
		{
			"name": "wait_second",
			"value": 1
		},
		{
			"name": "clean_thread",
			"tag": "GNC_reaction_system"
		},
		{
			"name": "wait_second",
			"value": 3

		},
		{
			"name": "do_event",
			"value": "GNC_reaction_system"








		}
	]
}