{
    "name": "Metro of Night City",
    "desc": "*WARNING If you have AMM Installed do not press Enter the Bus while riding the Metro* Revived and Revisted! Featuring 1-2 way stops to 100% of the Metro Fast travels. New Boarding sound. Pairs nicely with Car theme song Packs.",
    "author": "RedRockStudio (Eli)",
    "file": "Metro of Night City.zip",
    "tag": "Metro of Night City",
    "version": "1.0.0",
    "isessential": false,
	"branch":"beta",
	"flags":["cm_version:1.0.14"]
	}
