{
	"title": "CyberScript",
	"tag": "CyberMod_help",
	"section": [
	{
		"message":"Welcome to the CyberMod!\nWhat is CyberMod :\n\nThis mod is a powerful Scritping Engine Framework for Cyberpunk 2077.\nit allows you to make a lot of new things (more than infinite 🥇) in the game.\n\nIt is both for creators and players.\n\nCreators can make and share content for Players that will play it with this mod.\n\nA Collection of scripts is named a datapack, you can think of it as a Mod within a Mod.\n\nA default Datapack is provided for immediate play, and the mod also has a complete Scripting Framework to Create/Edit custom missions and events.",
		"action":[
		{"name":"nothing"}
		]
	},
		"Disclaimer :\nCyberMod has online functionalities. You communicate with the CyberMod Server and exchange data. I care a lot about privacy so I store NOTHING about your computer. Only mod related data (login, password, list of Datapacks, list of content) are sent to the server.\nI don't care about your data and i respect your privacy before anything. I don't store YOUR IP, Internet PROVIDER OR ANYTHING (because frankly, I don't give an sh*t about it)",
		"\nWe design our server and online functionalities to be Europe's RGPD Compliant. You have the right to ask us to delete any information about you and also get any information that we have about your account. We do not store personal things (as name or address)\n\nList of things we store about the player :\n-Nickname\n-Hash of password (we don't know your password)\n-Avatar used\n-List of friends nicknames\n-Position in game and rotation in game\n-Time of last synced position\n",
		"Instance\nCybermod has an instance system to let the players meet together in, or create one for yourself and friends. ",
		"if an instance is set as NSFW, the player who has enabled Nudity Censorship will not see it, same for NSFW Datapacks in Keystone, they will only show for people that disable Censorship.\n\nIf you join it, we don't take any responsibilities about what you will see inside\nBUT You must respect the community rules. Check them on Discord.\nAlso, by going inside it, You certify that You are an adult and aware of the explicit content.\nYou can also report bad users in our discord.\n\nAlso there is a bad word filter for messaging, the message will not be received if it contains a bad word that we have in our list(over 2000+ words)",
		"Main functions:\nA highly flexible Scripting Engine with trigger, action system, conditional statement, logic operation and function definition to achieve the following functions：\n\nGameplay Content :\n\nDistrict Gang Wars (Gangs can Win or Lose Sub-Districts or Districts, based on a control point system, Driven by Player choices During custom events, or Faction Missions of Favor.)\n",
		{
		"message":"Multiplayer features (Create a Guild, Instance, Chat in the instance/other players, Avatar Sync, Car Sync, Script Sync, Team building)\nFlying AV (Buyable at the AV Shop and drivable or AV taxi)\nDelamain Taxi Service\nCustom house, housing and interactions\nTechnical Content :\n\nEditor in Game\nCustom Quest, Dialog, Subtitle, Shard, Phone Conversation, Circuit with Path, Faction, Event, Fixer, Housing, Place, NPC, Sounds, Texture and Radio\n\nA framework to design your own world in Night city !\n\nThe quest types in this mod are not hard-coded. You can freely combine triggers and actions to make your own quests and dialogues, which leads to infinite possibilities. We call that Scripting",
		"action":[
		{"name":"nothing"}
		]
		},
		"Read the wiki for more detail :)"
	]


}