

{

	"name":"Buy some craps",
	"tag":"buycraps",
	"timer":0,
	"sorttag":"basic_interact",
		"display":"place",
	
	"trigger":{
		"condition01":{
			"name":"custom_place_type",
			"value":4
			
		}
	},
	"requirement": [

        ["condition01"]

    ],
	"action":
	[
		
		
		{
			"name": "npc_star_affinity",
			"value": 0.7
		},
		{
			"name": "remove_money",
			"value": 250
		},
		
		{
			"name": "npc_chat",
			"title":"It's great gift ! Thanks !",
			"type": 1,
			"target": "current_star",
			"speaker": "Game",
			"duration": 3,
			"helper": "This action will fire an npc chat, it act live wait for second",
			"helperTitle": "Dialog : run an npc chat"
		}
	]
	
	
}