{
	"name": "Buy a Hot Dog",
	"tag": "buyhotdog",
	"display": "event_interact",
	"timer": 0,
	"sorttag": "0",
	"trigger": {
		"trigger01": {
			"name": "look_at_object",
			"value": "Street Vendor"
		},
		"trigger02": {
			"name": "money",
			"value": 100
		}
	},
	"requirement": [
		[
			"trigger01", "trigger02"
		]
	],
	"action": [{
			"name": "remove_money",
			"value": 100
		},

		{
			"name": "add_stat",
			"value": "Health",
			"score": 50
		},
		{
			"name": "fade_in",
			"value": 1,
			"message": "Yummy !..."
		}, {
			"name": "play_game_sound",
			"value": "ui_menu_item_consumable_food"
		}, {
			"name": "wait_second",
			"value": 1
		}, {
			"name": "play_game_sound",
			"value": "ph_food_soft"
		}, {
			"name": "wait_second",
			"value": 1
		}, {
			"name": "play_game_sound",
			"value": "ph_food_soft"
		}, {
			"name": "wait_second",
			"value": 2
		}, {
			"name": "play_game_sound",
			"value": "ph_food_soft"
		}, {
			"name": "wait_second",
			"value": 1
		}, {
			"name": "play_game_sound",
			"value": "ph_food_soft"
		}, {

			"name": "fade_out",
			"value": 3
		}, {
			"name": "play_game_sound",
			"value": "ph_food_soft"
		}, {
			"name": "wait_second",
			"value": 1

		}, {

			"name": "npc_chat",
			"title": "Amazing!",
			"type": 1,
			"target": "current_star",
			"speaker": "Game",
			"duration": 3,
			"helper": "This action will fire an npc chat, it act live wait for second",
			"helperTitle": "Dialog : run an npc chat"
		}, {
			"name": "applyEffect_entity",
			"tag": "player",
			"value": "CombatStim",
			"helper": "This action will apply effect to an entity",
			"helperTitle": "Entity : apply effect to entity"
		}
	]
}