{
	"name": "Buy a KungPao chicken",
	"tag": "buykungpao",
	"display": "event_interact",
	"timer": 0,
	"sorttag": "0",
	"trigger": {
		"trigger01": {
			"name": "look_at_object",
			"value": "Street Vendor"
		},
		"trigger02":{
		  "name": "money",
		  "value": 100
		},
		"trigger03":{
		  "name":"current_subdistrict",
		  "value":"LittleChina"
		}
	},
	"requirement": [
		[
			"trigger01","trigger02","trigger03"
		]
	],
	"action": [
		{
			"name": "remove_money",
			"value": 150
		},
		{
			
			"name": "add_stat",
			"value": "Health",
			"score": 20
		},
		{
			"name": "play_game_sound",
			"value":"q112_sc_01_2_cook_prepares_food"
		}, {
            "name": "fade_in",
            "value": 2,
			"message":"Delicious!..."
			
        },
		
		
		
		
		
		
		{
            "name": "fade_out",
            "value": 3
			
        },
		
		{
			"name": "npc_chat",
			"title":"Yummy !",
			"type": 1,
			"target": "current_star",
			"speaker": "Game",
			"duration": 3,
			"helper": "This action will fire an npc chat, it act live wait for second",
			"helperTitle": "Dialog : run an npc chat"
		}
		,
			{
			"name": "applyEffect_entity",
			"tag": "player",
			"value": "CombatStim",
			"helper": "This action will apply effect to an entity",
			"helperTitle": "Entity : apply effect to entity"
		}
	]
}