

{

	"name":"Eat a snack",
	"tag":"eatsnack",
	"timer":0,
	"sorttag":"basic_interact",
		"display":"place",
	"trigger":{
		"condition01":{
			"name":"custom_place_type",
			"value":0
			
		},
		"condition02":{
			"name":"custom_room_type",
			"value":1
			
		}
	},
	"requirement": [

        ["condition01"],["condition02"]

    ],
	"action":
	[
		
		{
			"name": "add_stat",
			"value": "Health",
			"score":5
		},
		{
			"name": "npc_star_affinity",
			"value": 0.5
		},
		{
			"name": "remove_money",
			"value": 15
		},
		
		
		
		{
			"name": "npc_chat",
			"title":"I love this ! Thanks !",
			"type": 1,
			"target": "current_star",
			"speaker": "Game",
			"duration": 3,
			"helper": "This action will fire an npc chat, it act live wait for second",
			"helperTitle": "Dialog : run an npc chat"
		}
	]
	
	
}