{

	"name": "Kiss",
	"tag": "kiss",
	"timer": 1,
	"sorttag": "event_interact",
	"display": "event_interact",
	"trigger": {

		"condition02": {
			"name": "npc_star_affinity",
			"value": 40

		},
		"condition03": {
			"name": "look_at_entity",
			"value": "current_star"

		},
		"condition01": {
			"name": "entity_is_spawn",
			"tag": "current_star"
		}
	},
	"requirement": [

		["condition02", "condition01"]

	],
	"action": [{
			"name": "play_game_sound",
			"value": "sq028_sc_05_kiss_01"

		}, {
			"name": "npc_star_affinity",

			"value": 5
		},
		{
			"name": "npc_chat",
			"title": "Oh, I like this !",
			"type": 1,
			"target": "current_star",
			"speaker": "Game",
			"duration": 3,
			"helper": "This action will fire an npc chat, it act live wait for second",
			"helperTitle": "Dialog : run an npc chat"
		}
	]


}