{
	"name": "Open Door",
	"tag": "opendoor",
	"display": "event_interact",
	"timer": 0,
	"sorttag": "0",
	"trigger": {
		"isdoor": {
				
				
		"name": "look_at_object",
		"value": "door"
	
						
		}
	},
	"requirement": [
		[
			"isdoor"
		]
	],
	"action": [
		
		
		{
		"name": "open_door"
		}, {
			
			"name": "wait_for_trigger",
		"trigger": {
			"name": "compare",
			"trigger": {
				"name": "event_is_triggered",
				"tag": "O"
			},
			"expected": false


		}
	}, {
		"name": "wait_second",
				"value": 3
			}, {

		"name": "do_event",
		"value": "O",
		"parallele": false
		}
		
		
	]
}