{

	"name":"Rest",
	"tag":"rest",
	"timer":4,
	"sorttag":"event_interact",
	"display":"place",
	"trigger":{
		"condition01":{
			"name":"custom_place_type",
			"value":0
			
		}
	},
	"requirement": [

        ["condition01"]

    ],
	"action":
	[
		{
		"name": "change_camera_position",
		"x": 0,
		"y": 1,
		"z": -1,
		"helper": "This action will change the position of the camera"
		
		
		
	},
	{
		"name": "change_camera_rotation",
		"roll": 90,
		"pitch": 0,
		"yaw": 0,
		"helper": "This action will the rotation of the camera"
		
		
		
	},
		
		{
			"name": "npc_chat",
			"title":"I'm tired too, let's take a nap !",
			"type": 1,
			"target": "current_star",
			"speaker": "Game",
			"duration": 3,
			"helper": "This action will fire an npc chat, it act live wait for second",
			"helperTitle": "Dialog : run an npc chat"
		},
		{
            "name": "fade_in",
            "value": 3,
			"message":"3 hours later..."
			
        },
		{
			"name": "add_time",
			"value": 3
		},
		{
            "name": "fade_out",
            "value": 3
			
        },
		{
		"name": "reset_camera",
		
		"helper": "This action will reset camera"
		
		
		
	}
	]
	
	
}