{
	"name": "Reward",
	"tag": "Reward",
	"display": "event_interact",
	"timer": 0,
	"sorttag": "0",
	"trigger": {
		"condition01": {
			"name": "check_score",
			"value": "Quota",
			"key": "Score",
			"score": 31,
			"operator": "="
		},
		"condition02": {
			"name": "npc",
			"way": "fixer",
			"value": "Regina",
			"way_help": "phone||speak||fixer"
		}
	},
	"requirement": [
		[
			"condition01", "condition02"
		]
	],
	"action": [{
		"name": "subtitle",
		"title": "Hey! Been hearing about your efforts. Heroic. I think these will be useful to you. You should consider joining NCPD.",
		"type": 1,
		"target": "player",
		"speaker": "Regina",
		"duration": 6
	}, {
		"name": "give_item",
		"value": "Items.Helmet_02_basic_01",
		"amount": 1
	}, {
		"name": "give_item",
		"value": "Items.Preset_Nekomata_Pimp",
		"amount": 1
	}, {
		"name": "give_item",
		"value": "Items.Preset_Achilles_Military",
		"amount": 1
	}, {
		"name": "give_item",
		"value": "Items.Craftable_Legendary_Baton_Alpha",
		"amount": 1
	}, {
		"name": "give_item",
		"value": "Items.Craftable_Legendary_Baton_Beta",
		"amount": 1
	}, {
		"name": "give_item",
		"value": "Items.Craftable_Epic_Nekomata",
		"amount": 1
	}, {
		"name": "give_item",
		"value": "Items.Preset_Nova_Doom_Doom_Legendary",
		"amount": 1
	}, {
		"name": "give_item",
		"value": "Items.WeaponMalfunctionLvl4Program",
		"amount": 1
	}, {
		"name": "give_item",
		"value": "Items.SystemCollapseLvl4Program",
		"amount": 1
	}]
}