{
	"name": "Connect to CyberMod Service",
	"tag": "connect",
	"timer": 0,
	"display":"event_interact",
	"sorttag": "multi_interact",
	"trigger": {
		
		
		"offline":
		{
			
			"name": "compare",
			"trigger": {
				"name": "testFor",
				"triggers": [
					{
						"name": "player_is_connected"
					},
					{
						"name": "player_is_online"
					}
				],
				"logic": "and",
				"helper": "This trigger will be triggered when all of the trigger are triggered by the logic you choose.",
				"helperTitle": "Logic : Test For"
			},
			"expected": false,
			"helper": "This trigger will be triggered when the trigger that you set has the same statut that you put in (expected)",
			"helperTitle": "Logic : Compare"
		}
		
	},
	"requirement": [
		[
			"offline"
		]
	],
	"action": [
		
		{
			"name": "connect"
		}
		
	]
}