{
    "name": "Open Guild Members",
    "tag": "open_guild_members",
    "timer": 0,
    "display": "event_interact",
    "sorttag": "multi_interact",
    "trigger": {
        "inbuyed": {
            "name": "player_is_online"
        },
		"isowner":
		{
			"name": "player_multi_guild_isowner"
		}
    },
    "requirement": [
        [
            "inbuyed","isowner"
        ]
    ],
    "action": [{
            "name": "set_scroll_speed",
            "value": 0.001
        }, 
		{
            "name": "open_guild_members"
        }

    ]
}
