{
	"name": "Quick COnnect To Main Instance ",
	"tag": "instance_quick_connect",
	"timer": 0,
	"display":"event_interact",
	"sorttag": "multi_interact",
	"trigger": {
		"inbuyed": {
			"name": "player_is_connected"
		}
	},
	"requirement": [
		[
			"inbuyed"
		]
	],
	"action": [
		{
			"name": "connect_instance",
			"value":1,
			"password":""
		},
	
		{
			"name": "wait_for_framework"
		},
		
		{
			"name": "wait_second",
			"value": 2
		},
		{
			"name": "notify_instance"
		}
	]
}