{
	"name": "Open Instance List",
	"tag": "open_instance_list",
	"timer": 0,
	"display":"event_interact",
	"sorttag": "multi_interact",
	"trigger": {
		"inbuyed": {
			"name": "player_is_connected"
		}
	},
	"requirement": [
		[
			"inbuyed"
		]
	],
	"action": [
		{
			"name": "notify",
			"value":"Loading Instance List, please wait..."
		},
		{
			"name": "get_instance_list"
		},
		{
			"name": "wait_for_framework"
		},
		
		{
			"name": "wait_second",
			"value":1
		},
		{
			"name": "open_instance_list"
		}
	]
}