{
	"EnterX": 0,
	"posZ": 10,
	"requirement": [
		[
			"auto"
		]
	],
	"Zrange": 200,
	"action": [
		
		],
	"range": 30,
	"coef": 2,
	"trigger": {
		"auto": {
			"helperTitle": "Default",
			"name": "auto",
			"helper": "This trigger will be triggered without need anything (default)"
		}
	},
	"price": 5000000,
	"isbuyable": true,
	"tag": "medcenter",
	"isrentable": true,
	"rooms": [
		{
			"range": 10,
			"posZ": 10,
			"tag": "medcenter_main",
			"tagprefix": "medcenter_",
			"requirement": [
				[
					"def"
				]
			],
			"parent": "rooms",
			"Zrange": 10,
			"trigger": {
				"def": {
					"helperTitle": "Default",
					"name": "auto",
					"helper": "This trigger will be triggered without need anything (default)"
				}
			},
			"posY": 1747.8864746094,
			"type": [
				1,
				2
			],
			"action": [],
			"name": "Main",
			"posX": -1361.4989013672
		},
		{
			"range": 10,
			"posZ": 120,
			"tag": "medcenter_heliport",
			"tagprefix": "medcenter_",
			"requirement": [
				[
					"def"
				]
			],
			"parent": "rooms",
			"Zrange": 10,
			"trigger": {
				"def": {
					"helperTitle": "Default",
					"name": "auto",
					"helper": "This trigger will be triggered without need anything (default)"
				}
			},
			"posY": 1790,
			"type": [
				2
			],
			"action": [],
			"name": "HeliPort",
			"posX": -1352
		}
	],
	"EnterY": 0,
	"rent": 5000000,
	"posX": -1361.4989013672,
	"ExitX": 0,
	"ExitY": 0,
	"posY": 1747.8864746094,
	"type": 4,
	"EnterZ": 0,
	"name": "Med Center",
	"ExitZ": 0
}