{
	"desc": "Car_crash_Pois",
	"isFor": 21,
	"locations": [{
		"Tag": "Car_crash_Pois",
		"district": "SantoDomingo",
		"inVehicule": true,
		"pitch": 0,
		"roll": 0,
		"subdistrict": "Arroyo",
		"x": -374.69705200195,
		"y": 8.4856262207031,
		"yaw": 144.33836364746,
		"z": 13.503128051758
	}, {
		"Tag": "Car_crash_Pois",
		"district": "Watson",
		"inVehicule": true,
		"subdistrict": "ArasakaWaterfront",
		"x": -22.113677978516,
		"y": -127.03631591797,
		"z": 7.0000839233398
	}, {
		"Tag": "Car_crash_Pois",
		"district": "Watson",
		"inVehicule": true,
		"subdistrict": "ArasakaWaterfront",
		"x": -397.22604370117,
		"y": -32.218383789063,
		"z": 7.5963287353516
	}, {
		"Tag": "Car_crash_Pois",
		"district": "Watson",
		"inVehicule": true,
		"subdistrict": "ArasakaWaterfront",
		"x": -669.25390625,
		"y": 154.8099822998,
		"z": 19.79940032959
	}, {
		"Tag": "Car_crash_Pois",
		"district": "Watson",
		"inVehicule": true,
		"subdistrict": "ArasakaWaterfront",
		"x": -648.14019775391,
		"y": 186.79046630859,
		"z": 19.799293518066
	}, {
		"Tag": "Car_crash_Pois",
		"district": "Watson",
		"inVehicule": true,
		"subdistrict": "ArasakaWaterfront",
		"x": -717.02026367188,
		"y": 424.80633544922,
		"z": 19.235458374023
	}, {
		"Tag": "Car_crash_Pois",
		"district": "Watson",
		"inVehicule": true,
		"subdistrict": "ArasakaWaterfront",
		"x": -783.39880371094,
		"y": 514.45245361328,
		"z": 19.221069335938
	}, {
		"Tag": "Car_crash_Pois",
		"district": "Watson",
		"inVehicule": true,
		"subdistrict": "ArasakaWaterfront",
		"x": -775.53149414063,
		"y": 562.40576171875,
		"z": 19.122032165527
	}, {
		"Tag": "Car_crash_Pois",
		"district": "Watson",
		"inVehicule": true,
		"subdistrict": "ArasakaWaterfront",
		"x": -721.98559570313,
		"y": 708.43359375,
		"z": 32.510520935059
	}, {
		"Tag": "Car_crash_Pois",
		"district": "Watson",
		"inVehicule": true,
		"subdistrict": "ArasakaWaterfront",
		"x": -419.53564453125,
		"y": 687.24267578125,
		"z": 46.307167053223
	}, {
		"Tag": "Car_crash_Pois",
		"district": "Watson",
		"inVehicule": true,
		"subdistrict": "ArasakaWaterfront",
		"x": -445.64596557617,
		"y": 497.49072265625,
		"z": 29.97486114502
	}, {
		"Tag": "Car_crash_Pois",
		"district": "Watson",
		"inVehicule": true,
		"subdistrict": "ArasakaWaterfront",
		"x": -898.33807373047,
		"y": 1167.5891113281,
		"z": 20.934494018555
	}, {
		"Tag": "Car_crash_Pois",
		"district": "Watson",
		"inVehicule": true,
		"subdistrict": "ArasakaWaterfront",
		"x": -752.37536621094,
		"y": 1467.9489746094,
		"z": 22.400032043457
	}, {
		"Tag": "Car_crash_Pois",
		"district": "Watson",
		"inVehicule": true,
		"subdistrict": "ArasakaWaterfront",
		"x": -645.01513671875,
		"y": 1546.6677246094,
		"z": 22.405158996582
	}, {
		"Tag": "Car_crash_Pois",
		"district": "Watson",
		"inVehicule": true,
		"subdistrict": "ArasakaWaterfront",
		"x": -383.26342773438,
		"y": 1743.5462646484,
		"z": 37.860580444336
	}, {
		"Tag": "Car_crash_Pois",
		"district": "Watson",
		"inVehicule": true,
		"subdistrict": "ArasakaWaterfront",
		"x": -376.85003662109,
		"y": 1743.5430908203,
		"z": 37.860580444336
	}, {
		"Tag": "Car_crash_Pois",
		"district": "Watson",
		"inVehicule": true,
		"subdistrict": "ArasakaWaterfront",
		"x": -389.67495727539,
		"y": 1755.9158935547,
		"z": 37.860580444336
	}, {
		"Tag": "Car_crash_Pois",
		"district": "Watson",
		"inVehicule": true,
		"subdistrict": "ArasakaWaterfront",
		"x": -387.40832519531,
		"y": 1331.1469726563,
		"z": 41.944534301758
	}, {
		"Tag": "Car_crash_Pois",
		"district": "Watson",
		"inVehicule": true,
		"subdistrict": "ArasakaWaterfront",
		"x": -331.89752197266,
		"y": 1156.9580078125,
		"z": 65.324188232422
	}, {
		"Tag": "Car_crash_Pois",
		"district": "Watson",
		"inVehicule": true,
		"subdistrict": "ArasakaWaterfront",
		"x": -319.87448120117,
		"y": 1201.6016845703,
		"z": 65.319641113281
	}, {
		"Tag": "Car_crash_Pois",
		"district": "Watson",
		"inVehicule": true,
		"subdistrict": "ArasakaWaterfront",
		"x": -231.42442321777,
		"y": 829.44543457031,
		"z": 77.210479736328
	}, {
		"Tag": "Car_crash_Pois",
		"district": "Watson",
		"inVehicule": true,
		"subdistrict": "ArasakaWaterfront",
		"x": -266.78353881836,
		"y": 753.51208496094,
		"z": 77.323150634766
	}, {
		"Tag": "Car_crash_Pois",
		"district": "Watson",
		"inVehicule": true,
		"subdistrict": "ArasakaWaterfront",
		"x": -188.01675415039,
		"y": 697.44116210938,
		"z": 77.531295776367
	}, {
		"Tag": "Car_crash_Pois",
		"district": "Watson",
		"inVehicule": true,
		"subdistrict": "ArasakaWaterfront",
		"x": -273.66577148438,
		"y": 282.48541259766,
		"z": 28.604095458984
	}, {
		"Tag": "Car_crash_Pois",
		"district": "Watson",
		"inVehicule": true,
		"subdistrict": "ArasakaWaterfront",
		"x": -690.47521972656,
		"y": 1882.0454101563,
		"z": 55.282035827637
	}, {
		"Tag": "Car_crash_Pois",
		"district": "Watson",
		"inVehicule": true,
		"subdistrict": "ArasakaWaterfront",
		"x": -800.27905273438,
		"y": 1902.5020751953,
		"z": 64.730041503906
	}, {
		"Tag": "Car_crash_Pois",
		"district": "Watson",
		"inVehicule": true,
		"subdistrict": "ArasakaWaterfront",
		"x": -1235.9892578125,
		"y": 1734.0826416016,
		"z": 23.033653259277
	}, {
		"Tag": "Car_crash_Pois",
		"district": "Watson",
		"inVehicule": true,
		"subdistrict": "ArasakaWaterfront",
		"x": -1479.146484375,
		"y": 1733.4440917969,
		"z": 18
	}, {
		"Tag": "Car_crash_Pois",
		"district": "Watson",
		"inVehicule": true,
		"subdistrict": "ArasakaWaterfront",
		"x": -1521.5728759766,
		"y": 1450.484375,
		"z": 17.98999786377
	}, {
		"Tag": "Car_crash_Pois",
		"district": "Watson",
		"inVehicule": true,
		"subdistrict": "ArasakaWaterfront",
		"x": -1657.2696533203,
		"y": 1470.1430664063,
		"z": 17.979995727539
	}, {
		"Tag": "Car_crash_Pois",
		"district": "Watson",
		"inVehicule": true,
		"subdistrict": "ArasakaWaterfront",
		"x": -1837.3544921875,
		"y": 1486.9881591797,
		"z": 10
	}, {
		"Tag": "Car_crash_Pois",
		"district": "Watson",
		"inVehicule": true,
		"subdistrict": "ArasakaWaterfront",
		"x": -2026.7222900391,
		"y": 1495.2543945313,
		"z": 8.7399978637695
	}, {
		"Tag": "Car_crash_Pois",
		"district": "Watson",
		"inVehicule": true,
		"subdistrict": "ArasakaWaterfront",
		"x": -1254.3596191406,
		"y": 1022.8150024414,
		"z": 23.425979614258
	}, {
		"Tag": "Car_crash_Pois",
		"district": "Watson",
		"inVehicule": true,
		"subdistrict": "ArasakaWaterfront",
		"x": -1828.6945800781,
		"y": 352.15859985352,
		"z": 7.4869537353516
	}, {
		"Tag": "Car_crash_Pois",
		"district": "Watson",
		"inVehicule": true,
		"subdistrict": "ArasakaWaterfront",
		"x": -1862.03515625,
		"y": 233.49610900879,
		"z": 7.0768280029297
	}, {
		"Tag": "Car_crash_Pois",
		"district": "Watson",
		"inVehicule": true,
		"subdistrict": "ArasakaWaterfront",
		"x": -2163.8278808594,
		"y": -81.651153564453,
		"z": 7.4480285644531
	}, {
		"Tag": "Car_crash_Pois",
		"district": "Watson",
		"inVehicule": true,
		"subdistrict": "ArasakaWaterfront",
		"x": -1831.017578125,
		"y": -863.57501220703,
		"z": 7.4846801757813
	}, {
		"Tag": "Car_crash_Pois",
		"district": "Watson",
		"inVehicule": true,
		"subdistrict": "ArasakaWaterfront",
		"x": -1686.1525878906,
		"y": -907.74816894531,
		"z": 8.4090194702148
	}, {
		"Tag": "Car_crash_Pois",
		"district": "Watson",
		"inVehicule": true,
		"subdistrict": "ArasakaWaterfront",
		"x": -1504.4090576172,
		"y": -911.72290039063,
		"z": 8.4089126586914
	}, {
		"Tag": "Car_crash_Pois",
		"district": "Watson",
		"inVehicule": true,
		"subdistrict": "ArasakaWaterfront",
		"x": -1615.3367919922,
		"y": -360.32772827148,
		"z": 9.0116577148438
	}, {
		"Tag": "Car_crash_Pois",
		"district": "Watson",
		"inVehicule": true,
		"subdistrict": "ArasakaWaterfront",
		"x": -1549.4344482422,
		"y": -271.31442260742,
		"z": 16.534080505371
	}, {
		"Tag": "Car_crash_Pois",
		"district": "Watson",
		"inVehicule": true,
		"subdistrict": "ArasakaWaterfront",
		"x": -1463.1203613281,
		"y": -229.28634643555,
		"z": 7.8487091064453
	}, {
		"Tag": "Car_crash_Pois",
		"district": "Watson",
		"inVehicule": true,
		"subdistrict": "ArasakaWaterfront",
		"x": -1235.3510742188,
		"y": -478.06387329102,
		"z": 8
	}, {
		"Tag": "Car_crash_Pois",
		"district": "Watson",
		"inVehicule": true,
		"subdistrict": "ArasakaWaterfront",
		"x": -607.79443359375,
		"y": -99.110916137695,
		"z": 7.7600021362305
	}, {
		"Tag": "Car_crash_Pois",
		"district": "Watson",
		"inVehicule": true,
		"subdistrict": "ArasakaWaterfront",
		"x": -468.12152099609,
		"y": -976.50378417969,
		"z": 7.1829833984375
	}, {
		"Tag": "Car_crash_Pois",
		"district": "Watson",
		"inVehicule": true,
		"subdistrict": "ArasakaWaterfront",
		"x": -585.91674804688,
		"y": -1135.5469970703,
		"z": 7.1823806762695
	}, {
		"Tag": "Car_crash_Pois",
		"district": "Watson",
		"inVehicule": true,
		"subdistrict": "ArasakaWaterfront",
		"x": -979.50415039063,
		"y": -858.19818115234,
		"z": 8.0000915527344
	}, {
		"Tag": "Car_crash_Pois",
		"district": "Watson",
		"inVehicule": true,
		"subdistrict": "ArasakaWaterfront",
		"x": -1301.6069335938,
		"y": -1080.7161865234,
		"z": 12.041107177734
	}],
	"tag": "Car_crash_Pois"
}