{
	"desc": "CAR_PATROLLINGNS_1",
	"locations": [
		{
			"x": -1743.9049072266,
			"subdistrict": "Northside",
			"inVehicule": true,
			"y": 2010.7938232422,
			"district": "Watson",
			"z": 18,
			"Tag": "CAR_PATROLLINGNS_1"
		},
		{
			"x": -1650.9562988281,
			"Tag": "",
			"inVehicule": true,
			"y": 2044.0524902344,
			"subdistrict": "Northside",
			"z": 18.00203704834,
			"district": "Watson"
		},
		{
			"x": -1554.4389648438,
			"Tag": "",
			"inVehicule": true,
			"y": 2118.8645019531,
			"subdistrict": "Northside",
			"z": 18,
			"district": "Watson"
		},
		{
			"x": -1533.9102783203,
			"Tag": "",
			"inVehicule": true,
			"y": 2013.8845214844,
			"subdistrict": "Northside",
			"z": 18,
			"district": "Watson"
		},
		{
			"x": -1587.0388183594,
			"Tag": "",
			"inVehicule": true,
			"y": 1990.1069335938,
			"subdistrict": "Northside",
			"z": 18.000076293945,
			"district": "Watson"
		},
		{
			"x": -1330.1013183594,
			"Tag": "",
			"inVehicule": true,
			"y": 2070.1857910156,
			"subdistrict": "Northside",
			"z": 18,
			"district": "Watson"
		},
		{
			"x": -1404.8508300781,
			"Tag": "",
			"inVehicule": true,
			"y": 2184.2529296875,
			"subdistrict": "Northside",
			"z": 18.000045776367,
			"district": "Watson"
		},
		{
			"x": -1345.8596191406,
			"Tag": "",
			"inVehicule": true,
			"y": 2235.6730957031,
			"subdistrict": "Northside",
			"z": 15.797981262207,
			"district": "Watson"
		},
		{
			"x": -1230.0734863281,
			"Tag": "",
			"inVehicule": true,
			"y": 2133.8088378906,
			"subdistrict": "Northside",
			"z": 8.7025909423828,
			"district": "Watson"
		}
	],
	"isFor": 20,
	"tag": "CAR_PATROLLINGNS_1"
}