{
    "action": [{
            "else_action": [{
                    "name": "nothing"
                }
            ],
            "if_action": [{
                    "amount": 1,
                    "distance": 4,
                    "entity": "follower1",
                    "faction": "faction_mox",
                    "helper": "This action will summon an Faction vehicule at XYZ relative position from another entity ",
                    "helperTitle": "Vehicule : Spawn an Faction vehicule to another entity relative position ",
                    "isAV": false,
                    "name": "summon_vehicule_at_entity_relative_from_faction",
                    "position": "behind",
                    "spawnlevel": 98,
                    "tag": "F1car",
                    "x": 0,
                    "y": -2,
                    "z": 0
                }, {
                    "help": "Wait x second",
                    "helper": "This action will wait x second before perform the next action",
                    "helperTitle": "Logic : Wait X seconds",
                    "name": "wait_second",
                    "value": 3
                }, {
                    "help": "seat_front_right/seat_back_right/seat_back_left/seat_front_left",
                    "helper": "This action will set seat to an entity for an specific vehicule entity",
                    "helperTitle": "Entity : Set Seat",
                    "name": "entity_set_seat",
                    "seat": "seat_front_left",
                    "tag": "follower1",
                    "vehicle": "F1car",
                    "waitforsit": true
                }
            ],
            "name": "if",
            "trigger": {
                "faction": "faction_mox",
                "name": "entity_in_faction",
                "tag": "follower1"
            }
        }, {
            "else_action": [{
                    "name": "nothing"
                }
            ],
            "if_action": [{
                    "amount": 1,
                    "distance": 4,
                    "entity": "follower1",
                    "faction": "faction_ncpd",
                    "helper": "This action will summon an Faction vehicule at XYZ relative position from another entity ",
                    "helperTitle": "Vehicule : Spawn an Faction vehicule to another entity relative position ",
                    "isAV": false,
                    "name": "summon_vehicule_at_entity_relative_from_faction",
                    "position": "behind",
                    "spawnlevel": 98,
                    "tag": "F1car",
                    "x": 0,
                    "y": -2,
                    "z": 0
                }, {
                    "help": "Wait x second",
                    "helper": "This action will wait x second before perform the next action",
                    "helperTitle": "Logic : Wait X seconds",
                    "name": "wait_second",
                    "value": 3
                }, {
                    "help": "seat_front_right/seat_back_right/seat_back_left/seat_front_left",
                    "helper": "This action will set seat to an entity for an specific vehicule entity",
                    "helperTitle": "Entity : Set Seat",
                    "name": "entity_set_seat",
                    "seat": "seat_front_left",
                    "tag": "follower1",
                    "vehicle": "F1car",
                    "waitforsit": true
                }
            ],
            "name": "if",
            "trigger": {
                "faction": "faction_ncpd",
                "name": "entity_in_faction",
                "tag": "follower1"
            }
        }, {
            "else_action": [{
                    "name": "nothing"
                }
            ],
            "if_action": [{
                    "amount": 1,
                    "distance": 4,
                    "entity": "follower1",
                    "faction": "faction_scavengers",
                    "helper": "This action will summon an Faction vehicule at XYZ relative position from another entity ",
                    "helperTitle": "Vehicule : Spawn an Faction vehicule to another entity relative position ",
                    "isAV": false,
                    "name": "summon_vehicule_at_entity_relative_from_faction",
                    "position": "behind",
                    "spawnlevel": 98,
                    "tag": "F1car",
                    "x": 0,
                    "y": -2,
                    "z": 0
                }, {
                    "help": "Wait x second",
                    "helper": "This action will wait x second before perform the next action",
                    "helperTitle": "Logic : Wait X seconds",
                    "name": "wait_second",
                    "value": 3
                }, {
                    "help": "seat_front_right/seat_back_right/seat_back_left/seat_front_left",
                    "helper": "This action will set seat to an entity for an specific vehicule entity",
                    "helperTitle": "Entity : Set Seat",
                    "name": "entity_set_seat",
                    "seat": "seat_front_left",
                    "tag": "follower1",
                    "vehicle": "F1car",
                    "waitforsit": true
                }
            ],
            "name": "if",
            "trigger": {
                "faction": "faction_scavengers",
                "name": "entity_in_faction",
                "tag": "follower1"
            }
        }, {
            "else_action": [{
                    "name": "nothing"
                }
            ],
            "if_action": [{
                    "amount": 1,
                    "distance": 4,
                    "entity": "follower1",
                    "faction": "faction_maelstrom",
                    "helper": "This action will summon an Faction vehicule at XYZ relative position from another entity ",
                    "helperTitle": "Vehicule : Spawn an Faction vehicule to another entity relative position ",
                    "isAV": false,
                    "name": "summon_vehicule_at_entity_relative_from_faction",
                    "position": "behind",
                    "spawnlevel": 98,
                    "tag": "F1car",
                    "x": 0,
                    "y": -2,
                    "z": 0
                }, {
                    "help": "Wait x second",
                    "helper": "This action will wait x second before perform the next action",
                    "helperTitle": "Logic : Wait X seconds",
                    "name": "wait_second",
                    "value": 3
                }, {
                    "help": "seat_front_right/seat_back_right/seat_back_left/seat_front_left",
                    "helper": "This action will set seat to an entity for an specific vehicule entity",
                    "helperTitle": "Entity : Set Seat",
                    "name": "entity_set_seat",
                    "seat": "seat_front_left",
                    "tag": "follower1",
                    "vehicle": "F1car",
                    "waitforsit": true
                }
            ],
            "name": "if",
            "trigger": {
                "faction": "faction_maelstrom",
                "name": "entity_in_faction",
                "tag": "follower1"
            }
        }, {
            "else_action": [{
                    "name": "nothing"
                }
            ],
            "if_action": [{
                    "help": "seat_front_right/seat_back_right/seat_back_left/seat_front_left",
                    "helper": "This action will set seat to an entity for an specific vehicule entity",
                    "helperTitle": "Entity : Set Seat",
                    "name": "entity_set_seat",
                    "seat": "seat_front_right",
                    "tag": "follower2",
                    "vehicle": "F1car",
                    "waitforsit": false
                }
            ],
            "name": "if",
            "trigger": {
                "name": "entity_is_spawn",
                "tag": "follower2"
            }
        }, {
            "else_action": [{
                    "name": "nothing"
                }
            ],
            "if_action": [{
                    "help": "seat_front_right/seat_back_right/seat_back_left/seat_front_left",
                    "helper": "This action will set seat to an entity for an specific vehicule entity",
                    "helperTitle": "Entity : Set Seat",
                    "name": "entity_set_seat",
                    "seat": "seat_back_right",
                    "tag": "follower3",
                    "vehicle": "F1car",
                    "waitforsit": false
                }
            ],
            "name": "if",
            "trigger": {
                "name": "entity_is_spawn",
                "tag": "follower3"
            }
        }, {
            "help": "Wait that trigger condition is valid",
            "helper": "This action will wait that the trigger is valid before do the next action ",
            "helperTitle": "Logic : Wait For Trigger",
            "name": "wait_for_trigger",
            "trigger": {
                "helper": "This trigger will be triggered when you are in an car",
                "helperTitle": "Player : In car",
                "name": "in_car"
            }
        }, {
            "helper": "This action will make the vehicule follow an entity",
            "helperTitle": "Vehicule : Follow an entity",
            "name": "vehicle_follow_entity",
            "tag": "player",
            "vehicle": "F1car"
        }, {
            "help": "Wait that trigger condition is valid",
            "helper": "This action will wait that the trigger is valid before do the next action ",
            "helperTitle": "Logic : Wait For Trigger",
            "name": "wait_for_trigger",
            "trigger": {
                "expected": false,
                "name": "compare",
                "trigger": {
                    "name": "in_car"
                }
            }
        }, {
            "help": "seat_front_right/seat_back_right/seat_back_left/seat_front_left",
            "helper": "This action will set seat to an entity for an specific vehicule entity",
            "helperTitle": "Entity : Set Seat",
            "name": "entity_unset_seat",
            "seat": "seat_front_left",
            "tag": "follower1",
            "vehicle": "F1car",
            "waitforsit": false
        }, {
            "name": "wait_second",
            "value": 3
        }, {
            "else_action": [{
                    "name": "nothing"
                }
            ],
            "if_action": [{
                    "help": "seat_front_right/seat_back_right/seat_back_left/seat_front_left",
                    "helper": "This action will set seat to an entity for an specific vehicule entity",
                    "helperTitle": "Entity : Set Seat",
                    "name": "entity_unset_seat",
                    "seat": "seat_front_right",
                    "tag": "follower2",
                    "vehicle": "F1car",
                    "waitforsit": false
                }
            ],
            "name": "if",
            "trigger": {
                "name": "entity_is_spawn",
                "tag": "follower2"
            }
        }, {
            "else_action": [{
                    "name": "nothing"
                }
            ],
            "if_action": [{
                    "help": "seat_front_right/seat_back_right/seat_back_left/seat_front_left",
                    "helper": "This action will set seat to an entity for an specific vehicule entity",
                    "helperTitle": "Entity : Set Seat",
                    "name": "entity_unset_seat",
                    "seat": "seat_back_right",
                    "tag": "follower3",
                    "vehicle": "F1car",
                    "waitforsit": true
                }
            ],
            "name": "if",
            "trigger": {
                "name": "entity_is_spawn",
                "tag": "follower3"
            }
        }, {
            "name": "wait_second",
            "value": 3
        }, {
            "name": "despawn_entity",
            "tag": "F1car"
        }
    ],
    "display": "event_interact",
    "name": "Follow in Car",
    "requirement": [["crew?"]],
    "sorttag": "",
    "tag": "carfollowmox",
    "timer": 0,
    "trigger": {
        "crew?": {
            "name": "entity_is_spawn",
            "tag": "follower1"
        }
    }
}
