{
	"name": "Recruit Tygerclaws",
	"trigger": {
		"looking at rita?": {
			"name": "npc",
			"way": "fixer",
			"value": "fixer_wakako"

		},
		"are you friendly?": {
			"value": "faction_tygerclaws",
			"name": "gang_affinity",
			"helperTitle": "Gang : Score is higher or equal to",
			"helper": "This trigger will be triggered when you have enough affinity with a specific gang that is higher or equal to the selected amount",
			"score": 10
		}
		
	},
	"display": "event_interact",
	"tag": "recruit_tyger",
	"requirement": [
		[
			"looking at rita?",
			"are you friendly?"
			
		]
	],
	"action": [{

		"name": "open_interface",
		"tag": "Crew_tyger"


	}],














	"timer": 0,
	"sorttag": "Crew System"

}