{
	"name": "Recruit Val Member",
	"trigger": {
		"looking at rita?": {
			"name": "npc",
			"way": "fixer",
			"value": "fixer_padre"

		},
		"are you friendly?": {
			"value": "faction_valentinos",
			"name": "gang_affinity",
			"helperTitle": "Gang : Score is higher or equal to",
			"helper": "This trigger will be triggered when you have enough affinity with a specific gang that is higher or equal to the selected amount",
			"score": 10
		},
		"anyone spawned?": {
			"name": "compare",
			"trigger": {
				"name": "entity_is_spawn",
				"tag": "follower1"
			},
			"expected": false,
			"helper": "This trigger will be triggered when the trigger that you set have the same statut that you put in (expected)",
			"helperTitle": "Logic : Compare"
		}
	},
	"display": "event_interact",
	"tag": "recruit_valentinos",
	"requirement": [
		[
			"looking at rita?",
			"are you friendly?",
			"anyone spawned?"
		]
	],
	"action": [{


		"name": "if",
		"trigger": {
			"name": "compare",
			"trigger": {
				"name": "gang_affinity",
				"value": "faction_valentinos",
				"score": 10
			},
			"expected": true
		},
		"if_action": [{
			"x": -6,
			"tag": "follower1",
			"y": 0,
			"helperTitle": "Entity : Spawn an entity to another entity relative position",
			"amount": 1,
			"entity": "player",
			"z": 0,
			"spawnlevel": 45,
			"npc": "Character.sts_hey_rey_02_valentinos_grunt1_ranged1_nue_wa",
			"helper": "This action will summon a custom entity at another Entities' XYZ, relative",
			"name": "summon_entity_at_entity_relative"
		}, {
			"name": "wait_second",
			"value": 1

		}, {

			"name": "attitude_entity_against_entity",
			"tag": "follower1",
			"entity": "player",
			"attitude": "companion"
		}, {

			"name": "wait_second",
			"value": 0.5

		}, {

			"name": "move_entity_at_entity_relative",
			"entity": "player",
			"x": -2,
			"y": 1,
			"z": 0,

			"move": "Walk",
			"tag": "follower1"

		}, {
			"name": "play_entity_voice",
			"tag": "follower1",
			"voice": "greeting"

		}],
		"else_action": [{
			"name": "nothing"
		}]

	}, {
		"name": "wait_second",
		"value": 0.5

	}, {

		"name": "if",
		"trigger": {
			"name": "compare",
			"trigger": {
				"name": "gang_affinity",
				"value": "faction_valentinos",
				"score": 20
			},
			"expected": true
		},
		"if_action": [{
			"x": -8,
			"tag": "follower2",
			"y": 6,
			"helperTitle": "Entity : Spawn an entity to another entity relative position",
			"amount": 1,
			"entity": "player",
			"z": 0,
			"spawnlevel": 45,
			"npc": "Character.valentinos_machete_hmelee3_machete_mb_elite",
			"helper": "This action will summon a custom entity at another Entities' XYZ, relative",
			"name": "summon_entity_at_entity_relative"

		}, {
			"name": "wait_second",
			"value": 1
		}, {
			"name": "attitude_entity_against_entity",
			"tag": "follower2",
			"entity": "player",
			"attitude": "companion"
		}, {

			"name": "wait_second",
			"value": 0.5

		}, {}, {
			"name": "move_entity_at_entity_relative",
			"entity": "player",
			"x": -3,
			"y": 2,
			"z": 0,

			"move": "Walk",
			"tag": "follower2"

		}, {
			"name": "play_entity_voice",
			"tag": "follower2",
			"voice": "greeting"

		}],
		"else_action": [{
			"name": "nothing"
		}]
	}, {
		"name": "wait_second",
		"value": 0.5
	}, {

		"name": "if",
		"trigger": {
			"name": "compare",
			"trigger": {
				"name": "gang_affinity",
				"value": "faction_valentinos",
				"score": 30
			},
			"expected": true
		},
		"if_action": [{
			"x": -4,
			"tag": "follower3",
			"y": -2,
			"helperTitle": "Entity : Spawn an entity to another entity relative position",
			"amount": 1,
			"entity": "player",
			"z": 0,
			"spawnlevel": 45,
			"npc": "Character.ma_hey_gle_02_valentinos_grunt2_ranged2_ajax_ma_Rogelio_Cruz",
			"helper": "This action will summon a custom entity at another Entities' XYZ, relative",
			"name": "summon_entity_at_entity_relative"

		}, {
			"name": "wait_second",
			"value": 1
		}, {
			"name": "attitude_entity_against_entity",
			"tag": "follower3",
			"entity": "player",
			"attitude": "companion"
		}, {

			"name": "wait_second",
			"value": 0.5



		}, {
			"name": "move_entity_at_entity_relative",
			"entity": "player",
			"x": -1,
			"y": 4,
			"z": 0,

			"move": "Walk",
			"tag": "follower3"

		}, {
			"name": "play_entity_voice",
			"tag": "follower3",
			"voice": "greeting"

		}],
		"else_action": [{
			"name": "nothing"
		}]
	}, {
		"name": "wait_second",
		"value": 0.5
	}],









	"timer": 0,
	"sorttag": "Crew System"
}