{
	"name": "Recruit Aldecaldos",
	"trigger": {
		"looking at rita?": {
			"name": "npc",
			"way": "fixer",
			"value": "fixer_dakota"

		},
		"are you friendly?": {
			"value": "faction_aldecaldos",
			"name": "gang_affinity",
			"helperTitle": "Gang : Score is higher or equal to",
			"helper": "This trigger will be triggered when you have enough affinity with a specific gang that is higher or equal to the selected amount",
			"score": 10
		}
		
	},
	"display": "event_interact",
	"tag": "recruit_aldecaldos",
	"requirement": [
		[
			"looking at rita?",
			"are you friendly?"
			
		]
	],
	"action": [{


			"name": "open_interface",
		"tag": 	"Crew_aldecaldos"

	}],









	"timer": 0,
	"sorttag": "Crew System"
}