{
	"name": "bounty_manager",
	"tag": "bounty_manager",
	"way": "ambush",
	"trigger": {
		"building": {
			"name": "compare",
			"trigger": {
				"name": "player_inbuilding"
			},
			"expected": false
		},
		"checkaffinity": {
			"name": "testFor",
			"triggers": [{
					"name": "compare",
					"trigger": {
						"name": "gang_affinity",
						"value": "faction_mox",
						"score": -99
					},
					"expected": false
				},
				{
					"name": "compare",
					"trigger": {
						"name": "gang_affinity",
						"value": "faction_tygerclaws",
						"score": -99
					},
					"expected": false
				},
				{
					"name": "compare",
					"trigger": {
						"name": "gang_affinity",
						"value": "faction_valentinos",
						"score": -99
					},
					"expected": false
				}, {
					"name": "compare",
					"trigger": {
						"name": "gang_affinity",
						"value": "faction_maxtac",
						"score": -99
					},
					"expected": false
				}, {
					"name": "compare",
					"trigger": {
						"name": "gang_affinity",
						"value": "faction_maelstrom",
						"score": -99
					},
					"expected": false
				},
				{
					"name": "compare",
					"trigger": {
						"name": "gang_affinity",
						"value": "faction_scavengers",
						"score": -99
					},
					"expected": false
				},
				{
					"name": "compare",
					"trigger": {
						"name": "gang_affinity",
						"value": "faction_aldecaldos",
						"score": -99
					},
					"expected": false
				},
				{
					"name": "compare",
					"trigger": {
						"name": "gang_affinity",
						"value": "faction_wraiths",
						"score": -99
					},
					"expected": false
				},
				{
					"name": "compare",
					"trigger": {
						"name": "gang_affinity",
						"value": "faction_voodooboys",
						"score": -99
					},
					"expected": false
				},
				{
					"name": "compare",
					"trigger": {
						"name": "gang_affinity",
						"value": "faction_animals",
						"score": -99
					},
					"expected": false
				},
				{
					"name": "compare",
					"trigger": {
						"name": "gang_affinity",
						"value": "faction_militech",
						"score": -99
					},
					"expected": false
				},
				{
					"name": "compare",
					"trigger": {
						"name": "gang_affinity",
						"value": "faction_arasaka",
						"score": -99
					},
					"expected": false
				},
				{
					"name": "compare",
					"trigger": {
						"name": "gang_affinity",
						"value": "faction_kangtao",
						"score": -99
					},
					"expected": false
				},
				{
					"name": "compare",
					"trigger": {
						"name": "gang_affinity",
						"value": "faction_sixthstreet",
						"score": -99
					},
					"expected": false
				}
			],
			"logic": "or"
		}
	},
	"requirement": [
		[
			"checkaffinity", "building"
		]
	],
	"action": [{
		"name": "phone_notification",
		"title": "NC Airdrop: BountyHunterx",
		"desc": "I know you're Around here, Gonk! ",
		"duration": 5,
		"conversation": "",
		"context": [{
			"trigger": {
				"condition01": {
					"name": "auto"
				}
			},
			"requirement": [
				[
					"condition01"
				]
			],
			"prop": {
				"title": {
					"type": "text",
					"text": "NC Airdrop:##name",
					"values": {
						"name": {
							"type": "random_text",
							"list": ["BountyxHunt", "BunniHuntsBounties", "ShadowBountyX", "!!Hunter!x", "-__HUNT__-", "H.", "EdDIESx", "HxUxNxTxExR", "GonkKillerXXD", "GiTFuKd", "Light", "SODe@Dx", "DeAxtH_sCxpe", "MalAcIousX", "BiGDEath", "BigFuk!s", "ToNkILax", "GonKLLLA", "StR@pped", "MoTheRsFcKr", "SlIps", "DeSTRoYXer", "MagGitxDx", "GonX", "M!A!L!ICE", "D00MSlayerrrr", "BrKROFFace", "XXJUSTXX", "EDGEUGHXX", "CyBRFcukx", "GTFOG<3X", "RAAAAAAAGER", "CRx"]

						}
					}
				}
			}
		}, {
			"trigger": {
				"condition01": {
					"name": "auto"
				}
			},
			"requirement": [
				[
					"condition01"
				]
			],
			"prop": {
				"desc": {
					"type": "text",
					"text": "##msg",
					"values": {
						"msg": {
							"type": "random_text",
							"list": ["You're so FKD", "ShowYoursseeelf", "Where are yoU?!", "Come Out and FUCKING PLAY", "i'll get your Bitch ass", "Fuckin GonK!", "LetS FUCKIN PLAY!", "POS TF R U??", "SeE mE?! U sEE StarS!!", "LeTs Play!", "MFER I'll GET YOU", "FuckinPUSSYY!", "FUCK WITH US?!"]
						}
					}
				}
			}
		}]
	}, {
		"name": "if",
		"trigger": {
			"name": "compare",
			"trigger": {
				"name": "gang_affinity",
				"value": "faction_mox",
				"score": -99
			},
			"expected": false
		},
		"if_action": [{
			"name": "do_random_function",
			"funcs": ["hunt_mox", "nothing"],
			"parallele": true,
			"applyto": ""
		}],
		"else_action": [{
			"name": "consolelog",
			"value": "pass"
		}]
	}, {
		"name": "if",
		"trigger": {
			"name": "compare",
			"trigger": {
				"name": "gang_affinity",
				"value": "faction_tygerclaws",
				"score": -99
			},
			"expected": false
		},
		"if_action": [{
			"name": "do_random_function",
			"funcs": ["hunt_tygers", "nothing"],
			"parallele": true,
			"applyto": ""
		}],
		"else_action": [{
			"name": "consolelog",
			"value": "pass"
		}]
	}, {
		"name": "if",
		"trigger": {
			"name": "compare",
			"trigger": {
				"name": "gang_affinity",
				"value": "faction_maelstrom",
				"score": -99
			},
			"expected": false,
			"helper": "This trigger will be triggered when the trigger that you set have the same statut that you put in (expected)",
			"helperTitle": "Logic : Compare"
		},
		"if_action": [{
			"name": "do_random_function",
			"funcs": ["hunt_maelstrom", "nothing"],
			"parallele": true,
			"applyto": ""
		}],
		"else_action": [{
			"name": "consolelog",
			"value": "pass"
		}]
	}, {
		"name": "if",
		"trigger": {
			"name": "compare",
			"trigger": {
				"name": "gang_affinity",
				"value": "faction_valentinos",
				"score": -99
			},
			"expected": false,
			"helper": "This trigger will be triggered when the trigger that you set have the same statut that you put in (expected)",
			"helperTitle": "Logic : Compare"
		},
		"if_action": [{
			"name": "do_random_function",
			"funcs": ["hunt_valentinos", "nothing"],
			"parallele": true,
			"applyto": ""
		}],
		"else_action": [{
			"name": "consolelog",
			"value": "pass"
		}]
	}, {
		"name": "if",
		"trigger": {
			"name": "compare",
			"trigger": {
				"name": "gang_affinity",
				"value": "faction_scavengers",
				"score": -99
			},
			"expected": false
		},
		"if_action": [{
			"name": "do_random_function",
			"funcs": ["hunt_scav", "nothing"],
			"parallele": true,
			"applyto": ""
		}],
		"else_action": [{

			"name": "consolelog",
			"value": "pass"
		}]
	}, {
		"name": "if",
		"trigger": {
			"name": "compare",
			"trigger": {
				"name": "gang_affinity",
				"value": "faction_wraiths",
				"score": -99
			},
			"expected": false
		},
		"if_action": [{
			"name": "do_random_function",
			"funcs": ["hunt_wraith", "nothing"],
			"parallele": true,
			"applyto": ""
		}],
		"else_action": [{
			"name": "consolelog",
			"value": "pass"
		}]
	}, {
		"name": "if",
		"trigger": {
			"name": "compare",
			"trigger": {
				"name": "gang_affinity",
				"value": "faction_arasaka",
				"score": -99
			},
			"expected": false
		},
		"if_action": [{
			"name": "do_random_function",
			"funcs": ["hunt_arasaka", "nothing"],
			"parallele": true,
			"applyto": ""
		}],
		"else_action": [{
			"name": "consolelog",
			"value": "pass"
		}]
	}, {
		"name": "if",
		"trigger": {
			"name": "compare",
			"trigger": {
				"name": "gang_affinity",
				"value": "faction_animals",
				"score": -99
			},
			"expected": false
		},
		"if_action": [{
			"name": "do_random_function",
			"funcs": ["hunt_animal", "nothing"],
			"parallele": true,
			"applyto": ""
		}],
		"else_action": [{
			"name": "consolelog",
			"value": "pass"
		}]
	}, {
		"name": "wait_second",
		"value": 1
	}]
}