{
	"name": "NGKill_Counter",
	"tag": "NGKill_Counter",
	"way": "init",
	"trigger": {

		"auto": {
			"name": "auto"
		}
	},
	"requirement": [
		[
			"auto"
		]
	],
	"action": [{
		"name": "wait_for_trigger",
		"trigger": {
			"name": "compare",
			"trigger": {
				"name": "last_killed_entity_is_in_specific_gang",
				"value": "faction_sixthstreet",
				"context": [{
					"trigger": {
						"auto": {
							"name": "auto"
						}
					},
					"requirement": [
						[
							"auto"
						]
					],
					"prop": {
						"value": {
							"text": "##loadingmsg",
							"type": "text",
							"values": {
								"loadingmsg": {
									"type": "faction",
									"tag": "player",
									"prop": "tag"
								}
							}
						}
					}
				}]
			},
			"expected": false
		}
	}, {
		"name": "wait_second",
		"value": 1
	}, {
		"name": "do_function",
		"value": "Kill_Counter_affinity"
	}]
}