{
	"name": "Toggle Flight OFF",
	"trigger": {
		"in car?": {
			"helperTitle": "Player : In car",
			"name": "in_car",
			"helper": "This trigger will be triggered when you are in an car"
		},

		"AVon?": {
			"name": "custom_condition",
			"value": "flyer",
			"score": 2
		}
	},
	"display": "event_interact",
	"tag": "Toggle_AV_OFF",
	"requirement": [
		[
			"in car?"
		]
	],
	"action": [{


			"name": "toggle_av_engine_for_current_drived_vehicule"
		},
		{




			"name": "simple_message",
			"helperTitle": "UI : Message",
			"helper": "This action will make display an in game message",
			"value": "Flight Mode OFF"
		}, {
			"name": "play_sound_file",
			"value": "Avoff.mp3",
			"channel": "sound",
			"datapack": "FLY",
			"volume": 50
		}, {

			"name": "change_custom_condition",
			"value": "flyer",
			"score": 1
		}


	],
	"timer": 0,
	"sorttag": "FLY"
}