{
	"name": "Toggle Flight ON",
	"trigger": {
		"in car?": {
			"helperTitle": "Player : In car",
			"name": "in_car",
			"helper": "This trigger will be triggered when you are in an car"
		},
		"AVoff?": {
			"name": "custom_condition",
			"value": "flyer",
			"score": 1
		}
	},
	"display": "event_interact",
	"tag": "Toggle_AV_ON",
	"requirement": [
		[
			"in car?"
		]
	],
	"action": [{
			"name": "toggle_av_engine_for_current_drived_vehicule"
		},
		{
			"name": "simple_message",
			"helperTitle": "UI : Message",
			"helper": "This action will make display an in game message",
			"value": "Flight Mode ON"

		}, {
			"name": "play_sound_file",
			"value": "Avon.mp3",
			"channel": "sound",
			"datapack": "FLY",
			"volume": 100
		}, {
			"name": "wait_second",
			"value": 4

		}, {
			"name": "play_sound_file",
			"value": "hovercar.mp3",
			"channel": "sound",
			"datapack": "FLY",
			"volume": 100
		}, {

			"name": "play_sound_file",
			"value": "hovercar.mp3",
			"channel": "sound",
			"datapack": "FLY",
			"volume": 100
		}, {
			"name": "change_custom_condition",
			"value": "flyer",
			"score": 2

		}
	],
	"timer": 0,
	"sorttag": "FLY"
}