[{
        "Desc": "phone_default_basic_01",
        "speaker": {
            "value": "Phone",
            "way": "phone"
        },
        "Tag": "phone_default_basic_01",
        "trigger": {},
        "requirement": [],
        "options": [{
                "Description": "phone_default_basic_01_01",
                "action": [
				
					
					{
						"name": "subtitle",
						"title": "phone_default_basic_02_y",
						"type": 1,
						"target": "player",
						"speaker": "current_phone_npc",
						"duration": 1,
						"helper": "This action will fire an random subtitle, it act live wait for second",
						"helperTitle": "Dialog : run random subtitle"
					},
					{
                        "name": "dialog",
                        "dialog": "phone_default_basic_02_n"
                    }

                ],
                "trigger": {
                    "auto": {
                        "name": "auto"
                    }
                },
                "requirement": [["auto"]]
            }, {
                "Description": "phone_default_basic_01_02",
                "action": [
					{
							"name": "subtitle",
						"title": "phone_default_basic_02_n",
						"type": 1,
						"target": "player",
						"speaker": "current_phone_npc",
						"duration": 1,
						"helper": "This action will fire an random subtitle, it act live wait for second",
						"helperTitle": "Dialog : run random subtitle"
					},
					{
                        "name": "dialog",
                        "dialog": "speak_default_basic_02_n"
                    }

                ],
                "trigger": {
                    "auto": {
                        "name": "auto"
                    }
                },
                "requirement": [["auto"]]
            }
        ]
    },
	
	
	
	
	

	
	
	
	{
        "Desc": "phone_default_basic_02_n",
        "speaker": {
            "value": "Phone",
            "way": "phone"
        },
        "Tag": "phone_default_basic_02_n",
        "trigger": {},
        "requirement": [],
        "options": [{
                "Description": "DialogCustomInit",
                "useLang": true,
                "action": [
				
					{
						"name": "subtitle",
						"title": "DialogCustomInitAnswer",
						"type": 1,
						"target": "player",
						"speaker": "current_phone_npc",
						"duration": 1,
						"helper": "This action will fire an random subtitle, it act live wait for second",
						"helperTitle": "Dialog : run random subtitle"
					},
					{
                        "name": "dialog",
                        "dialog": "phone_default_custom_init"
                    }

                ],
                "trigger": {
                    "auto": {
                        "name": "auto"
                    }
                },
                "requirement": [["auto"]]
            }
        ]
    }
]
