{
	"title":"Place Management",
	"tag":"housing_ui",
	"width":500,
	"heigh":500,
	"x":200,
	"y":200,
	
	"controls":
	[	
		{	
			"type":"label",
			"tag":"title_label",
			"margin":{
				"left":540
				
			},
			"style":{
				"fontsize":50
			},
			"trigger":
			{
				"auto":
				{
					"name":"auto"
				}
				
			},
			"requirement":[["auto"]],
			"value":
			{
				"type":"text",
				"value":"What do you want to do ?"
			}
		},
		{	
			"type":"linebreak"
		
		},
		
		
		{	
			"type":"label",
			"tag":"house_buyed",
			"margin":{
				"left":540,
				"top":50
			},
			"style":{
				"fontsize":40
			},
			"trigger":
			{
				"buyed":
					{
					"name": "is_in_buyed_place",
					"helper": "This trigger will be triggered when you are in buyed custom place",
					"helperTitle": "Player : In buyed custom place"
				}
				
			},
			"requirement":[["buyed"]],
			"value":
			{
				"type":"text",
				"value":"You own the place."
			}
		},
		
		{	
			"type":"label",
			"tag":"house_rented",
			"margin":{
				"left":540,
				"top":90
			},
			"style":{
				"fontsize":40
			},
			"trigger":
			{
				"buyed":
					{
					"name": "is_in_rented_place",
					"helper": "This trigger will be triggered when you are in buyed custom place",
					"helperTitle": "Player : In buyed custom place"
				}
				
			},
			"requirement":[["buyed"]],
			"value":
			{
				"type":"text",
				"value":"You have an business in this place."
			}
		},
		
		
		{	
			"type":"label",
			"tag":"house_notbuyed",
			"margin":{
				"left":540,
				"top":50
			},
			"style":{
				"fontsize":40
			},
			"trigger":
			{
				"notbuyed":
					
				{
					"name": "compare",
					"trigger":{
						"name": "is_in_buyed_place",
						"helper": "This trigger will be triggered when you are in buyed custom place",
						"helperTitle": "Player : In buyed custom place"
					},
					"expected": false,
					"helper": "This trigger will be triggered when the trigger that you set have the same statut that you put in (expected)",
					"helperTitle": "Logic : Compare"
				}
				
			},
			"requirement":[["notbuyed"]],
			"value":
			{
				"type":"text",
				"value":"You don't own the place."
			}
		},
		
		{	
			"type":"label",
			"tag":"house_notrented",
			"margin":{
				"left":540,
				"top":90
			},
			"style":{
				"fontsize":40
			},
			"trigger":
			{
				"notrented":
					
				{
					"name": "compare",
					"trigger":{
						"name": "is_in_rented_place",
						"helper": "This trigger will be triggered when you are in buyed custom place",
						"helperTitle": "Player : In buyed custom place"
					},
					"expected": false,
					"helper": "This trigger will be triggered when the trigger that you set have the same statut that you put in (expected)",
					"helperTitle": "Logic : Compare"
				}
				
			},
			"requirement":[["notrented"]],
			"value":
			{
				"type":"text",
				"value":"There is no active business into that place."
			}
		},
		
		{	
			"type":"button",
			"title":"Sell the place",
			"margin":{
				"left":900,
				"top":200
			},
			"style":{
				"fontsize":35,
				"width":400,
				"height":100
			},
			"tag":"sell_place_btn",
			"trigger":
			{
				"buyed":
					{
					"name": "is_in_buyed_place",
					"helper": "This trigger will be triggered when you are in buyed custom place",
					"helperTitle": "Player : In buyed custom place"
				}
				
			},
			"requirement":[["buyed"]],
			"action":
			[
				
					{
						"name": "sellCurrentHouse",
						"helper": "This action will sell the custom place where you are if you own it",
						"helperTitle": "House : Sell Current House"
					},
					{
						"name": "close_interface"
					}
			]
		},
		
		{	
			"type":"button",
			"title":"Open an Business in the place",
			"margin":{
				"left":900,
				"top":350
			},
			"style":{
				"fontsize":35,
				"width":400,
				"height":100
			},
			"tag":"business_place_btn",
			"trigger":
			{
				"buyed":
					{
					"name": "is_in_buyed_place",
					"helper": "This trigger will be triggered when you are in buyed custom place",
					"helperTitle": "Player : In buyed custom place"
				},
				"notrented":
					
				{
					"name": "compare",
					"trigger":{
						"name": "is_in_rented_place",
						"helper": "This trigger will be triggered when you are in buyed custom place",
						"helperTitle": "Player : In buyed custom place"
					},
					"expected": false,
					"helper": "This trigger will be triggered when the trigger that you set have the same statut that you put in (expected)",
					"helperTitle": "Logic : Compare"
				}
				
			},
			"requirement":[["buyed","notrented"]],
			"action":
			[
				
					{
						"name": "rentCurrentHouse",
						"helper": "This action will sell the custom place where you are if you own it",
						"helperTitle": "House : Sell Current House"
					},
					{
						"name": "close_interface"
					}
			]
		},
		
		{	
			"type":"button",
			"title":"Buy the place",
			"margin":{
				"left":900,
				"top":200
			},
			"style":{
				"fontsize":35,
				"width":400,
				"height":100
			},
			"tag":"buy_place_btn",
			"trigger":
			{
				"notbuyed":
					
				{
					"name": "compare",
					"trigger":{
						"name": "is_in_buyed_place",
						"helper": "This trigger will be triggered when you are in buyed custom place",
						"helperTitle": "Player : In buyed custom place"
					},
					"expected": false,
					"helper": "This trigger will be triggered when the trigger that you set have the same statut that you put in (expected)",
					"helperTitle": "Logic : Compare"
				}
				
			},
			"requirement":[["notbuyed"]],
			"action":
			[
				
					{
						"name": "buyCurrentHouse",
						"helper": "This action will sell the custom place where you are if you own it",
						"helperTitle": "House : Sell Current House"
					},
					{
						"name": "close_interface"
					}
			]
		}
		
		
		
	]
	
}