{
	"name": "tygergang5_LCH",
	"tag": "tygergang5_LCH",
	"triggers": {
		"auto": {
			"name": "auto"
		}

	},
	"requirement": [
		["auto"]
	],
	"tweakDB": "Character.sq026_hiromis_officer_tyger_claws_officergangster_officer_nue_ma",
	"appeareance": "",
	"repeat_routine": true,
	"auto_despawn": true,
	"useBetaSpawn": false,

	"routineaction": [{
			"name": "move_entity_at_relative_position",
			"tag": "this",
			"x": 0,
			"y": 0,
			"z": 0,
			"move": "Stand",
			"helper": "This action will move an custom entity to XYZ from her relative position",
			"helperTitle": "Entity : Move to relative position"
		},
		{
			"name": "wait_second",
			"value": 15

		}

	],
	"spawnaction": [{

			"name": "wait_second",
			"value": 3
		},
		{
			"name": "if",
			"trigger": {
				"name": "check_gang_relation",
				"tag": "player",
				"target": "faction_tygerclaws",
				"mode": "gang",
				"operator": "=",
				"score": -10
			},
			"if_action": [{
				"name": "attitude_entity_against_entity",
				"tag": "tygergang5_LCH",
				"entity": "player",
				"attitude": "hostile"

			}],
			"else_action": [{

			}]


		}],
	"despawnaction": [


	],
	"location": {

		"x": -1229.151,
		"y": 1947.176,
		"z": 8.026,
		"radius": 45

	}




}