{
	"name": "Valgang1w_GLE9",
	"tag": "Valgang1w_GLE9",
	"triggers": {
		"auto": {
			"name": "auto"
		}

	},
	"requirement": [
		["auto"]
	],
	"tweakDB": "subdistrict",
	"locationtag": "Glen",
	"appeareance": "",
	"repeat_routine": true,
	"auto_despawn": true,
	"useBetaSpawn": false,

	"routineaction": [{
			"name": "move_entity_at_relative_position",
			"tag": "Valgang1w_GLE9",
			"x": 0,
			"y": 15,
			"z": 0,
			"move": "Walk",
			"helper": "This action will move an custom entity to XYZ from her relative position",
			"helperTitle": "Entity : Move to relative position"
		},
		{
			"name": "wait_second",
			"value": 15

		}

	],
	"spawnaction": [


	],
	"despawnaction": [


	],
	"location": {

		"x": -1315.771,
		"y": -656.326,
		"z": 8.222,
		"radius": 50

	}




}