{
	"name": "Valgang_HEY2",
	"tag": "Valgang_HEY2",
	"triggers": {
		"auto": {
			"name": "auto"
		}

	},
	"requirement": [
		["auto"]
	],
	"tweakDB": "Character.spr_valentinos_grunt3_fmelee2_machete_ma_rare",
	"appeareance": "",
	"repeat_routine": true,
	"auto_despawn": false,
	"useBetaSpawn": false,

	"routineaction": [{
			"name": "move_entity_at_relative_position",
			"tag": "this",
			"x": 0,
			"y": 0,
			"z": 0,
			"move": "Stand",
			"helper": "This action will move an custom entity to XYZ from her relative position",
			"helperTitle": "Entity : Move to relative position"
		},
		{
			"name": "wait_second",
			"value": 15

		}

	],
	"spawnaction": [


	],
	"despawnaction": [


	],
	"location": {

		"x": -949.129,
		"y": -495.620,
		"z": 18.399,
		"radius": 50

	}




}