{
	"name": "1Valgang2_HEY0",
	"tag": "Valgang2_HEY0",
	"triggers": {
		"auto": {
			"name": "auto"
		}

	},
	"requirement": [
		["auto"]
	],
	"tweakDB": "Character.arr_valentinos_grunt2_ranged2_overture_ma",
	"appeareance": "",
	"repeat_routine": true,
	"auto_despawn": true,
	"useBetaSpawn": false,

	"routineaction": [{
			"name": "move_entity_at_relative_position",
			"tag": "this",
			"x": 0,
			"y": 0,
			"z": 0,
			"move": "Stand",
			"helper": "This action will move an custom entity to XYZ from her relative position",
			"helperTitle": "Entity : Move to relative position"
		},
		{
			"name": "wait_second",
			"value": 8

		}

	],
	"spawnaction": [


	],
	"despawnaction": [


	],
	"location": {

		"x": -1010.542,
		"y": -38.701,
		"z": 11.402,
		"radius": 40

	}




}