 [{
 		"Desc": "V",
 		"speaker": {
 			"value": "V",
 			"way": "quest"
 		},
 		"Tag": "Specialdial_leah_choice_01",
 		"trigger": {
 			"auto": {
 				"name": "auto"
 			}
 		},
 		"requirement": [
 			["auto"]
 		],
 		"options": [{
 			"Description": "Oooo yes Baby!",
 			"action": [{
 					"name": "add_to_custom_score",
 					"value": "joytoy_dirtiness_reput",
 					"score": 3,
 					"helper": "This action will change the value of an custom score",
 					"helperTitle": "Score :  change the value of an custom score"
 				},
 				{
 					"name": "add_to_custom_score",
 					"value": "joytoy_reput",
 					"score": 6,
 					"helper": "This action will change the value of an custom score",
 					"helperTitle": "Score :  change the value of an custom score"
 				},
 				{
 					"name": "add_to_custom_score",
 					"value": "joytoy_action",
 					"score": 1,
 					"helper": "This action will change the value of an custom score",
 					"helperTitle": "Score :  change the value of an custom score"
 				},
 				{
 					"name": "do_function",
 					"value": "joytoy_dialog_manager2"
 				}
 			],
 			"trigger": {
 				"auto": {
 					"name": "auto"
 				}
 			},
 			"requirement": [
 				["auto"]
 			]
 		}, {
 			"Description": "Actually let me back track on that",
 			"action": [{
 					"name": "add_to_custom_score",
 					"value": "joytoy_dirtiness_reput",
 					"score": -1,
 					"helper": "This action will change the value of an custom score",
 					"helperTitle": "Score :  change the value of an custom score"
 				},
 				{
 					"name": "add_to_custom_score",
 					"value": "joytoy_reput",
 					"score": 1,
 					"helper": "This action will change the value of an custom score",
 					"helperTitle": "Score :  change the value of an custom score"
 				},
 				{
 					"name": "add_to_custom_score",
 					"value": "joytoy_action",
 					"score": 1,
 					"helper": "This action will change the value of an custom score",
 					"helperTitle": "Score :  change the value of an custom score"
 				},
 				{
 					"name": "do_function",
 					"value": "joytoy_dialog_manager"
 				}
 			],
 			"trigger": {
 				"auto": {
 					"name": "auto"
 				}
 			},
 			"requirement": [
 				["auto"]
 			]
 		}]
 	},
 	{
 		"Desc": "V",
 		"speaker": {
 			"value": "V",
 			"way": "quest"
 		},
 		"Tag": "Specialdial_leah_choice_02",
 		"trigger": {
 			"auto": {
 				"name": "auto"
 			}
 		},
 		"requirement": [
 			["auto"]
 		],
 		"options": [{
 			"Description": "Im going to make you MY Toy.",
 			"action": [{
 					"name": "add_to_custom_score",
 					"value": "joytoy_dirtiness_reput",
 					"score": 5,
 					"helper": "This action will change the value of an custom score",
 					"helperTitle": "Score :  change the value of an custom score"
 				},
 				{
 					"name": "add_to_custom_score",
 					"value": "joytoy_reput",
 					"score": 4,
 					"helper": "This action will change the value of an custom score",
 					"helperTitle": "Score :  change the value of an custom score"
 				},
 				{
 					"name": "add_to_custom_score",
 					"value": "joytoy_action",
 					"score": 1,
 					"helper": "This action will change the value of an custom score",
 					"helperTitle": "Score :  change the value of an custom score"
 				},
 				{
 					"name": "do_function",
 					"value": "joytoy_dialog_manager2"
 				}

 			],
 			"trigger": {
 				"auto": {
 					"name": "custom_condition",
 					"value": "joytoy_dirtiness_reput",
 					"score": 1,
 					"helper": "This trigger will be triggered when the custom score (value) have reach the score",
 					"helperTitle": "Score : Custom Score"
 				}
 			},
 			"requirement": [
 				["auto"]
 			]
 		}, {
 			"Description": "Lemme think on it real quick.",
 			"action": [{
 					"name": "add_to_custom_score",
 					"value": "joytoy_action",
 					"score": 1,
 					"helper": "This action will change the value of an custom score",
 					"helperTitle": "Score :  change the value of an custom score"
 				}, {
 					"name": "add_to_custom_score",
 					"value": "joytoy_dirtiness_reput",
 					"score": -1,
 					"helper": "This action will change the value of an custom score",
 					"helperTitle": "Score :  change the value of an custom score"
 				},
 				{
 					"name": "add_to_custom_score",
 					"value": "joytoy_reput",
 					"score": 1,
 					"helper": "This action will change the value of an custom score",
 					"helperTitle": "Score :  change the value of an custom score"
 				},
 				{
 					"name": "do_function",
 					"value": "joytoy_dialog_manager"
 				}
 			],
 			"trigger": {
 				"auto": {
 					"name": "auto"
 				}
 			},
 			"requirement": [
 				["auto"]
 			]
 		}]
 	},
 	{
 		"Desc": "V",
 		"speaker": {
 			"value": "V",
 			"way": "quest"
 		},

 		"Tag": "Specialdial_leah_choice_03",
 		"trigger": {
 			"auto": {
 				"name": "auto"
 			}
 		},
 		"requirement": [
 			["auto"]
 		],
 		"options": [{
 			"Description": "Mmm Give me all of you, baby.",
 			"action": [{
 					"name": "add_to_custom_score",
 					"value": "joytoy_action",
 					"score": 1,
 					"helper": "This action will change the value of an custom score",
 					"helperTitle": "Score :  change the value of an custom score"
 				}, {
 					"name": "add_to_custom_score",
 					"value": "joytoy_dirtiness_reput",
 					"score": 1,
 					"helper": "This action will change the value of an custom score",
 					"helperTitle": "Score :  change the value of an custom score"
 				},
 				{
 					"name": "add_to_custom_score",
 					"value": "joytoy_reput",
 					"score": -1,
 					"helper": "This action will change the value of an custom score",
 					"helperTitle": "Score :  change the value of an custom score"
 				},
 				{
 					"name": "do_function",
 					"value": "joytoy_dialog_manager2"
 				}
 			],
 			"trigger": {
 				"auto": {
 					"name": "auto"
 				}
 			},
 			"requirement": [
 				["auto"]
 			]
 		}, {
 			"Description": "No, How about a different pose?",
 			"action": [{
 					"name": "add_to_custom_score",
 					"value": "joytoy_action",
 					"score": 1,
 					"helper": "This action will change the value of an custom score",
 					"helperTitle": "Score :  change the value of an custom score"
 				}, {
 					"name": "add_to_custom_score",
 					"value": "joytoy_dirtiness_reput",
 					"score": -1,
 					"helper": "This action will change the value of an custom score",
 					"helperTitle": "Score :  change the value of an custom score"
 				},
 				{
 					"name": "add_to_custom_score",
 					"value": "joytoy_reput",
 					"score": 1,
 					"helper": "This action will change the value of an custom score",
 					"helperTitle": "Score :  change the value of an custom score"
 				},
 				{
 					"name": "do_function",
 					"value": "joytoy_dialog_manager2"
 				}
 			],
 			"trigger": {
 				"auto": {
 					"name": "auto"
 				}
 			},
 			"requirement": [
 				["auto"]
 			]
 		}]
 	}
 ]