{
	"name": "Recruit Animals",
	"trigger": {
		"looking at rita?": {
			"name": "npc",
			"way": "fixer",
			"value": "fixer_fred"
		},
		"are you friendly?": {
			"value": "faction_animals",
			"name": "gang_affinity",
			"helperTitle": "Gang : Score is higher or equal to",
			"helper": "This trigger will be triggered when you have enough affinity with a specific gang that is higher or equal to the selected amount",
			"score": 50
		}	
	},
	"display": "event_interact",
	"tag": "recruit_tyger",
	"requirement": [
		[
			"looking at rita?",
			"are you friendly?"	
	]
	],
	"action": [{
		"name": "open_interface",
		"tag": "Crew_animals"
	}],
	"timer": 0,
	"sorttag": "Crew System"
}