{
	"name": "Recruit Scav Member",
	"trigger": {
		"looking at dino?": {
			"name": "npc",
			"way": "fixer",
			"value": "fixer_dino"
		},
		"are you friendly?": {
			"value": "faction_scavengers",
			"name": "gang_affinity",
			"helperTitle": "Gang : Score is higher or equal to",
			"helper": "This trigger will be triggered when you have enough affinity with a specific gang that is higher or equal to the selected amount",
			"score": 50
		},
		"anyone spawned?": {
			"name": "compare",
			"trigger": {
				"name": "entity_is_spawn",
				"tag": "follower1"
			},
			"expected": false,
			"helper": "This trigger will be triggered when the trigger that you set have the same statut that you put in (expected)",
			"helperTitle": "Logic : Compare"
		}
	},
	"display": "event_interact",
	"tag": "recruit_scavenger",
	"requirement": [
		[
			"looking at dino?",
			"are you friendly?"	
		]
	],
	"action": [{
		"name": "open_interface",
		"tag": "Crew_scavs"
	}],
	"timer": 0,
	"sorttag": "Crew System"
}