{
	"name": "Recruit Maelstrom Member",
	"trigger": {
		"looking at fixer??": {
			"name": "npc",
			"way": "fixer",
			"value": "fixer_patricia"
		},
		"are you friendly?": {
			"value": "faction_maelstrom",
			"name": "gang_affinity",
			"helperTitle": "Gang : Score is higher or equal to",
			"helper": "This trigger will be triggered when you have enough affinity with a specific gang that is higher or equal to the selected amount",
			"score": 50
		}	
	},
	"display": "event_interact",
	"tag": "recruit_maelstrom",
	"requirement": [
		[
			"looking at fixer??",
			"are you friendly?"		
		]
	],
	"action": [{
		"name": "open_interface",
		"tag": 	"Crew_maelstrom"
	}],
	"timer": 0,
	"sorttag": "Crew System"
}