{
	"name": "Recruit 6th st. Member",
	"trigger": {
		"looking at rita?": {
			"name": "npc",
			"way": "fixer",
			"value": "fixer_captain"
		},
		"are you friendly?": {
			"value": "faction_sixthstreet",
			"name": "gang_affinity",
			"helperTitle": "Gang : Score is higher or equal to",
			"helper": "This trigger will be triggered when you have enough affinity with a specific gang that is higher or equal to the selected amount",
			"score": 50
		}
	},
	"display": "event_interact",
	"tag": "recruit_6thstreet",
	"requirement": [
		[
			"looking at rita?",
			"are you friendly?"	
		]
	],
	"action": [{
			"name": "open_interface",
		"tag": 	"Crew_6thstreet"
	}],
	"timer": 0,
	"sorttag": "Crew System"
}