{
	"name": "Create MP Custom Place",
	"tag": "open_create_place",
	"timer": 0,
	"display":"event_interact",
	"sorttag": "multi_interact",
	"trigger": {
		"online": {
			"name": "player_is_online"
		},
		"isowner":
		{
			"name":"player_multi_isowner"
		},
		"notinplace":
		{
			"name":"compare",
			"trigger":{
				"name":"player_multi_in_buildable_place"
			},
			"expected":false
		}
	},
	"requirement": [
		[
			"online","isowner","notinplace"
		]
	],
	"action": [
		
		{
			"name": "open_instance_management_create_custom_place"
		}
		
	]
}