{
	"name": "Roll -",
	"tag": "multi_housing_move_to_roll-",
	"timer": 0,
	"sorttag": "mulit_interact",
	"display":"event_interact",
	"trigger": {
		"item":
		{
			"name": "compare",
			"trigger": {
				"name": "have_selected_item_multi_can_be_grabbed_multi"
			},
			"expected": false,
			"helper": "This trigger will be triggered when the trigger that you set have the same statut that you put in (expected)",
			"helperTitle": "Logic : Compare"
		},
		"item2":
		{
			"name": "have_selected_item_multi"
		}
	},
	"requirement": [
		[
			"item","item2"
		]
	],
	
	"action": [
		{
			"name": "roll_selected_item_multi",
			"value": -5,
		}
	]
}