{
	"name": "Open precision Mode",
	"tag": "open_precision_mode",
	"timer": 0,
	"sorttag": "mulit_interact",
	"display":"event_interact",
	"trigger": {
		"item":{
			"name": "have_selected_item_multi",
			"helper": "This trigger will be triggered when item looked is registred as housing placed item",
			"helperTitle": "Mod : Object Looked is registred as Housing Placed Item"
		}
	},
	"requirement": [
		[
			"item"
		]
	],
	"action": [
		{
			"name": "open_precision_mod_multi"
		}
	]
}