{
    "EnterX": 0,
    "EnterY": 0,
    "EnterZ": 0,
    "ExitX": 0,
    "ExitY": 0,
    "ExitZ": 0,
    "Zrange": 10,
    "action": [{
            "helper": "This action will trigger housing mode",
            "helperTitle": "House : Toggle House Mode",
            "name": "trigger_edit_housing_mode",
            "value": false
        }
    ],
    "coef": 0,
    "isbuyable": true,
    "isrentable": true,
    "name": "Wellspring cafe (open 24 hours)",
    "posX": -2068.0798339844,
    "posY": -1289.6843261719,
    "posZ": 12.479804992676,
    "price": 500,
    "range": 10,
    "rent": 500,
    "requirement": [[]],
    "rooms": [{
            "Zrange": 10,
            "action": [],
            "name": "rom",
            "parent": "rooms",
            "posX": -2068.0798339844,
            "posY": -1289.6843261719,
            "posZ": 12.479804992676,
            "range": 10,
            "requirement": [[]],
            "tag": "room2",
            "tagprefix": "caffe2_",
            "trigger": {
                "place": {
                    "helper": "This trigger will be triggered when you are in an custom place that can be buyed",
                    "helperTitle": "House : Current One can be buyed",
                    "name": "place_canbe_buyed"
                }
            },
            "type": [0, 1, 2]
        }
    ],
    "tag": "caffe2",
    "trigger": {
        "fog": {
            "helper": "This trigger will be triggered when you are in an custom place that can be buyed",
            "helperTitle": "House : Current One can be buyed",
            "name": "place_canbe_buyed"
        }
    },
    "type": 3
}
