{
  "EnterX": 0,
  "posZ": 15.097930908203,
  "requirement": [ [] ],
  "Zrange": 10,
  "action": [],
  "range": 10,
  "coef": 0,
  "trigger": {
    "this": {
      "x": -1723.9125976563,
      "z": 21.850288391113,
      "range": 0,
      "y": -1243.5869140625,
      "helperTitle": "Player : At Position XY",
      "helper": "This trigger will be triggered when you are at this XY position (in the range)",
      "name": "position"
    }
  },
  "price": 0,
  "isbuyable": true,
  "tag": "charter bar 2",
  "isrentable": true,
  "rooms": [],
  "EnterY": 0,
  "rent": 0,
  "posX": -167.85189819336,
  "ExitX": 0,
  "ExitY": 0,
  "posY": -101.7121887207,
  "type": 1,
  "EnterZ": 0,
  "name": "Charterhill Cafe",
  "ExitZ": 0
}