{
  "EnterX": 0,
  "posZ": 36.041595458984,
  "requirement": [ [] ],
  "Zrange": 10,
  "action": [],
  "range": 10,
  "coef": 0,
  "trigger": {
    "this": {
      "x": -1723.9125976563,
      "z": 21.850288391113,
      "range": 0,
      "y": -1243.5869140625,
      "helperTitle": "Player : At Position XY",
      "helper": "This trigger will be triggered when you are at this XY position (in the range)",
      "name": "position"
    }
  },
  "price": 0,
  "isbuyable": false,
  "tag": "charterhill coffe 2",
  "isrentable": false,
  "rooms": [],
  "EnterY": 0,
  "rent": 0,
  "posX": -169.17137145996,
  "ExitX": 0,
  "ExitY": 0,
  "posY": 281.23803710938,
  "type": 3,
  "EnterZ": 0,
  "name": "Charter Cafe",
  "ExitZ": 0
}