{
    "EnterX": 0,
    "EnterY": 0,
    "EnterZ": 0,
    "ExitX": 0,
    "ExitY": 0,
    "ExitZ": 0,
    "Zrange": 0,
    "action": [],
    "coef": 0,
    "isbuyable": true,
    "isrentable": true,
    "name": " Watson's Coffee",
    "posX": -2102.8508300781,
    "posY": 1495.4873046875,
    "posZ": 4.0915756225586,
    "price": 50,
    "range": 1,
    "rent": 50,
    "requirement": [[]],
    "rooms": [{
            "Zrange": 0,
            "action": [],
            "name": "Seaside Cafe",
            "parent": "rooms",
            "posX": -2102.8508300781,
            "posY": 1495.4873046875,
            "posZ": 4.0915756225586,
            "range": 0,
            "requirement": [[]],
            "tag": "outdoor",
            "tagprefix": "_",
            "trigger": {
                "01": {
                    "helper": "This trigger will be triggered without need anything (default)",
                    "helperTitle": "Auto",
                    "name": "auto"
                },
                "auto01": {
                    "helper": "This trigger will be triggered when you are at this XY position (in the range)",
                    "helperTitle": "Player : At Position XY",
                    "name": "position",
                    "range": 0,
                    "x": -2102.8508300781,
                    "y": 1495.4873046875,
                    "z": 4.0915756225586
                }
            },
            "type": [0, 1, 2]
        }
    ],
    "tag": "cofee",
    "trigger": {
        "location": {
            "helper": "This trigger will be triggered without need anything (default)",
            "helperTitle": "Auto",
            "name": "auto"
        }
    },
    "type": 0
}
