{
  "EnterX": 0,
  "posZ": 7.8333206176758,
  "requirement": [ [] ],
  "Zrange": 10,
  "action": [],
  "range": 10,
  "coef": 0,
  "trigger": {
    "this": {
      "x": -1723.9125976563,
      "z": 21.850288391113,
      "range": 0,
      "y": -1243.5869140625,
      "helperTitle": "Player : At Position XY",
      "helper": "This trigger will be triggered when you are at this XY position (in the range)",
      "name": "position"
    }
  },
  "price": 0,
  "isbuyable": true,
  "tag": "Alleyway Cafe Bar",
  "isrentable": true,
  "rooms": [],
  "EnterY": 0,
  "rent": 0,
  "posX": -2154.4069824219,
  "ExitX": 0,
  "ExitY": 0,
  "posY": 252.04013061523,
  "type": 5,
  "EnterZ": 0,
  "name": "CityCenter's Coffe 3",
  "ExitZ": 0
}