{
  "EnterX": 0,
  "posZ": 4.1151733398438,
  "requirement": [ [] ],
  "Zrange": 100,
  "action": [],
  "range": 100,
  "coef": 0,
  "trigger": {
    "aut": {
      "helperTitle": "Auto",
      "name": "auto",
      "helper": "This trigger will be triggered without need anything (default)"
    }
  },
  "price": 500,
  "isbuyable": true,
  "tag": "downtown1",
  "isrentable": true,
  "rooms": [ {
    "range": 500,
    "posZ": 4.1151733398438,
    "tag": "af",
    "tagprefix": "downtown1_",
    "requirement": [ [] ],
    "parent": "rooms",
    "Zrange": 500,
    "trigger": {
      "auto01": {
        "helperTitle": "Auto",
        "name": "auto",
        "helper": "This trigger will be triggered without need anything (default)"
      }
    },
    "posY": 62.930229187012,
    "type": [ 0, 1, 2 ],
    "action": [ {
     
    } ],
    "name": "taf",
    "posX": -2458.6994628906
  } ],
  "EnterY": 0,
  "rent": 500,
  "posX": -2458.6994628906,
  "ExitX": 0,
  "ExitY": 0,
  "posY": 62.930229187012,
  "type": 5,
  "EnterZ": 0,
  "name": "Cool Coffee",
  "ExitZ": 0
}