{
    "EnterX": 0,
    "EnterY": 0,
    "EnterZ": 0,
    "ExitX": 0,
    "ExitY": 0,
    "ExitZ": 0,
    "Zrange": 10,
    "action": [],
    "coef": 0,
    "isbuyable": true,
    "isrentable": true,
    "name": "Malted Iguana Liquor",
    "posX": -1968.462890625,
    "posY": 389.3349609375,
    "posZ": 8.0413589477539,
    "price": 0,
    "range": 10,
    "rent": 0,
    "requirement": [[]],
    "rooms": [],
    "tag": "Malted Iguana Liquor",
    "trigger": {
        "this": {
            "helper": "This trigger will be triggered when you are at this XY position (in the range)",
            "helperTitle": "Player : At Position XY",
            "name": "position",
            "range": 0,
            "x": -1723.9125976563,
            "y": -1243.5869140625,
            "z": 21.850288391113
        }
    },
    "type": 1
}
