{
  "EnterX": 0,
  "posZ": 12.290412902832,
  "requirement": [ [] ],
  "Zrange": 0,
  "action": [ {
    "helperTitle": "House : Buy the current house where player is",
    "name": "buyCurrentHouse",
    "helper": "This action will buy the custom place where you are if you have enough money and if it's buyable "
  } ],
  "range": 0,
  "coef": 0,
  "trigger": {
    "coff": {
      "helperTitle": "House : Current One can be buyed",
      "name": "place_canbe_buyed",
      "helper": "This trigger will be triggered when you are in an custom place that can be buyed"
    }
  },
  "price": 500,
  "isbuyable": true,
  "tag": "heywood",
  "isrentable": true,
  "rooms": [ {
    "range": 10,
    "posZ": 12.290412902832,
    "tag": "coff",
    "tagprefix": "heywood_",
    "requirement": [ [] ],
    "parent": "rooms",
    "Zrange": 10,
    "trigger": {
      "cof": {
        "helperTitle": "House : Current One can be buyed",
        "name": "place_canbe_buyed",
        "helper": "This trigger will be triggered when you are in an custom place that can be buyed"
      }
    },
    "posY": -1294.1262207031,
    "type": [ 0, 1, 2 ],
    "action": [],
    "name": "Heywood co. Cafe",
    "posX": -2236.4924316406
  } ],
  "EnterY": 0,
  "rent": 500,
  "posX": -2236.4924316406,
  "ExitX": 0,
  "ExitY": 0,
  "posY": -1294.1262207031,
  "type": 0,
  "EnterZ": 0,
  "name": "Heywood's Coffee ",
  "ExitZ": 0
}