{
  "EnterX": 0,
  "posZ": 37.384201049805,
  "requirement": [ [] ],
  "Zrange": 10,
  "action": [],
  "range": 10,
  "coef": 0,
  "trigger": {
    "this": {
      "x": -1723.9125976563,
      "z": 21.850288391113,
      "range": 0,
      "y": -1243.5869140625,
      "helperTitle": "Player : At Position XY",
      "helper": "This trigger will be triggered when you are at this XY position (in the range)",
      "name": "position"
    }
  },
  "price": 0,
  "isbuyable": true,
  "tag": "japan wepon 1",
  "isrentable": true,
  "rooms": [],
  "EnterY": 0,
  "rent": 0,
  "posX": -452.51287841797,
  "ExitX": 0,
  "ExitY": 0,
  "posY": 1449.7534179688,
  "type": 4,
  "EnterZ": 0,
  "name": "Japantown Armaments",
  "ExitZ": 0
}