{
  "EnterX": 0,
  "posZ": 7.8122329711914,
  "requirement": [ [] ],
  "Zrange": 10,
  "action": [],
  "range": 10,
  "coef": 0,
  "trigger": {
    "this": {
      "x": -1723.9125976563,
      "z": 21.850288391113,
      "range": 0,
      "y": -1243.5869140625,
      "helperTitle": "Player : At Position XY",
      "helper": "This trigger will be triggered when you are at this XY position (in the range)",
      "name": "position"
    }
  },
  "price": 0,
  "isbuyable": true,
  "tag": "Kabuki special 2",
  "isrentable": true,
  "rooms": [],
  "EnterY": 0,
  "rent": 0,
  "posX": -1208.2380371094,
  "ExitX": 0,
  "ExitY": 0,
  "posY": 2075.138671875,
  "type": 3,
  "EnterZ": 0,
  "name": "Kabuki Special 2",
  "ExitZ": 0
}