{
  "EnterX": 0,
  "posZ": 0.84267425537109,
  "requirement": [ [] ],
  "Zrange": 10,
  "action": [],
  "range": 10,
  "coef": 0,
  "trigger": {
    "this": {
      "x": -1723.9125976563,
      "z": 21.850288391113,
      "range": 0,
      "y": -1243.5869140625,
      "helperTitle": "Player : At Position XY",
      "helper": "This trigger will be triggered when you are at this XY position (in the range)",
      "name": "position"
    }
  },
  "price": 0,
  "isbuyable": false,
  "tag": "special 1",
  "isrentable": false,
  "rooms": [],
  "EnterY": 0,
  "rent": 0,
  "posX": -1916.8249511719,
  "ExitX": 0,
  "ExitY": 0,
  "posY": -1390.0905761719,
  "type": 4,
  "EnterZ": 0,
  "name": "Special Place",
  "ExitZ": 0
}