{
  "EnterX": 0,
  "posZ": 4.1625595092773,
  "requirement": [ [] ],
  "Zrange": 0,
  "action": [ {
    "helperTitle": "House : Buy the current house where player is",
    "name": "buyCurrentHouse",
    "helper": "This action will buy the custom place where you are if you have enough money and if it's buyable "
  } ],
  "range": 0,
  "coef": 1000,
  "trigger": {
    "trig1": {
      "helperTitle": "House : Current One can be buyed",
      "name": "place_canbe_buyed",
      "helper": "This trigger will be triggered when you are in an custom place that can be buyed"
    }
  },
  "price": 0,
  "isbuyable": true,
  "tag": "special",
  "isrentable": true,
  "rooms": [ {
    "range": 100,
    "posZ": 4.1625595092773,
    "tag": "rom",
    "tagprefix": "special_",
    "requirement": [ [] ],
    "parent": "rooms",
    "Zrange": 100,
    "trigger": {
      "buy1": {
        "helperTitle": "House : Current One can be buyed",
        "name": "place_canbe_buyed",
        "helper": "This trigger will be triggered when you are in an custom place that can be buyed"
      }
    },
    "posY": 71.253295898438,
    "type": [ 0, 1, 2 ],
    "action": [ {
      "name": "trigger_edit_housing_mode",
      "helperTitle": "House : Toggle House Mode",
      "helper": "This action will trigger housing mode",
      "value": false
    } ],
    "name": "room1",
    "posX": -2458.9033203125
  } ],
  "EnterY": 0,
  "rent": 0,
  "posX": -2458.9033203125,
  "ExitX": 0,
  "ExitY": 0,
  "posY": 71.253295898438,
  "type": 5,
  "EnterZ": 0,
  "name": "DownTown Special 01",
  "ExitZ": 0
}