{
  "EnterX": 0,
  "posZ": 11.028038024902,
  "requirement": [ [] ],
  "Zrange": 10,
  "action": [],
  "range": 10,
  "coef": 0,
  "trigger": {
    "this": {
      "x": -1723.9125976563,
      "z": 21.850288391113,
      "range": 0,
      "y": -1243.5869140625,
      "helperTitle": "Player : At Position XY",
      "helper": "This trigger will be triggered when you are at this XY position (in the range)",
      "name": "position"
    }
  },
  "price": 0,
  "isbuyable": false,
  "tag": "walk 3 ranchocoronado",
  "isrentable": false,
  "rooms": [],
  "EnterY": 0,
  "rent": 0,
  "posX": 481.1604309082,
  "ExitX": 0,
  "ExitY": 0,
  "posY": -1621.0925292969,
  "type": 3,
  "EnterZ": 0,
  "name": "Rancho Coronado Special 3",
  "ExitZ": 0
}