{
	"name": "TraumaTeam Init",
	"tag": "trauma_membership_ui",
	"way": "init",
	"trigger": {
		"nomember0":
		{
			"name": "compare",
			"trigger": {
				"name": "custom_condition",
				"value": "trauma_membership",
				"score": 0,
				"helper": "This trigger will be triggered when the custom score (value) have reach the score",
				"helperTitle": "Score : Custom Score"
			},
			"expected": false,
			"helper": "This trigger will be triggered when the trigger that you set have the same statut that you put in (expected)",
			"helperTitle": "Logic : Compare"
		},
		"nomember1":
		{
			"name": "compare",
			"trigger": {
				"name": "custom_condition",
				"value": "trauma_membership",
				"score": 1,
				"helper": "This trigger will be triggered when the custom score (value) have reach the score",
				"helperTitle": "Score : Custom Score"
			},
			"expected": false,
			"helper": "This trigger will be triggered when the trigger that you set have the same statut that you put in (expected)",
			"helperTitle": "Logic : Compare"
		},
		"nomember2":
		{
			"name": "compare",
			"trigger": {
				"name": "custom_condition",
				"value": "trauma_membership",
				"score": 2,
				"helper": "This trigger will be triggered when the custom score (value) have reach the score",
				"helperTitle": "Score : Custom Score"
			},
			"expected": false,
			"helper": "This trigger will be triggered when the trigger that you set have the same statut that you put in (expected)",
			"helperTitle": "Logic : Compare"
		},
		"nomember3":
		{
			"name": "compare",
			"trigger": {
				"name": "custom_condition",
				"value": "trauma_membership",
				"score": 3,
				"helper": "This trigger will be triggered when the custom score (value) have reach the score",
				"helperTitle": "Score : Custom Score"
			},
			"expected": false,
			"helper": "This trigger will be triggered when the trigger that you set have the same statut that you put in (expected)",
			"helperTitle": "Logic : Compare"
		}
	},
	"requirement": [
		[
			"nomember0","nomember1","nomember2","nomember3"
		]
	],
	"action": [
		{
					"name": "change_custom_score",
					"variable": "trauma_membership",
					"score": 0,
					"helper": "This action will change the value of an custom score",
					"helperTitle": "Score :  change the value of an custom score"
		},
		{
					"name": "change_custom_score",
					"variable": "traumamembership_in_progress",
					"score": 0,
					"helper": "This action will change the value of an custom score",
					"helperTitle": "Score :  change the value of an custom score"
		},
		
		{
        "name": "consolelog",
        "value": "TraumaMemberShip Init",
        "helper": "This action will display an log in CET log ",
        "helperTitle": "UI : CET log"
		}
	]
}