{
    "name": "TraumaTeam Event Plan 01 Outside",
    "tag": "trauma_membership_plan_01_outside",
    "way": "world",
    "trigger": {
        "membership": {
            "name": "custom_condition",
            "value": "trauma_membership",
            "score": 1,
            "helper": "This trigger will be triggered when the custom score (value) have reach the score",
            "helperTitle": "Score : Custom Score"
        },
        "inprogress": {
            "name": "custom_condition",
            "value": "traumamembership_in_progress",
            "score": 0,
            "helper": "This trigger will be triggered when the custom score (value) have reach the score",
            "helperTitle": "Score : Custom Score"
        },
        "health": {
            "name": "compare",
            "trigger": {
                "name": "statpool",
                "value": "Health",
                "score": 10,
                "perc": true,
                "helper": "This trigger will be triggered when your stat are equal or higher of the score",
                "helperTitle": "Stat : is Higher or equals to"
            },
            "expected": false,
            "helper": "This trigger will be triggered when the trigger that you set have the same statut that you put in (expected)",
            "helperTitle": "Logic : Compare"
        },
        "outside": {
            "name": "compare",
            "trigger": {
                "name": "player_inbuilding",
                "helper": "This trigger will be triggered when player is inside",
                "helperTitle": "Player : in Building"
            },
            "expected": false,
            "helper": "This trigger will be triggered when the trigger that you set have the same statut that you put in (expected)",
            "helperTitle": "Logic : Compare"
        }
    },
    "requirement": [
        [
            "membership", "health", "outside", "inprogress"
        ]
    ],
    "action": [
        {
            "name": "change_custom_score",
            "variable": "traumamembership_in_progress",
            "score": 1,
            "helper": "This action will change the value of an custom score",
            "helperTitle": "Score :  change the value of an custom score"
        },
        {
            "name": "phone_notification",
            "title": "TraumaTeam Membership",
            "desc": "TraumaTeam comes to help you in 20 second",
            "duration": 5,
            "helper": "This action will make display an phone message notification",
            "helperTitle": "UI : Phone Notification"
        },
        {
            "name": "change_zone",
            "value": "safe",
            "help": "safe/neutral/hostile",
            "helper": "This action will make change the state of the area you are in",
            "helperTitle": "Map : change the state of the area you are in"
        },
        {
            "name": "wait_second",
            "value": 20
        },
        {

            "name": "summon_entity_at_entity_relative",
            "entity": "player",

            "isAV": false,
            "npc": "Vehicle.av_militech_manticore",
            "z": 50,
            "y": 0,
            "x": 0,

            "amount": 1,
            "tag": "traumarescueAV",
            "spawnlevel": 98

        }, {
            "name": "teleport_player_at_relative_position",
            "x": 0,
            "y": 0,
            "z": 1.5,
            "rotation": 0

        },
        {
            "name": "wait_second",
            "value": 1
        }, {
            "name": "for",
            "amount": 245,
            "action": [{
                    "name": "teleport_entity_at_relative_position",
                    "x": 0,
                    "y": 0,
                    "z": -0.2,
                    "rotation": 1,
                    "tag": "traumarescueAV"
                }
            ]

        },
        {
            "name": "change_zone",
            "value": "safe",
            "help": "safe/neutral/hostile",
            "helper": "This action will make change the state of the area you are in",
            "helperTitle": "Map : change the state of the area you are in"
        }, {
            "name": "entity_set_seat",
            "tag": "player",
            "vehicle": "traumarescueAV",
            "seat": "seat_front_left"
        }, {
            "name": "change_custom_condition",
            "value": "av_cockpit",
            "score": 0,
            "helper": "This action will change the value of an custom score",
            "helperTitle": "Score :  change the value of an custom score"
        }, {
            "name": "wait_second",
            "value": 3
        }, {
            "name": "change_camera_position",
            "x": 0,
            "y": -12,
            "z": 2,
            "helper": "This action will change the position of the camera",
            "helperTitle": "UI : Change Camera Position"
        }, {
            "name": "wait_second",
            "value": 1
        }, {

            "name": "vehicule_autodrive_activate",
            "tag": "traumarescueAV",
            "speed": 5,
            "x": -1352,
            "y": 1790,
            "z": 120,
            "zfly": 650,
            "isAV": true,
            "helper": "This action will start autodrive of vehicule to the autodrive saved location",
            "helperTitle": "Vehicule : start Autodrive"
        }, {
            "name": "change_camera_position",
            "x": 0,
            "y": 0,
            "z": 0,
            "helper": "This action will change the position of the camera",
            "helperTitle": "UI : Change Camera Position"
        }, {
            "name": "wait_second",
            "value": 2
        }, {
            "name": "entity_unset_seat",
            "tag": "player",
            "vehicle": "traumarescueAV",
            "waitforsit": false,
            "seat": "seat_front_left",
            "help": "seat_front_right/seat_back_right/seat_back_left/seat_front_left",
            "helper": "This action will unset seat to an entity for an specific vehicule entity",
            "helperTitle": "Entity : Unset Seat"
        }, {
            "name": "change_custom_condition",
            "value": "av_cockpit",
            "score": 2,
            "helper": "This action will change the value of an custom score",
            "helperTitle": "Score :  change the value of an custom score"
        }, {
            "name": "wait_second",
            "value": 1
        }, {
            "name": "for",
            "amount": 245,
            "action": [{
                    "name": "teleport_entity_at_relative_position",
                    "x": 0,
                    "y": 0,
                    "z": 0.2,
                    "rotation": 1,
                    "tag": "traumarescueAV"
                }
            ]

        }, {
            "name": "wait_second",
            "value": 5
        }, {
            "name": "teleport_player",
            "x": -1361,
            "y": 1747,
            "z": 18,
            "helper": "This action will teleport the player to XYZ",
            "helperTitle": "Player : Teleport at position"
        },
        {
            "name": "despawn_entity",
            "tag": "traumarescueAV"
        }, {
            "name": "wait_second",
            "value": 60
        }, {
            "name": "change_custom_score",
            "variable": "traumamembership_in_progress",
            "score": 0,
            "helper": "This action will change the value of an custom score",
            "helperTitle": "Score :  change the value of an custom score"
        }
    ]
}
