{
    "name": "TraumaTeam Event Plan 01 Inside",
    "tag": "trauma_membership_plan_01_inside",
    "way": "world",
    "trigger": {
        "membership": {
            "name": "custom_condition",
            "value": "trauma_membership",
            "score": 1,
            "helper": "This trigger will be triggered when the custom score (value) have reach the score",
            "helperTitle": "Score : Custom Score"
        },
        "inprogress": {
            "name": "custom_condition",
            "value": "traumamembership_in_progress",
            "score": 0,
            "helper": "This trigger will be triggered when the custom score (value) have reach the score",
            "helperTitle": "Score : Custom Score"
        },
        "health": {
            "name": "compare",
            "trigger": {
                "name": "statpool",
                "value": "Health",
                "score": 20,
                "perc": true,
                "helper": "This trigger will be triggered when your stat are equal or higher of the score",
                "helperTitle": "Stat : is Higher or equals to"
            },
            "expected": false,
            "helper": "This trigger will be triggered when the trigger that you set have the same statut that you put in (expected)",
            "helperTitle": "Logic : Compare"
        },
        "inside": {
            "name": "player_inbuilding",
            "helper": "This trigger will be triggered when player is inside",
            "helperTitle": "Player : in Building"
        }
    },
    "requirement": [
        [
            "membership", "health", "inside", "inprogress"
        ]
    ],
    "action": [{
            "name": "change_custom_score",
            "variable": "traumamembership_in_progress",
            "score": 1,
            "helper": "This action will change the value of an custom score",
            "helperTitle": "Score :  change the value of an custom score"
        }, {
            "name": "phone_notification",
            "title": "TraumaTeam Membership",
            "desc": "TraumaTeam comes to help you in 20 second",
            "duration": 5,
            "helper": "This action will make display an phone message notification",
            "helperTitle": "UI : Phone Notification"
        }, {
            "name": "wait_second",
            "value": 20
        },
        {
            "name": "summon_entity_at_entity_relative",
            "npc": "Character.trauma_soldier_ranged2_dian_ma",
            "x": 7,
            "y": 0,
            "z": 0,
            "amount": 1,
            "tag": "traumaHelp01",
            "entity": "player",
            "spawnlevel": 36
        },
        {
            "name": "wait_second",
            "value": 1
        }, {
            "name": "attitude_entity_against_entity",
            "tag": "traumaHelp01",
            "entity": "player",
            "attitude": "companion",
            "help": "companion will work only for entity player",
            "helper": "This action will change attitude of an custom entity to another one",
            "helperTitle": "Entity : change attitude against another entity"
        }, {
            "name": "wait_for_trigger",
            "trigger": {
                "name": "stat",
                "value": "Health",
                "score": 25,
                "helper": "This trigger will be triggered when your stat are equal or higher of the score",
                "helperTitle": "Stat : is Higher or equals to"
            },
            "help": "Wait that trigger condition is valid",
            "helper": "This action will wait that the trigger is valid before do the next action ",
            "helperTitle": "Logic : Wait For Trigger"
        },
        {
            "name": "despawn_entity",
            "tag": "traumaHelp01",
            "helper": "This action will despawn an custom entity ",
            "helperTitle": "Entity : Despawn an entity"
        }, {
            "name": "change_custom_score",
            "variable": "traumamembership_in_progress",
            "score": 0,
            "helper": "This action will change the value of an custom score",
            "helperTitle": "Score :  change the value of an custom score"
        }
    ]
}
