{
  "desc": "CAR_PATROLLINGBDL_1",
  "locations": [ {
    "x": 1581.9155273438,
    "Tag": "CAR_PATROLLINGBDL_1",
    "inVehicule": true,
    "y": -758.27453613281,
    "subdistrict": "Badlands_RedPeaks",
    "z": 49.93879699707,
    "district": "district_badland"
  }, {
    "x": 1700.4189453125,
    "Tag": "CAR_PATROLLINGBDL_1",
    "inVehicule": true,
    "y": -739.96984863281,
    "subdistrict": "Badlands_RedPeaks",
    "z": 49.924591064453,
   "district": "district_badland"
  }, {
    "x": 1907.6376953125,
    "Tag": "CAR_PATROLLINGBDL_1",
    "inVehicule": true,
    "y": -604.29382324219,
    "subdistrict": "Badlands_RedPeaks",
    "z": 54.215667724609,
   "district": "district_badland"
  }, {
    "x": 1912.5189208984,
    "Tag": "CAR_PATROLLINGBDL_1",
    "inVehicule": true,
    "y": -774.70452880859,
    "subdistrict": "Badlands_RedPeaks",
    "z": 56.190788269043,
   "district": "district_badland"
  }, {
    "x": 1779.2481689453,
    "Tag": "CAR_PATROLLINGBDL_1",
    "inVehicule": true,
    "y": -814.2236328125,
    "subdistrict": "Badlands_RedPeaks",
    "z": 53.814308166504,
   "district": "district_badland"
  }, {
    "x": 1665.7144775391,
    "Tag": "CAR_PATROLLINGBDL_1",
    "inVehicule": true,
    "y": -1071.0360107422,
    "subdistrict": "Badlands_RedPeaks",
    "z": 57.20881652832,
   "district": "district_badland"
  }, {
    "x": 1384.6535644531,
    "Tag": "CAR_PATROLLINGBDL_1",
    "inVehicule": true,
    "y": -1160.849609375,
    "subdistrict": "Badlands_RedPeaks",
    "z": 47.784255981445,
   "district": "district_badland"
  }, {
    "x": 1339.9780273438,
    "Tag": "CAR_PATROLLINGBDL_1",
    "inVehicule": true,
    "y": -825.53253173828,
    "subdistrict": "Badlands_RedPeaks",
    "z": 44.907608032227,
   "district": "district_badland"
  }, {
    "x": 2221.2790527344,
    "Tag": "CAR_PATROLLINGBDL_1",
    "inVehicule": true,
    "y": -677.95874023438,
    "subdistrict": "Badlands_RedPeaks",
    "z": 62.535568237305,
   "district": "district_badland"
  }, {
    "x": 2390.0107421875,
    "Tag": "CAR_PATROLLINGBDL_1",
    "inVehicule": true,
    "y": -720.93383789063,
    "subdistrict": "Badlands_RedPeaks",
    "z": 67.060577392578,
   "district": "district_badland"
  }, {
    "x": 2937.2336425781,
    "Tag": "CAR_PATROLLINGBDL_1",
    "inVehicule": true,
    "y": -788.71472167969,
    "subdistrict": "Badlands_RedPeaks",
    "z": 85.611129760742,
   "district": "district_badland"
  }, {
    "x": 2976.759765625,
    "Tag": "CAR_PATROLLINGBDL_1",
    "inVehicule": true,
    "y": -567.15869140625,
    "subdistrict": "Badlands_RedPeaks",
    "z": 96.108596801758,
   "district": "district_badland"
  }, {
    "x": 2714.7915039063,
    "Tag": "CAR_PATROLLINGBDL_1",
    "inVehicule": true,
    "y": -595.62194824219,
    "subdistrict": "Badlands_RedPeaks",
    "z": 102.30268859863,
   "district": "district_badland"
  }, {
    "x": 3407.3918457031,
    "Tag": "CAR_PATROLLINGBDL_1",
    "inVehicule": true,
    "y": -846.28082275391,
    "subdistrict": "Badlands_RedPeaks",
    "z": 116.10925292969,
   "district": "district_badland"
  }, {
    "x": 3696.4467773438,
    "Tag": "CAR_PATROLLINGBDL_1",
    "inVehicule": true,
    "y": -521.96405029297,
    "subdistrict": "Badlands_RedPeaks",
    "z": 125.4242401123,
   "district": "district_badland"
  }, {
    "x": 3458.8161621094,
    "Tag": "CAR_PATROLLINGBDL_1",
    "inVehicule": true,
    "y": -67.628707885742,
    "subdistrict": "Badlands_RedPeaks",
    "z": 138.07768249512,
   "district": "district_badland"
  }, {
    "x": 3408.0808105469,
    "Tag": "CAR_PATROLLINGBDL_1",
    "inVehicule": true,
    "y": 27.434303283691,
    "subdistrict": "Badlands_RedPeaks",
    "z": 134.91619873047,
   "district": "district_badland"
  }, {
    "x": 3034.0500488281,
    "Tag": "CAR_PATROLLINGBDL_1",
    "inVehicule": true,
    "y": 268.95104980469,
    "subdistrict": "Badlands_RedPeaks",
    "z": 85.901351928711,
   "district": "district_badland"
  }, {
    "x": 2722.5776367188,
    "Tag": "CAR_PATROLLINGBDL_1",
    "inVehicule": true,
    "y": 92.414154052734,
    "subdistrict": "Badlands_RedPeaks",
    "z": 72.792388916016,
   "district": "district_badland"
  }, {
    "x": 2564.7419433594,
    "Tag": "CAR_PATROLLINGBDL_1",
    "inVehicule": true,
    "y": 256.30941772461,
    "subdistrict": "Badlands_RedPeaks",
    "z": 79.878433227539,
   "district": "district_badland"
  }, {
    "x": 2336.4448242188,
    "Tag": "CAR_PATROLLINGBDL_1",
    "inVehicule": true,
    "y": 352.04495239258,
    "subdistrict": "Badlands_RedPeaks",
    "z": 93.267852783203,
   "district": "district_badland"
  }, {
    "x": 2371.3947753906,
    "Tag": "CAR_PATROLLINGBDL_1",
    "inVehicule": true,
    "y": -233.82522583008,
    "subdistrict": "Badlands_RedPeaks",
    "z": 84.32405090332,
   "district": "district_badland"
  }, {
    "x": 2057.025390625,
    "Tag": "CAR_PATROLLINGBDL_1",
    "inVehicule": true,
    "y": -544.10638427734,
    "subdistrict": "Badlands_RedPeaks",
    "z": 60.196601867676,
   "district": "district_badland"
  } ],
  "tag": "CAR_PATROLLINGBDL_1",
  "isFor": 20
}