{
	"desc": "CAR_PATROLLINGAWF_1",
	"locations": [
		{
			"x": -2008.8621826172,
			"subdistrict": "ArasakaWaterfront",
			"inVehicule": true,
			"y": 1744.1036376953,
			"district": "Watson",
			"z": 15.000053405762,
			"Tag": "CAR_PATROLLINGAWF_1"
		},
		{
			"x": -2052.3757324219,
			"Tag": "",
			"inVehicule": true,
			"y": 1818.7150878906,
			"subdistrict": "ArasakaWaterfront",
			"z": 18,
			"district": "Watson"
		},
		{
			"x": -2170.47265625,
			"Tag": "",
			"inVehicule": true,
			"y": 1981.1468505859,
			"subdistrict": "ArasakaWaterfront",
			"z": 18.000106811523,
			"district": "Watson"
		},
		{
			"x": -2151.9172363281,
			"Tag": "",
			"inVehicule": true,
			"y": 2037.1546630859,
			"subdistrict": "ArasakaWaterfront",
			"z": 18.000022888184,
			"district": "Watson"
		},
		{
			"x": -1975.0186767578,
			"Tag": "",
			"inVehicule": true,
			"y": 2124.4475097656,
			"subdistrict": "ArasakaWaterfront",
			"z": 8.4978637695313,
			"district": "Watson"
		},
		{
			"x": -1879.0008544922,
			"Tag": "",
			"inVehicule": true,
			"y": 1918.2751464844,
			"subdistrict": "ArasakaWaterfront",
			"z": 18.020240783691,
			"district": "Watson"
		}
	],
	"isFor": 20,
	"tag": "CAR_PATROLLINGAWF_1"
}