{
	"desc": "CAR_PATROLLINGNS_3",
	"locations": [
		{
			"x": -1307.7045898438,
			"subdistrict": "Northside",
			"inVehicule": true,
			"y": 2860.5151367188,
			"district": "Watson",
			"z": 6.9869537353516,
			"Tag": "CAR_PATROLLINGNS_3"
		},
		{
			"x": -1378.5046386719,
			"Tag": "",
			"inVehicule": true,
			"y": 2870.5190429688,
			"subdistrict": "Northside",
			"z": 6.9869689941406,
			"district": "Watson"
		},
		{
			"x": -1460.8454589844,
			"Tag": "",
			"inVehicule": true,
			"y": 2922.8696289063,
			"subdistrict": "Northside",
			"z": 6.9869079589844,
			"district": "Watson"
		},
		{
			"x": -1496.4798583984,
			"Tag": "",
			"inVehicule": true,
			"y": 2588.8237304688,
			"subdistrict": "Northside",
			"z": 6.9869155883789,
			"district": "Watson"
		}
	],
	"isFor": 20,
	"tag": "CAR_PATROLLINGNS_3"
}