{
	"desc": "CAR_PATROLLINGSD_1",
	"locations": [
		{
			"x": -614.90026855469,
			"Tag": "CAR_PATROLLINGSD_1",
			"inVehicule": true,
			"y": -686.08972167969,
			"z": 7.275520324707,
			"subdistrict": "Arroyo",
			"district": "SantoDomingo"
		},
		{
			"x": -596.82012939453,
			"Tag": "",
			"inVehicule": true,
			"y": -725.435546875,
			"subdistrict": "Arroyo",
			"z": 8.6743087768555,
			"district": "SantoDomingo"
		},
		{
			"x": -519.73724365234,
			"Tag": "",
			"inVehicule": true,
			"y": -796.32781982422,
			"subdistrict": "Arroyo",
			"z": 7.2228698730469,
			"district": "SantoDomingo"
		},
		{
			"x": -596.47259521484,
			"Tag": "",
			"inVehicule": true,
			"y": -919.37329101563,
			"subdistrict": "Arroyo",
			"z": 7.2560577392578,
			"district": "SantoDomingo"
		},
		{
			"x": -470.99563598633,
			"Tag": "",
			"inVehicule": true,
			"y": -987.48321533203,
			"subdistrict": "Arroyo",
			"z": 7.1829833984375,
			"district": "SantoDomingo"
		},
		{
			"x": -277.41012573242,
			"Tag": "",
			"inVehicule": true,
			"y": -1128.3477783203,
			"subdistrict": "Arroyo",
			"z": 7.4126892089844,
			"district": "SantoDomingo"
		},
		{
			"x": -628.64709472656,
			"Tag": "",
			"inVehicule": true,
			"y": -881.78948974609,
			"subdistrict": "Arroyo",
			"z": 7.1806182861328,
			"district": "SantoDomingo"
		},
		{
			"x": -697.26989746094,
			"Tag": "",
			"inVehicule": true,
			"y": -815.00994873047,
			"subdistrict": "Arroyo",
			"z": 10.765014648438,
			"district": "SantoDomingo"
		},
		{
			"x": -719.11889648438,
			"Tag": "",
			"inVehicule": true,
			"y": -909.89544677734,
			"subdistrict": "Arroyo",
			"z": 7.5256805419922,
			"district": "SantoDomingo"
		},
		{
			"x": -823.44921875,
			"Tag": "",
			"inVehicule": true,
			"y": -981.50671386719,
			"subdistrict": "Arroyo",
			"z": 7.5835113525391,
			"district": "SantoDomingo"
		},
		{
			"x": -628.23901367188,
			"Tag": "",
			"inVehicule": true,
			"y": -1678.9610595703,
			"subdistrict": "Arroyo",
			"z": 7.8841247558594,
			"district": "SantoDomingo"
		},
		{
			"x": -670.60278320313,
			"Tag": "",
			"inVehicule": true,
			"y": -1745.9685058594,
			"subdistrict": "Arroyo",
			"z": 7.8563079833984,
			"district": "SantoDomingo"
		},
		{
			"x": -822.34954833984,
			"Tag": "",
			"inVehicule": true,
			"y": -1598.2302246094,
			"subdistrict": "Arroyo",
			"z": 7.856201171875,
			"district": "SantoDomingo"
		},
		{
			"x": -870.13720703125,
			"Tag": "",
			"inVehicule": true,
			"y": -1548.3243408203,
			"subdistrict": "Arroyo",
			"z": 7.9016418457031,
			"district": "SantoDomingo"
		},
		{
			"x": -904.38397216797,
			"Tag": "",
			"inVehicule": true,
			"y": -1374.6973876953,
			"subdistrict": "Arroyo",
			"z": 13.344909667969,
			"district": "SantoDomingo"
		},
		{
			"x": -959.13885498047,
			"Tag": "",
			"inVehicule": true,
			"y": -1226.3293457031,
			"subdistrict": "Arroyo",
			"z": 11.397285461426,
			"district": "SantoDomingo"
		},
		{
			"x": -908.36645507813,
			"Tag": "",
			"inVehicule": true,
			"y": -1105.5344238281,
			"subdistrict": "Arroyo",
			"z": 11.821365356445,
			"district": "SantoDomingo"
		},
		{
			"x": -701.26538085938,
			"Tag": "",
			"inVehicule": true,
			"y": -994.69329833984,
			"subdistrict": "Arroyo",
			"z": 7.314811706543,
			"district": "SantoDomingo"
		},
		{
			"x": 384.4030456543,
			"Tag": "",
			"inVehicule": true,
			"y": -841.67126464844,
			"subdistrict": "Arroyo",
			"z": 24.371070861816,
			"district": "SantoDomingo"
		},
		{
			"x": 347.68014526367,
			"Tag": "",
			"inVehicule": true,
			"y": -903.80059814453,
			"subdistrict": "Arroyo",
			"z": 24.371070861816,
			"district": "SantoDomingo"
		},
		{
			"x": 388.23614501953,
			"Tag": "",
			"inVehicule": true,
			"y": -957.48962402344,
			"subdistrict": "Arroyo",
			"z": 24.371025085449,
			"district": "SantoDomingo"
		},
		{
			"x": 433.53713989258,
			"Tag": "",
			"inVehicule": true,
			"y": -1018.9273071289,
			"subdistrict": "Arroyo",
			"z": 28.848709106445,
			"district": "SantoDomingo"
		},
		{
			"x": 375.84201049805,
			"Tag": "",
			"inVehicule": true,
			"y": -1109.2847900391,
			"subdistrict": "Arroyo",
			"z": 29.239036560059,
			"district": "SantoDomingo"
		},
		{
			"x": 479.10845947266,
			"Tag": "",
			"inVehicule": true,
			"y": -1176.46875,
			"subdistrict": "Arroyo",
			"z": 28.600105285645,
			"district": "SantoDomingo"
		},
		{
			"x": 597.82775878906,
			"Tag": "",
			"inVehicule": true,
			"y": -1262.4719238281,
			"subdistrict": "Arroyo",
			"z": 28.600059509277,
			"district": "SantoDomingo"
		},
		{
			"x": 603.85278320313,
			"Tag": "",
			"inVehicule": true,
			"y": -1493.3088378906,
			"subdistrict": "Arroyo",
			"z": 27.631523132324,
			"district": "SantoDomingo"
		},
		{
			"x": 525.28735351563,
			"Tag": "",
			"inVehicule": true,
			"y": -1445.3525390625,
			"subdistrict": "Arroyo",
			"z": 20.105659484863,
			"district": "SantoDomingo"
		},
		{
			"x": 371.40179443359,
			"Tag": "",
			"inVehicule": true,
			"y": -1349.2021484375,
			"subdistrict": "Arroyo",
			"z": 18.975982666016,
			"district": "SantoDomingo"
		},
		{
			"x": 324.35928344727,
			"Tag": "",
			"inVehicule": true,
			"y": -1431.0837402344,
			"subdistrict": "Arroyo",
			"z": 14.847625732422,
			"district": "SantoDomingo"
		},
		{
			"x": 256.06433105469,
			"Tag": "",
			"inVehicule": true,
			"y": -1396.6391601563,
			"subdistrict": "Arroyo",
			"z": 14.548133850098,
			"district": "SantoDomingo"
		},
		{
			"x": 188.1217956543,
			"Tag": "",
			"inVehicule": true,
			"y": -1467.2504882813,
			"subdistrict": "Arroyo",
			"z": 9.7627334594727,
			"district": "SantoDomingo"
		},
		{
			"x": 253.24839782715,
			"Tag": "",
			"inVehicule": true,
			"y": -1551.1746826172,
			"subdistrict": "Arroyo",
			"z": 8.8405151367188,
			"district": "SantoDomingo"
		},
		{
			"x": 409.3782043457,
			"Tag": "",
			"inVehicule": true,
			"y": -1637.2510986328,
			"subdistrict": "Arroyo",
			"z": 9.2798080444336,
			"district": "SantoDomingo"
		},
		{
			"x": 377.66488647461,
			"Tag": "",
			"inVehicule": true,
			"y": -1693.802734375,
			"subdistrict": "Arroyo",
			"z": 9.2799530029297,
			"district": "SantoDomingo"
		},
		{
			"x": 608.9072265625,
			"Tag": "",
			"inVehicule": true,
			"y": -1823.4201660156,
			"subdistrict": "Arroyo",
			"z": 28.689018249512,
			"district": "SantoDomingo"
		},
		{
			"x": 590.84020996094,
			"Tag": "",
			"inVehicule": true,
			"y": -1900.2121582031,
			"subdistrict": "Arroyo",
			"z": 29.067489624023,
			"district": "SantoDomingo"
		},
		{
			"x": 507.58926391602,
			"Tag": "",
			"inVehicule": true,
			"y": -2082.1494140625,
			"subdistrict": "Arroyo",
			"z": 20.417335510254,
			"district": "SantoDomingo"
		},
		{
			"x": 565.92059326172,
			"Tag": "",
			"inVehicule": true,
			"y": -2128.1228027344,
			"subdistrict": "Arroyo",
			"z": 29.157760620117,
			"district": "SantoDomingo"
		},
		{
			"x": 605.24377441406,
			"Tag": "",
			"inVehicule": true,
			"y": -2198.8332519531,
			"subdistrict": "Arroyo",
			"z": 36.482444763184,
			"district": "SantoDomingo"
		},
		{
			"x": 463.9714050293,
			"Tag": "",
			"inVehicule": true,
			"y": -2146.9245605469,
			"subdistrict": "Arroyo",
			"z": 14.748352050781,
			"district": "SantoDomingo"
		},
		{
			"x": 386.88275146484,
			"Tag": "",
			"inVehicule": true,
			"y": -2079.8054199219,
			"subdistrict": "Arroyo",
			"z": -0.0028076171875,
			"district": "SantoDomingo"
		},
		{
			"x": 235.89331054688,
			"Tag": "",
			"inVehicule": true,
			"y": -2084.7741699219,
			"subdistrict": "Arroyo",
			"z": 17.915786743164,
			"district": "SantoDomingo"
		},
		{
			"x": 130.35832214355,
			"Tag": "",
			"inVehicule": true,
			"y": -2153.1472167969,
			"subdistrict": "Arroyo",
			"z": 15.76342010498,
			"district": "SantoDomingo"
		},
		{
			"x": 47.771903991699,
			"Tag": "",
			"inVehicule": true,
			"y": -2054.1411132813,
			"subdistrict": "Arroyo",
			"z": 3.9912872314453,
			"district": "SantoDomingo"
		},
		{
			"x": -61.987014770508,
			"Tag": "",
			"inVehicule": true,
			"y": -2185.2451171875,
			"subdistrict": "Arroyo",
			"z": 6.2527389526367,
			"district": "SantoDomingo"
		},
		{
			"x": -138.90679931641,
			"Tag": "",
			"inVehicule": true,
			"y": -2031.3337402344,
			"subdistrict": "Arroyo",
			"z": 5.9589309692383,
			"district": "SantoDomingo"
		},
		{
			"x": -402.88418579102,
			"Tag": "",
			"inVehicule": true,
			"y": -2066.2797851563,
			"subdistrict": "Arroyo",
			"z": 6.0634460449219,
			"district": "SantoDomingo"
		},
		{
			"x": -531.75592041016,
			"Tag": "",
			"inVehicule": true,
			"y": -1965.3310546875,
			"subdistrict": "Arroyo",
			"z": 6.0690002441406,
			"district": "SantoDomingo"
		}
	],
	"tag": "CAR_PATROLLINGSD_1",
	"isFor": 20
}