{
	"desc": "CAR_PATROLLINGPAC_1",
	"locations": [
		{
			
			"x": -1850.9139404297,
			"Tag": "CAR_PATROLLINGPAC_1",
			"inVehicule": true,
			"y": -2049.1062011719,
			"subdistrict": "Coastview",
			"z": 42.614128112793,
			"district": "Pacifica"
		},
		{
			"x": -2171.9653320313,
			"Tag": "CAR_PATROLLINGPAC_1",
			"inVehicule": true,
			"y": -2062.4497070313,
			"subdistrict": "Coastview",
			"z": 11.786293029785,
			"district": "Pacifica"
		},
		{
			"x": -2214.1640625,
			"Tag": "CAR_PATROLLINGPAC_1",
			"inVehicule": true,
			"y": -2118.6926269531,
			"subdistrict": "Coastview",
			"z": 11.648056030273,
			"district": "Pacifica"
		},
		{
			"x": -2186.3161621094,
			"Tag": "CAR_PATROLLINGPAC_1",
			"inVehicule": true,
			"y": -2193.7319335938,
			"subdistrict": "Coastview",
			"z": 11.647872924805,
			"district": "Pacifica"
		},
		{
			"x": -2130.0222167969,
			"Tag": "CAR_PATROLLINGPAC_1",
			"inVehicule": true,
			"y": -2266.2939453125,
			"subdistrict": "Coastview",
			"z": 17.863182067871,
			"district": "Pacifica"
		},
		{
			"x": -2302.4736328125,
			"Tag": "CAR_PATROLLINGPAC_1",
			"inVehicule": true,
			"y": -2437.9812011719,
			"subdistrict": "Coastview",
			"z": 10.661514282227,
			"district": "Pacifica"
		},
		{
			"x": -2491.9689941406,
			"Tag": "CAR_PATROLLINGPAC_1",
			"inVehicule": true,
			"y": -2527.3703613281,
			"subdistrict": "Coastview",
			"z": 16.779220581055,
			"district": "Pacifica"
		},
		{
			"x": -2530.2963867188,
			"Tag": "CAR_PATROLLINGPAC_1",
			"inVehicule": true,
			"y": -2409.7541503906,
			"subdistrict": "Coastview",
			"z": 16.230506896973,
			"district": "Pacifica"
		},
		{
			"x": -2564.775390625,
			"Tag": "CAR_PATROLLINGPAC_1",
			"inVehicule": true,
			"y": -2502.806640625,
			"subdistrict": "Coastview",
			"z": 17.082489013672,
			"district": "Pacifica"
		},
		{
			"x": -2692.1296386719,
			"Tag": "CAR_PATROLLINGPAC_1",
			"inVehicule": true,
			"y": -2620.8579101563,
			"subdistrict": "Coastview",
			"z": 22.43285369873,
			"district": "Pacifica"
		},
		{
			"x": -2602.2202148438,
			"Tag": "CAR_PATROLLINGPAC_1",
			"inVehicule": true,
			"y": -2707.9057617188,
			"subdistrict": "Coastview",
			"z": 24.570960998535,
			"district": "Pacifica"
		},
		{
			"x": -2475.0563964844,
			"Tag": "CAR_PATROLLINGPAC_1",
			"inVehicule": true,
			"y": -2638.7463378906,
			"subdistrict": "Coastview",
			"z": 23.053771972656,
			"district": "Pacifica"
		},
		{
			"x": -2757.6171875,
			"Tag": "CAR_PATROLLINGPAC_1",
			"inVehicule": true,
			"y": -2435.126953125,
			"subdistrict": "Coastview",
			"z": 16.239303588867,
			"district": "Pacifica"
		},
		{
			"x": -2376.1296386719,
			"Tag": "CAR_PATROLLINGPAC_1",
			"inVehicule": true,
			"y": -2287.3544921875,
			"subdistrict": "Coastview",
			"z": 11.453765869141,
			"district": "Pacifica"
		}
	],
	"tag": "CAR_PATROLLINGPAC_1",
	"isFor": 20
}