{
    "action": [{
            "helper": "This action will create an group of entity ",
            "helperTitle": "Group : create an group",
            "name": "create_group",
            "tag": "psychos"
        }, {
            "helper": "This action will create an group of entity ",
            "helperTitle": "Group : create an group",
            "name": "create_group",
            "tag": "victims"
        }, {
            "ambush": true,
            "group": "psychos",
            "helper": "This action will summon an custom entity at XYZ ",
            "helperTitle": "Entity : Spawn an entity",
            "name": "summon_entity",
            "npc": "Character.ma_cct_dtn_03_cyberpsycho",
            "spawnlevel": 45,
            "tag": "R7",
            "x": -610.234,
            "y": -130.371,
            "z": 7.680
        }, {
			 "name": "wait_second",
            "value": 1
        }, {
            
            "ambush": true,
            "amount": 1,
            "entity": "R7",
            "name": "summon_entity_at_entity_relative",
            "npc": "Character.CitizenRichFemaleCasual",
            "spawnlevel": 10,
            "tag": "attackvictim",
            "x": 5,
            "y": 2,
            "z": 0
        }, {
            "name": "wait_second",
            "value": 1
        }, {
            "ambush": true,
            "amount": 1,
            "entity": "R7",
            "name": "summon_entity_at_entity_relative",
            "npc": "Character.CitizenRichFemaleCasual",
            "spawnlevel": 10,
            "tag": "attackvictim2",
            "x": -3,
            "y": 5,
            "z": 0
        }, {
             "name": "wait_second",
            "value": 1
        }, {
            "ambush": true,
            "amount": 1,
            "entity": "R7",
            "name": "summon_entity_at_entity_relative",
            "npc": "Character.CitizenRichFemaleCasual",
            "spawnlevel": 10,
            "tag": "attackvictim3",
            "x": -8,
            "y": -5,
            "z": 0
        }, {
            "name": "wait_second",
            "value": 1
        }, {
            "entity": "player",
            "helper": "This action will make the entity look at to another custom entity ",
            "helperTitle": "Entity : Look at another entity",
            "name": "look_at_entity_entity",
            "tag": "R7"
        }, {
            "name": "wait_second",
            "value": 0.5
        }, {
            "entities": ["attackvictim", "attackvictim2", "attackvictim3"],
            "name": "set_entity_to_group",
            "tag": "victims"
        }, {
            "attitude": "hostile",
            "entity": "player",
            "help": "companion will work only for entity player",
            "helper": "This action will change attitude of an custom entity to another one",
            "helperTitle": "Entity : change attitude against another entity",
            "name": "attitude_entity_against_entity",
            "tag": "R7"
        }, {
			 "name": "wait_second",
            "value": 0.5
        }, {
            "helper": "This action will play an voice for an custom entity ",
            "helperTitle": "Entity : Play game voice",
            "name": "play_group_voice",
            "tag": "victims",
            "voice": "fear_run"
        }, {
            "entity": "player",
            "move": "Sprint",
            "name": "move_group_at_entity_relative_position",
            "tag": "victims",
            "x": 0,
            "y": -10,
            "z": 0
        }, {
            "name": "wait_second",
            "value": 2
        }, {
            "helper": "This action will despawn entities of an group of entity ",
            "helperTitle": "Group : Despawn an group",
            "name": "despawn_group",
            "tag": "victims"
        }, {
            "helper": "This action will remove an group ",
            "helperTitle": "Group : Delete Group",
            "name": "remove_group",
            "tag": "victims"
        }, {
            "name": "wait_second",
            "value": 1
        }, {
            "name": "teleport_player_at_relative_position",
            "rotation": 1,
            "x": 0,
            "y": 0,
            "z": 0.3
        }, {
		
            "ambush": false,
            "amount": 1,
            "entity": "R7",
            "isAV": false,
            "name": "summon_entity_at_entity_relative",
            "npc": "Vehicle.av_militech_manticore",
            "spawnlevel": 98,
            "tag": "helicoTac",
            "x": -5,
            "y": -10,
            "z": 65
        }, {
            "name": "wait_second",
            "value": 2
        }, {
            "name": "nothing",
            "rotation": 1,
            "x": 0,
            "y": 0,
            "z": 0
        }, {
            "name": "nothing",
            "value": 0.001
        }, {
            "name": "teleport_entity_at_relative_position",
            "rotation": 1,
            "tag": "helicoTac",
            "x": 0,
            "y": 0,
            "z": -0.6
        }, {
            "action": [{
                    "name": "teleport_entity_at_relative_position",
                    "rotation": 1,
                    "tag": "helicoTac",
                    "x": 0,
                    "y": 0,
                    "z": -0.3
                }
            ],
            "amount": 210,
            "name": "for"
        }, {
            "name": "wait_second",
            "value": 0.5
        }, {
            "helper": "This action will change the state of doors (open/close/lock/unlock)",
            "helperTitle": "Vehicule : Change Doors State",
            "name": "vehicle_change_doors",
            "tag": "helicoTac",
            "value": "open"
        }, {
            "ambush": true,
            "amount": 1,
            "entity": "helicoTac",
            "name": "summon_entity_at_entity_relative",
            "npc": "Character.mq030_max_tac",
            "spawnlevel": 36,
            "tag": "max01",
            "x": 5,
            "y": 5,
            "z": -1
        }, {
            "ambush": true,
            "amount": 1,
            "entity": "helicoTac",
            "name": "summon_entity_at_entity_relative",
            "npc": "Character.mq030_max_tac",
            "spawnlevel": 36,
            "tag": "max02",
            "x": 6,
            "y": 5,
            "z": -1
        }, {
            "ambush": true,
            "amount": 1,
            "entity": "helicoTac",
            "name": "summon_entity_at_entity_relative",
            "npc": "Character.mq030_max_tac",
            "spawnlevel": 36,
            "tag": "max03",
            "x": 7,
            "y": 5,
            "z": -1
        }, {
            "ambush": true,
            "amount": 1,
            "entity": "helicoTac",
            "name": "summon_entity_at_entity_relative",
            "npc": "Character.mq030_max_tac",
            "spawnlevel": 36,
            "tag": "max04",
            "x": 8,
            "y": 5,
            "z": -1
        }, {
            "name": "wait_second",
            "value": 0.5
        }, {
            "name": "create_group",
            "tag": "maxtacsquad"
        }, {
            "entities": ["max01", "max02", "max03", "max04"],
            "name": "set_entity_to_group",
            "tag": "maxtacsquad"
        }, {
            "name": "wait_second",
            "value": 0.2
        }, {
            "name": "play_group_voice",
            "tag": "maxtacsquad",
            "voice": "danger"
        }, {}, {
            "name": "wait_second",
            "value": 0.2
        }, {
            "attitude": "hostile",
            "entity": "R7",
            "helper": "This action will change attitude from an group to an entity",
            "helperTitle": "Group : change attitude against another entity",
            "name": "attitude_group_against_entity",
            "tag": "maxtacsquad"
        }, {
            "name": "wait_second",
            "value": 0.2
        }, {
            "attitude": "companion",
            "entity": "player",
            "helper": "This action will change attitude from an group to an entity",
            "helperTitle": "Group : change attitude against another entity",
            "name": "attitude_group_against_entity",
            "tag": "maxtacsquad"
        }, {}, {
            "name": "wait_for_trigger",
            "trigger": {
                "logic": "or",
                "name": "testFor",
                "triggers": [{
                        "name": "killed_group",
                        "tag": "maxtacsquad"
                    }, {
                        "name": "killed_entity",
                        "tag": "R7"
                    }
                ]
            }
        }, {
            "else_action": [{
                    "name": "gang_affinity",
                    "score": 1,
                    "value": "faction_maxtac"
                }
            ],
            "if_action": [{
                    "name": "gang_affinity",
                    "score": -1,
                    "value": "faction_maxtac"
                }
            ],
            "name": "if",
            "trigger": {
                "name": "killed_group",
                "tag": "maxtacsquad"
            }
        }, {
            "name": "notify",
            "value": "Cyberpsycho Neutralized"
        }, {
            "name": "wait_second",
            "value": 1
        }, {
            "entity": "helicoTac",
            "name": "move_group_at_entity_relative_position",
            "rotation": 1,
            "tag": "maxtacsquad",
            "x": -5,
            "y": 0,
            "z": -2
        }, {
            "name": "wait_second",
            "value": 5
        }, {
            "helper": "This action will change the state of doors (open/close/lock/unlock)",
            "helperTitle": "Vehicule : Change Doors State",
            "name": "vehicle_change_doors",
            "tag": "helicoTac",
            "value": "close"
        }, {
            "name": "despawn_group",
            "tag": "psychos"
        }, {
            "name": "despawn_group",
            "tag": "maxtacsquad"
        }, {
            "name": "wait_second",
            "value": 1
        }, {
            "name": "remove_group",
            "tag": "psychos"
        }, {
            "name": "remove_group",
            "tag": "maxtacsquad"
        }, {
            "name": "wait_second",
            "value": 1
        }, {
            "name": "nothing",
            "value": 0.01
        }, {
            "name": "teleport_entity_at_relative_position",
            "rotation": 1,
            "tag": "helicoTac",
            "x": 0,
            "y": 0,
            "z": 0.3
        }, {
            "action": [{
                    "name": "teleport_entity_at_relative_position",
                    "rotation": 1,
                    "tag": "helicoTac",
                    "x": 0,
                    "y": 0,
                    "z": 0.3
                }
            ],
            "amount": 210,
            "name": "for"
        }, {
            "name": "despawn_entity",
            "tag": "helicoTac"
			
		
			
        }
    ],
    "name": "maxtac_psycho7",
    "tag": "maxtac_psycho7"
}
