{
	"title": "Claire's Race",
	"tag": "race_template",
	"content": "Do you think you can beat the street? That you burn the asphalt and be a racing legend? Ok so give it a try and prove to everyone that Night City is your playground.",
	"questtype": 5,
	"recommandedlevel": 12,
	"recurrent":true,
	"reset_action": [],
	"district": 59,

	"trigger_condition": {
		"You talking to Claire?": {
			"helper": "This trigger will be triggered when you talk with a specific NPC",
			"helperTitle": "NPC : who is talking",
			"name": "npc",
			"value": "fixer_claire",
			"value_help": "use value (write a number) for phone, Speak, or value (write an tag text) for fixer",
			"way": "fixer",
			"way_help": "phone/speak/fixer"
		}
	},
	"trigger_condition_requirement": [
		["You talking to Claire?"]
	],
	"trigger_action": [ 
	{
		"active": true,
		"helper": "This action will draw a map pin at XYZ, with an custom tag, an type of map pin, can be or not seeing through walls and can be or not active. You can group it into an map pin group",
		"helperTitle": "Map : Add an map pin",
		"mapgroup": "",
		"name": "new_map_point_fast_travel_random",
		"tag": "race_pointA",
		"typemap": "ExclamationMarkVariant",
		"wall": true,
		"title":"Claire's Race",
		"desc":"Go to the race"
	}, {
		"helper": "This action will  set in game time to HH:MM",
		"helperTitle": "Time : Set Time ",
		"hour": 20,
		"minute": 30,
		"name": "set_time"
	}, {
		"helper": "This action will lock objective and untrack it",
		"helperTitle": "Quest : lock objective ",
		"name": "lock_objective",
		"value": "wintherace"
	}
	],
	"objectives": [
	{
			"title": "Go to the race",
			"tag": "gototrace",
			"tagprefix": "race_template_",
			"trigger": {
				"position?": {
					"entity": "player",
					"helper": "This trigger will be triggered when an entity is at mappin position",
					"helperTitle": "Entity : Entity is at mappin position",
					"name": "entity_is_at_mappin_position",
					"range": 5,
					"tag": "race_pointA"
				}
			},
			"failaction": [],
			"index": 1,
			"isoptionnal": false,
			"parent": "objectives",
			"requirement": [
				["position?"]
			],
			"resume_action": [],
			"state": 2,
			"action": [
				{
					"active": true,
					"helper": "This action will draw a map pin at XYZ, with an custom tag, an type of map pin, can be or not seeing through walls and can be or not active. You can group it into an map pin group",
					"helperTitle": "Map : Add an map pin",
					"mapgroup": "",
					"name": "new_map_point_fast_travel_random",
					"tag": "race_pointB",
					"typemap": "ExclamationMarkVariant",
					"wall": true,
					"title":"Claire's Race",
					"desc":"Win the Race and Collect your Reward"
				},
				{
					"help": "Wait x second",
					"helper": "This action will wait x seconds before the next action",
					"helperTitle": "Logic : Wait X seconds",
					"name": "wait_second",
					"value": 0.2
				},
				{
					"ambush": true,
					"group": "",
					"helper": "This action will summon a custom entity at XYZ coordinate",
					"helperTitle": "Entity : Spawn an entity",
					"name": "summon_entity_at_mappin",
					"npc": "Vehicle.q000_kid_padre_car",
					"spawnlevel": 36,
					"tag": "racecar1",
					"mappin": "race_pointA"
				},
				{
					"help": "Wait x second",
					"helper": "This action will wait x seconds before the next action",
					"helperTitle": "Logic : Wait X seconds",
					"name": "wait_second",
					"value": 0.2
				}, {
					"ambush": true,
					"group": "",
					"helper": "This action will summon a custom entity at XYZ coordinate",
					"helperTitle": "Entity : Spawn an entity",
					"name": "summon_entity_at_mappin",
					"npc": "Character.sq024_pacifica_race_lizzie_female_racer",
					"spawnlevel": 36,
					"tag": "racecar2",
					"mappin": "race_pointB"
				},
				{
					"help": "Wait x second",
					"helper": "This action will wait x seconds before the next action",
					"helperTitle": "Logic : Wait X seconds",
					"name": "wait_second",
					"value": 1
				},
			
				{
					"attitude": "passive",
					"entity": "player",
					"help": "companion will work only for entity player",
					"helper": "This action will change the attitude of a custom entity towards another one",
					"helperTitle": "Entity : change attitude against another entity",
					"name": "attitude_entity_against_entity",
					"tag": "racecar2"
				},
				{
					"helper": "This action will delete an specific mapPin",
					"helperTitle": "Map : Delete Point",
					"name": "delete_map_point",
					"tag": "race_pointA"
				},
				{
					"help": "Wait x second",
					"helper": "This action will wait x seconds before the next action",
					"helperTitle": "Logic : Wait X seconds",
					"name": "wait_second",
					"value": 1
				},
				
				{
					"destination": "race_pointB",
					"greenlight": false,
					"helper": "This action will make the  vehicle drive to the expected fast travel point. you can find travel point markerred in quest_mod\\data\\db\\fasttravelmarkref",
					"helperTitle": "Vehicule : Go to Fast Travel Point",
					"name": "vehicle_go_to_fasttravel_point_from_mappin",
					"needdriver": false,
					"speed": 300,
					"usetraffic":false,
					"tag": "racecar1"
				}
				
			]
		},


		{
			
			
			
			"tag": "wintherace",
			"tagprefix": "race_template_",
			"title": "Win the Race and Collect your Reward",
			"index": 2,
			"isoptionnal": false,
			"parent": "objectives",
			"requirement": [
				["is marker placed?"]
			],
			"resume_action": [],
			"state": 2,
			"trigger": {
				"is marker placed?": {
					"entity": "player",
					"helper": "This trigger will be triggered when an entity is at mappin position",
					"helperTitle": "Entity : Entity is at mappin position",
					"name": "entity_is_at_mappin_position",
					"range": 5,
					"tag": "race_pointB"
				}
			},
			"failaction": [],
			"action": [{
					
					"name": "if",
					"trigger": {
						"name": "testFor",
						"triggers": [{
								"entity": "racecar1",
								"helper": "This trigger will be triggered when an entity is at mappin position",
								"helperTitle": "Entity : Entity is at mappin position",
								"name": "entity_is_at_mappin_position",
								"range": 5,
								"tag": "race_pointB"
							}
						
						],
						"logic": "or",
						"helper": "This trigger will be triggered when all of the trigger are triggered by the logic you choose.",
						"helperTitle": "Logic : Test For"
					},
					
					"if_action": [{
						"helper": "This action will make display an in game notification",
						"helperTitle": "UI : Notification",
						"name": "notify",
						"value": "YOU LOST !"
					}, {
						"helper": "This action will fail current mission",
						"helperTitle": "Quest : Fail Mission",
						"name": "fail_mission"
					}],
					
					"else_action": [{
						"helper": "This action will make display an in game message",
						"helperTitle": "UI : Message",
						"name": "simple_message",
						"value": "Race Complete!"
					}, {
						"helper": "This action will give X amount of money",
						"helperTitle": "Money : Give money",
						"name": "give_money",
						"value": 2000
					}]
					
				}
			
			]
		}

	],
	"end_action": [{
		"helper": "This action will set finish mission",
		"helperTitle": "Quest : Finish Mission",
		"name": "finish_mission",
		"value": "race_template"
	},
		{
					"name": "despawn_entity",
					"tag": "racecar1",
					"helper": "This action will despawn an custom entity ",
					"helperTitle": "Entity : Despawn an entity"
				},
				{
					"name": "despawn_entity",
					"tag": "racecar2",
					"helper": "This action will despawn an custom entity ",
					"helperTitle": "Entity : Despawn an entity"
				},
				{
					"helper": "This action will delete an specific mapPin",
					"helperTitle": "Map : Delete Point",
					"name": "delete_map_point",
					"tag": "race_pointB"
				}],
	"failure_action": []


}