{
	"name": "dnc_districtmanager",
	"tag": "dnc_districtmanager",
	"way": "ambush",
	"trigger": {
		"trigger03": {
			"name": "compare",
			"trigger": {
				"name": "player_inbuilding"
			},
			"expected": false
		},
		"noincar": {
			"name": "compare",
			"trigger": {
				"name": "in_car"
			},
			"expected": false
		},
		"trigger04": {
			"name": "quest_fact",
			"value": "q001_tt_put_girl_stretchers"
		},
		"trigger05": {
			"trigger": {
				"name": "current_district",
				"value": "Badlands"
			},
			"name": "compare",
			"expected": false
		}
	},
	"requirement": [
		[
			"trigger03",
			"noincar",
			"trigger05"
		]
	],
	"action": [{
		"name": "wait_for_trigger",
		"trigger": {
			"name": "time",
			"min": 100,
			"max": 2400
		}
	}, {
		"name": "if",
		"trigger": {
			"name": "current_district",
			"value": "Watson"
		},
		"if_action": [{
			"funcs": ["GangWar", "nothing","nothing","nothing", "GangFight", "kill_JPT_NS_SD_HEY", "maxtac010"],
			"name": "do_random_function",
			"parallele": true
		}],
		"else_action": [{
			"name": "nothing"
		}]
	}]
}