{
	"trigger": {
		"player": {
			"name": "entity_looked_is_registered_as_player",
			"helper": "This trigger will be triggered when item looked is registred as housing placed item",
			"helperTitle": "Mod : Object Looked is registred as Housing Placed Item"
		},
		"player_score": {
			"name": "looked_player_score",
			"value": "mp_hidenseek_type",
			"score": 0,
			"helper": "This trigger will be triggered when item looked is registred as housing placed item",
			"helperTitle": "Mod : Object Looked is registred as Housing Placed Item"
		},
		"your_type": {
			"name": "server_score",
			"value": "mp_hidenseek_type",
			"score": 1
		}
	},
	"tag": "hide_n_seek",
	"way": "world",
	"action": [
	{
		"name": "send_action_to_user",
		"tag": "lookat",
		"action": [{
			"name": "edit_server_score_user",
			"score": "mp_hidenseek_type",
			"value": -1

		},
		{
		"name":"notify",
		"value":"You have been founded !"
		}
	]
	},
	{
		"name":"notify",
		"value":"Hider founded !"
	}
	
	],
	"name": "hide_n_seek",
	"requirement": [
		["player", "player_score", "your_type"]
	]
}