{
	"name": "Grab selected item",
	"tag": "grab_select_item",
	"timer": 0,
	"sorttag": "place_main",
	"display":"place_main",
	"trigger": {
		"item":{
			"name": "have_selected_item_can_be_grabbed",
			"helper": "This trigger will be triggered when item looked is registred as housing placed item",
			"helperTitle": "Mod : Object Looked is registred as Housing Placed Item"
		}
	},
	"requirement": [
		[
			"item"
		]
	],
	"action": [
		{
			"name": "grab_select_item"
		}
	]
}