{
	"name": "Move to player",
	"tag": "housing_move_to_player",
	"timer": 0,
	"sorttag": "place_main",
	"display":"place_main",
	"trigger": {
		"item":{
			"name": "have_selected_item",
			"helper": "This trigger will be triggered when item looked is registred as housing placed item",
			"helperTitle": "Mod : Object Looked is registred as Housing Placed Item"
		}
	},
	"requirement": [
		[
			"item"
		]
	],
	"action": [
		{
			"name": "move_select_item_to_player_position"
		}
	]
}