{
	"name": "Y+",
	"tag": "housing_move_to_y+",
	"timer": 0,
	"sorttag": "place_main",
	"display":"place_main",
	"trigger": {
		"item":
		{
			"name": "compare",
			"trigger": {
				"name": "have_selected_item_can_be_grabbed"
			},
			"expected": false,
			"helper": "This trigger will be triggered when the trigger that you set have the same statut that you put in (expected)",
			"helperTitle": "Logic : Compare"
		},
		"item2":
		{
			"name": "have_selected_item"
		}
	},
	"requirement": [
		[
			"item","item2"
		]
	],
	"action": [
		{
			"name": "move_selected_item_Y",
			"value": 0.05
		}
	]
}