{
	"name": "Heal with Bounce MK.3",
	"tag": "health_bounce_3",
	"timer": 0,
	"sorttag": "mulit_interact",
	"display":"event_interact",
	"trigger": {
		"player":{
			"name": "entity_looked_is_registered_as_player",
			"helper": "This trigger will be triggered when item looked is registred as housing placed item",
			"helperTitle": "Mod : Object Looked is registred as Housing Placed Item"
		},
		"item":{
		
			"name": "item_amount",
			"value":"Items.BonesMcCoy70V2",
			"score":1
		}
	},
	"requirement": [
		[
		"item","player"
		]
	],
	"action": [
		{
			"name": "send_action_to_user",
			"tag":"donk7413",
			"action":[
				{
					"name": "add_stat_perc",
					"value":"Health",
					"score":30
				},
				{
					"name": "notify",
					"value":"You have been healed by another player"
					
				}
				
				
				]
		},
		{
		"name":"remove_item",
		"value":"Items.BonesMcCoy70V2",
		"amount":1
		}
	]
}