[ {
  "Desc": "Hey Merc, I Wouldn't be here If I were you. ",
  "trigger": {
    "auto": {
      "helperTitle": "Auto",
      "name": "auto",
      "helper": "This trigger will be triggered without need anything (default)"
    }
  },
  "Tag": "blockdialog1",
  "requirement": [ [ "auto" ] ],
  "options": [ {
    "requirement": [ [ "auto" ] ],
    "trigger": {
      "auto": {
        "helperTitle": "Auto",
        "name": "auto",
        "helper": "This trigger will be triggered without need anything (default)"
      }
    },
    "action": [ {
      "dialog": "blockdialog2",
      "helperTitle": "Dialog : run a dialog",
      "name": "dialog",
      "helper": "This action will fire a dialog if the trigger requirements are met"
    } ],
    "Description": "Oh really? why Wouldn't I be here? What If I have somewhere to be?"
  }, {
    "requirement": [ [ "auto"] ],
    "trigger": {
      "auto": {
        "helperTitle": "Auto",
        "name": "auto",
        "helper": "This trigger will be triggered without need anything (default)"
      }
    },
    "action": [ {
      "value": false,
      "window": "Interact",
      "helperTitle": "Dialog : open||close a specific dialog window ",
      "helper": "This action will open||close a specific dialog window",
      "name": "change_dialog_windows"
    }, { 
      "attitude": "hostile",
      "tag": "goonsquad",
      "entity": "player",
      "helperTitle": "Group : change attitude against another entity",
      "name": "attitude_group_against_entity",
      "helper": "This action will change attitude from a group to a entity(friendly||hostile||companion||passive||psycho)"
    } ],
    "Description": "AH! Don't have time to answer.Get the fuck out the way. "
  }, {
    "requirement": [ [ "auto" ] ],
    "trigger": {
      "auto": {
        "helperTitle": "Auto",
        "name": "auto",
        "helper": "This trigger will be triggered without need anything (default)"
      }
    },
    "action": [ {
      "attitude": "passive",
      "tag": "goonsquad",
      "entity": "player",
      "helperTitle": "Group : change attitude against another entity",
      "name": "attitude_group_against_entity",
      "helper": "This action will change attitude from a group to a entity(friendly||hostile||companion||passive||psycho)"
    } ],
    "Description": "Fuck it, I don't wanna deal with this, I'll go the other way, This time. "
  } ],
  "havequitoption": false,
  "speaker": {
    "way": "interact",
    "value": "Gang Member"
  }
} ]