[

	{
        "Desc": "What do you want to talk about ?",
        "speaker": {
			"value": "any",
            "way": "interact"
        },

        "Tag": "relationship_01",

		"trigger": {
                    "auto": {
                        "name": "auto"
                    }
		},
		"requirement": [["auto"]],

        "options": [
		
		{
                "Description": "How are you ?",
                "action": [
				
				{
					"name": "random_subtitle",
					"title": [
						"Nothin' much. Recently, I was very busy with tasks, What about you?",
						"I'm good. What about you ? Work is fine ?",
						"I'm ok. Some personal business still annoying me but it's fine. What about you ?"
					],
					"type": 1,
					"target": "player",
					"speaker": "current_star",
					"duration": 3,
					"helper": "This action will fire an random subtitle, it act live wait for second",
					"helperTitle": "Dialog : run random subtitle"
				},
				{
					"name": "random_subtitle",
					"title": [
						"I'm fine. Just did a Gig.",
						"I'm good. What about you ? Work is fine ?",
						"I'm ok. Some personal business still annoying me but it's fine. What about you ?"
					],
					"type": 1,
					"target": "player",
					"speaker": "current_star",
					"duration": 3,
					"helper": "This action will fire an random subtitle, it act live wait for second",
					"helperTitle": "Dialog : run random subtitle"
				},
				
				{
					"name": "random_subtitle",
					"title": [
						"Glad to hear. I'm ok too. Want take an beer ? ",
						"I'm good too. I was thinking about getting a beer, What about you ?",
						"I'm alright. A beer will be enough for me."
					],
					"type": 1,
					"target": "player",
					"speaker": "V",
					"duration": 3,
					"helper": "This action will fire an random subtitle, it act live wait for second",
					"helperTitle": "Dialog : run random subtitle"
				},
				
				
				
				
				{
					"name": "random_subtitle",
					"title": [
						"Sure, It's a good idea. ",
						"You read my mind, didn't ya ? Let's drink!",
						"Yes, I completetly agree."
					],
					"type": 1,
					"target": "player",
					"speaker": "current_star",
					"duration": 3,
					"helper": "This action will fire an random subtitle, it act live wait for second",
					"helperTitle": "Dialog : run random subtitle"
				}

                ],
                  "trigger": {
                    "auto": {
                        "name": "auto"
                    }
                },
                "requirement": [["auto"]]
		}
        ]
    }
	
]
