	{
		"name": "NC_Citizen_Locco_4",
		"tag": "NC_Citizen_Locco_4",
		"triggers": {
			"auto": {
				"name": "time",
				"min": 1900,
				"max": 2400
			}

		},
		"requirement": [
			["auto"]
		],
		"tweakDB": "Character.DefaultNCResidentFemale",
		"appeareance": "",
		"repeat_routine": false,
		"auto_despawn": false,
		"useBetaSpawn": true,

		"routineaction": [{


				"name": "move_entity_at_position",
				"tag": "NC_Citizen_Locco_4",
				"x": -1523.894,
				"y": -1102.617,
				"z": 9.135,
				"move": "Walk"
			},
			{
				"name": "wait_second",
				"value": 31
			}, {
				"name": "wait_for_trigger",
				"trigger": {
					"name": "position",
					"x": -1516.374,
					"y": -1096.822,
				
					"range": 5
				}
			}, {
				"name": "random_npc_chat",
				"title": [
					"I need something hard and fast hitting",
					"Tender's Choice!",
					"Do you take Saka-Pay?",
					"Need something to get the edge off. Alot off",
					"Can't believe that stupid bitch dumped me.",
					"Need to lose myself in these drinks",
					"What's your strongest stuff?",
					"I hope you can make a Jackie Welles",
					"Y'all got Ab-synth and Armagnac?",
					"I'm dying for some La Perle",
					"Need some of that Baalbek Arak, you have on that shelf",
					"I need some Abydos Classic in my system, Right now",
					"What do you mean you don't serve the 'Silverhand Special' Here?!",
					"You guys sell the Bolshevik Vodka?",
					"How's the competition between you guys and Coyote?"
				],
				"type": 1,
				"target": "lookat",
				"speaker": "lookat",
				"duration": 6
			
		
			}

		],
		"spawnaction": [{


		}],



		"despawnaction": [


		],
		"location": {

			"x": -1503.300,
			"y": -1111.124,
			"z": 9.137,
			"radius": 45

		}




	}