	{
		"name": "NC_Citizen_CorpoBar_2",
		"tag": "NC_Citizen_CorpoBar_2",
		"triggers": {
			"auto": {
				"name": "time",
				"min": 1500,
				"max": 1700
			}

		},
		"requirement": [
			["auto"]
		],
		"tweakDB": "Character.CorpoWomanAfterWork",
		"appeareance": "",
		"repeat_routine": false,
		"auto_despawn": false,
		"useBetaSpawn": true,

		"routineaction": [{


				"name": "move_entity_at_position",
				"tag": "NC_Citizen_CorpoBar_2",
				"x": -1522.919,
				"y": -325.727,
				"z": -4.512,
				"move": "Walk"
			},
			{
				"name": "wait_second",
				"value": 21
			}, {
				"name": "wait_for_trigger",
				"trigger": {
					"name": "position",
					"x": -1528.359,
					"y": -324.152,
				
					"range": 5
				}
			}, {
				"name": "random_npc_chat",
				"title": [
					"Stupid fuckin' meeting!",
					"Need something to get the edge off. Alot off",
					"Can't believe that stupid Fuck dumped me.",
					"Need to lose myself in these drinks",
					"Can't believe that  Fat Fuck Fired me!",
					"Fuck this world, today!",
					"I need some liquid Spice",
					"All men are trash!",
					"What the fuck is in this?",
					"Get me some hard shit!",
					"I need a goddamn Whiskey!",
					"Need some Sake in This Bitch",
					"Getting called a Cunt today felt pretty Empowering",
					"Fired a fucking loser today, Celebrating on it",
					"Gimme your 'off the menu' items",
					"What's your strongest stuff?",
					"I'm dying for some 21st Stout",
					"Need some of that Baalbek Arak, you have on that shelf",
					"I need some Sake Utagawa in my system, Right now",
					"Get me a goddamn O'Dickin Whiskey, Right fucking now!"
				],
				"type": 1,
				"target": "lookat",
				"speaker": "lookat",
				"duration": 6
			
		
			}

		],
		"spawnaction": [{


		}],



		"despawnaction": [


		],
		"location": {

			"x": -1565.719,
			"y": -299.055,
			"z": -4.530,
			"radius": 45

		}




	}