	{
		"name": "NC_recordshop1",
		"tag": "NC_recordshop1",
		"triggers": {
			"auto": {
				"name": "time",
				"min": 900,
				"max": 1500
			}

		},
		"requirement": [
			["auto"]
		],
		"tweakDB": "Character.CitizenRichFemale",
		"appeareance": "",
		"repeat_routine": false,
		"auto_despawn": false,
		"useBetaSpawn": true,

		"routineaction": [{


				"name": "move_entity_at_position",
				"tag": "NC_Citizen_HEY_1",
				"x": -1849.378,
				"y": -587.508,
				"z": 7.605,
				"move": "Walk"
			},
			{
				"name": "wait_second",
				"value": 10
			}, {
				
				"name": "random_npc_chat",
				"title": [
					"Hey i'm lookin for a specific string set",
					"Oh wow Pacific Heat is new",
					"ah the old days."
				],
				"type": 1,
				"target": "lookat",
				"speaker": "lookat",
				"duration": 4
			
		
			}

		],
		"spawnaction": [{


		}],



		"despawnaction": [


		],
		"location": {

			"x": -1842.164,
			"y": -586.377,
			"z": 7.605,
			"radius": 45

		}




	}