{
	"title":"HideNSeek",
	"tag":"hidenseek_ui",
	"width":500,
	"heigh":500,
	"x":200,
	"y":200,
	
	"controls":
	[	
		
		
		
		
		
		
		
		{	
			"type":"label",
			"tag":"myscoreNo_label",
			"margin":{
				"left":640
			},
			"style":{
				"fontsize":50
			},
			"trigger":
			{
				"auto":
				{
					"name": "auto"
				}
				
			},
			"requirement":[["auto"]],
			"value":
			{
				"type":"text",
				"value":"Your role : "
			}
		},
		
		{	
			"type":"label",
			"tag":"myscoreNo_label_c",
			"margin":{
				"left":840
			},
			"style":{
				"fontsize":50
			},
			"trigger":
			{
				"auto":
				{
					"name": "server_score",
					"value":"mp_hidenseek_type",
					"score":0
				}
				
			},
			"requirement":[["auto"]],
			"value":
			{
				"type":"text",
				"value":"Hider"
			}
		},
		
		{	
			"type":"label",
			"tag":"myscoreNo_label_j",
			"margin":{
				"left":840
			},
			"style":{
				"fontsize":50
			},
			"trigger":
			{
				"auto":
				{
					"name": "server_score",
					"value":"mp_hidenseek_type",
					"score":1
				}
				
			},
			"requirement":[["auto"]],
			"value":
			{
				"type":"text",
				"value":"Seeker"
			}
		},
		
		
		
		
		
		
		
		{	
			"type":"button",
			"title":"Be an Hider",
			"tag":"btn_001",
			"width":800,
			"margin":{
				"top":400,
				"left":750
			},
			"style":{
				"fontsize":35,
				"width":600,
				"height":100
			},
			"trigger":
			{
				
				"auto":
				{
					"name": "auto"
				}
				
				
			},
			"requirement":[["auto"]],
			"action":
			[	
				{
					"name":"edit_server_score_user",
					"score":"mp_hidenseek_type",
					"value":0
					
				},
				{
					"name":"close_interface"
					
				},
				{
					"name":"notify",
					"tag":"You are an Hider !"
					
				}
			]
		},
		
		
		{	
			"type":"button",
			"title":"Be an seeker",
			"tag":"btn_001",
			"width":800,
			"margin":{
				"top":400,
				"left":1550
			},
			"style":{
				"fontsize":35,
				"width":600,
				"height":100
			},
			"trigger":
			{
				
				"auto":
				{
					"name": "auto"
				}
				
				
			},
			"requirement":[["auto"]],
			"action":
			[	
				{
					"name":"edit_server_score_user",
					"score":"mp_hidenseek_type",
					"value":1
					
				},
				{
					"name":"close_interface"
					
				},
				{
					"name":"notify",
					"tag":"You are an seeker !"
					
				}
			]
		}
		
	]
}
	
