{
	"name": "6thstreetgang2_WEL",
	"tag": "6thstreetgang2_WEL",
	"triggers": {
		"auto": {
			"name": "auto"
		}

	},
	"requirement": [
		["auto"]
	],
	"tweakDB": "Character.sts_wbr_hil_06_6th_street_marksman_ma",
	"appeareance": "",
	"repeat_routine": true,
	"auto_despawn": true,
	"useBetaSpawn": false,

	"routineaction": [{
			"name": "move_entity_at_relative_position",
			"tag": "this",
			"x": 0,
			"y": 0,
			"z": 0,
			"move": "Stand",
			"helper": "This action will move an custom entity to XYZ from her relative position",
			"helperTitle": "Entity : Move to relative position"
		},
		{
			"name": "wait_second",
			"value": 15

		}

	],
	"spawnaction": [{
			
		
		"name": "wait_for_trigger",
			"trigger": {
				"name": "testFor",
				"triggers": [{
						"name": "compare",
						"trigger": {
							"name": "entity_in_faction",
							"tag": "6thstreetgang2_WEL",
							"faction": "faction_sixthstreet"
						},
						"expected": true
					},
					{
						"name": "compare",
						"trigger": {
							"name": "entity_in_faction",
							"tag": "6thstreetgang2_WEL",
							"faction": "faction_sixthstreet"
						},
						"expected": false
					}, {
						"name": "compare",
						"trigger": {
							"name": "entity_looked_is_gangfriendly"
						},
						"expected": false

					}
				],
				"logic": "or"
			}

		}, {


			"name": "wait_for_trigger",
			"trigger": {
				"name": "testFor",
				"triggers": [{
						"name": "compare",
						"trigger": {
							"name": "player_current_gang",
							"value": "faction_sixthstreet"
						},
						"expected": true
					},
					{
						"name": "compare",
						"trigger": {
							"name": "player_current_gang",
							"value": "faction_sixthstreet"
						},
						"expected": false

					}
				],
				"logic": "or"
			}

		},
		{
			"name": "if",
			"trigger": {
				"name": "player_current_gang",
				"value": "faction_sixthstreet"
			},
			"if_action": [{
					"name": "attitude_entity_against_entity",
					"tag": "6thstreetgang2_WEL",
					"entity": "player",
					"attitude": "friendly"
				},
				{
					"name": "play_entity_voice",
					"tag": "6thstreetgang2_WEL",
					"voice": "greeting"
				}
			],
			"else_action": [{
					"name": "attitude_entity_against_entity",
					"tag": "6thstreetgang2_WEL",
					"entity": "player",
					"attitude": "passive"
				},
				{
					"name": "play_entity_voice",
					"tag": "6thstreetgang2_WEL",
					"voice": "danger"
				}
			]
			}, {
			"name": "wait_second",
			"value": 3
		},
		{
			"name": "if",
			"trigger": {
				"name": "check_gang_relation",
				"tag": "player",
				"target": "faction_sixthstreet",
				"mode": "gang",
				"operator": "=",
				"score": -10
			},
			"if_action": [{
				"name": "attitude_entity_against_entity",
				"tag": "6thstreetgang2_WEL",
				"entity": "player",
				"attitude": "hostile"

			}],
			"else_action": [{

			}]
		}

	],
	"despawnaction": [


	],
	"location": {

		"x": -2398.388,
		"y": -274.942,
		"z": 14.194,
		"radius": 30

	}




}