{
	"name": "6thstreetgang4_WEL",
	"tag": "6thstreetgang4_WEL",
	"triggers": {
		"auto": {
			"name": "auto"
		}

	},
	"requirement": [
		["auto"]
	],
	"tweakDB": "Character.mq008_6th_street_female",
	"appeareance": "",
	"repeat_routine": true,
	"auto_despawn": true,
	"useBetaSpawn": false,

	"routineaction": [{
			"name": "move_entity_at_relative_position",
			"tag": "this",
			"x": 0,
			"y": 0,
			"z": 0,
			"move": "Stand",
			"helper": "This action will move an custom entity to XYZ from her relative position",
			"helperTitle": "Entity : Move to relative position"
		},
		{
			"name": "wait_second",
			"value": 15

		}

	],
	"spawnaction": [{

			"name": "look_at_entity_entity",
			"tag": "Valgang3_WEL2",
			"entity": "6thstreetgang4_WEL"

		}, {
			"name": "wait_second",
			"value": 1

		}, {
			"name": "attitude_entity_against_entity",
			"tag": "6thstreetgang4_WEL",
			"entity": "Valgang3_WEL2",
			"attitude": "hostile"
		}


	],
	"despawnaction": [


	],
	"location": {

		"x": -2171.083,
		"y": -432.767,
		"z": 7.450,
		"radius": 80

	}




}