{
	"name": "6thstreetgang2_RC",
	"tag": "6thstreetgan2_RC",
	"triggers": {
		"auto": {
			"name": "auto"
		}

	},
	"requirement": [
		["auto"]
	],
	"tweakDB": "Character.sts_hey_gle_06_6th_street_long",
	"appeareance": "",
	"repeat_routine": true,
	"auto_despawn": true,
	"useBetaSpawn": false,

	"routineaction": [{
			"name": "move_entity_at_relative_position",
			"tag": "this",
			"x": 0,
			"y": 0,
			"z": 0,
			"move": "Stand",
			"helper": "This action will move an custom entity to XYZ from her relative position",
			"helperTitle": "Entity : Move to relative position"
		},
		{
			"name": "wait_second",
			"value": 15

		}

	],
	"spawnaction": [{
		
		"name": "wait_for_trigger",
			"trigger": {
				"name": "testFor",
				"triggers": [{
						"name": "compare",
						"trigger": {
							"name": "entity_in_faction",
							"tag": "6thstreetgan2_RC",
							"faction": "faction_sixthstreet"
						},
						"expected": true
					},
					{
						"name": "compare",
						"trigger": {
							"name": "entity_in_faction",
							"tag": "6thstreetgan2_RC",
							"faction": "faction_sixthstreet"
						},
						"expected": false
					}, {
						"name": "compare",
						"trigger": {
							"name": "entity_looked_is_gangfriendly"
						},
						"expected": false

					}
				],
				"logic": "or"
			}

		}, {


			"name": "wait_for_trigger",
			"trigger": {
				"name": "testFor",
				"triggers": [{
						"name": "compare",
						"trigger": {
							"name": "player_current_gang",
							"value": "faction_sixthstreet"
						},
						"expected": true
					},
					{
						"name": "compare",
						"trigger": {
							"name": "player_current_gang",
							"value": "faction_sixthstreet"
						},
						"expected": false

					}
				],
				"logic": "or"
			}

		},
		{
			"name": "if",
			"trigger": {
				"name": "player_current_gang",
				"value": "faction_sixthstreet"
			},
			"if_action": [{
					"name": "attitude_entity_against_entity",
					"tag": "6thstreetgan2_RC",
					"entity": "player",
					"attitude": "friendly"
				},
				{
					"name": "play_entity_voice",
					"tag": "6thstreetgan2_RC",
					"voice": "greeting"
				}
			],
			"else_action": [{
					"name": "attitude_entity_against_entity",
					"tag": "6thstreetgan2_RC",
					"entity": "player",
					"attitude": "passive"
				},
				{
					"name": "play_entity_voice",
					"tag": "6thstreetgan2_RC",
					"voice": "danger"
				}
			]
		}

	],
	"despawnaction": [


	],
	"location": {

		"x": 357.326,
		"y": -1387.473,
		"z": 14.981,
		"radius": 45

	}




}