{
	"name": "moxgang7_KAB",
	"tag": "moxgang7_KAB",
	"triggers": {
		"auto": {
			"name": "time",
			"min": 900,
			"max": 1300
		}

	},
	"requirement": [
		["auto"]
	],
	"tweakDB": "Character.the_mox_elite3_fmelee3_mantis_wa_elite",
	"appeareance": "",
	"repeat_routine": true,
	"auto_despawn": false,
	"useBetaSpawn": false,

	"routineaction": [{
			"name": "move_entity_at_relative_position",
			"tag": "this",
			"x": 0,
			"y": 0,
			"z": 0,
			"move": "Stand",
			"helper": "This action will move an custom entity to XYZ from her relative position",
			"helperTitle": "Entity : Move to relative position"
		},
		{
			"name": "wait_second",
			"value": 15

		}

	],
	"spawnaction": [{
	"name": "wait_for_trigger",
			"trigger": {
				"name": "testFor",
				"triggers": [{
						"name": "compare",
						"trigger": {
							"name": "player_current_gang",
							"value": "faction_mox"
						},
						"expected": true
					},
					{
						"name": "compare",
						"trigger": {
							"name": "player_current_gang",
							"value": "faction_mox"
						},
						"expected": false

					}
				],
				"logic": "or"
			}

		},
		{
			"name": "if",
			"trigger": {
				"name": "player_current_gang",
				"value": "faction_mox"
			},
			"if_action": [{
					"name": "attitude_entity_against_entity",
					"tag": "moxgang7_KAB",
					"entity": "player",
					"attitude": "friendly"
				},
				{
					"name": "play_entity_voice",
					"tag": "moxgang7_KAB",
					"voice": "greeting"
				}
			],
			"else_action": [{
					"name": "attitude_entity_against_entity",
					"tag": "moxgang7_KAB",
					"entity": "player",
					"attitude": "passive"
				},
				{
					"name": "play_entity_voice",
					"tag": "moxgang7_KAB",
					"voice": "danger"
				}
			]
		}

	],


	
	"despawnaction": [


	],
	"location": {

		"x": -1200.075,
		"y": 1588.006,
		"z": 22.915,
		"radius": 15

	}




}