{
	"name": "tygergang3_JPT",
	"tag": "tygergang3_JPT",
	"triggers": {
		"auto": {
			"name": "time",
			"min": 100,
			"max": 700
		}
	},
	"requirement": [
		["auto"]
	],
	"tweakDB": "Character.lch_tyger_claws_grunt_medium_range_m_hard",
	"appeareance": "",
	"repeat_routine": true,
	"auto_despawn": true,
	"useBetaSpawn": false,

	"routineaction": [{
			"name": "move_entity_at_relative_position",
			"tag": "this",
			"x": 0,
			"y": 0,
			"z": 0,
			"move": "Stand",
			"helper": "This action will move an custom entity to XYZ from her relative position",
			"helperTitle": "Entity : Move to relative position"
		},
		{
			"name": "wait_second",
			"value": 15
	}
	],
	"spawnaction": [{
			"name": "wait_second",
			"value": 3
		},
		{
			"name": "if",
			"trigger": {
				"name": "check_gang_relation",
				"tag": "player",
				"target": "faction_tygerclaws",
				"mode": "gang",
				"operator": "=",
				"score": -10
			},
			"if_action": [{
				"name": "attitude_entity_against_entity",
				"tag": "tygergang3_JPT",
				"entity": "player",
				"attitude": "hostile"
			}],
			"else_action": [{
			}]
		}],
	"despawnaction": [
	],
	"location": {
		"x": -501.858,
		"y": 1285.642,
		"z": 48.524,
		"radius": 65
	}
}