{
	"name": "tygergang3_LCH2",
	"tag": "tygergang3_LCH2",
	"triggers": {
		"auto": {
			"name": "time",
			"min": 1500,
			"max": 1600,
			"helper": "This trigger will be triggered when time in game will be between min and max value (format HHMM)",
			"helperTitle": "UI : Time is between"
		}

	},
	"requirement": [
		["auto"]
	],
	"tweakDB": "Character.tyger_claws_gangster2_ranged2_shingen_wa",
	"appeareance": "",
	"repeat_routine": true,
	"auto_despawn": true,
	"useBetaSpawn": false,

	"routineaction": [{
			"name": "move_entity_at_relative_position",
			"tag": "this",
			"x": 0,
			"y": 0,
			"z": 0,
			"move": "Stand",
			"helper": "This action will move an custom entity to XYZ from her relative position",
			"helperTitle": "Entity : Move to relative position"
		},
		{
			"name": "wait_second",
			"value": 15

		}

	],
	"spawnaction": [{

			"name": "wait_second",
			"value": 3
		},
		{
			"name": "if",
			"trigger": {
				"name": "check_gang_relation",
				"tag": "player",
				"target": "faction_tygerclaws",
				"mode": "gang",
				"operator": "=",
				"score": -10
			},
			"if_action": [{
				"name": "attitude_entity_against_entity",
				"tag": "tygergang3_LCH2",
				"entity": "player",
				"attitude": "hostile"

			}],
			"else_action": [{

			}]


		}],
	"despawnaction": [


	],
	"location": {

		"x": -1278.663,
		"y": 1478.397,
		"z": 22.915,
		"radius": 45

	}




}