{
	"name": "0Valgang1w_GLE10",
	"tag": "Valgang1w_GLE10",
	"triggers": {
		"auto": {
			"name": "time",
			"min": 1000,
			"max": 1300
		}

	},
	"requirement": [
		["auto"]
	],
	"tweakDB": "Character.gle_valentinos_grunt1_ranged1_nova_wa",
	"appeareance": "",
	"repeat_routine": true,
	"auto_despawn": true,
	"useBetaSpawn": false,

	"routineaction": [{
			"name": "move_entity_at_relative_position",
			"tag": "Valgang1w_GLE10",
			"x": 0,
			"y": 20,
			"z": 0,
			"move": "Walk",
			"helper": "This action will move an custom entity to XYZ from her relative position",
			"helperTitle": "Entity : Move to relative position"
		},
		{
			"name": "wait_second",
			"value": 15

		}

	],
	"spawnaction": [


	],
	"despawnaction": [


	],
	"location": {

		"x": -1332.390,
		"y": -952.011,
		"z": 12.355,
		"radius": 50

	}




}