{
	"name": "106thstreetgang2_WEL",
	"tag": "106thstreetgang2_WEL",
	"triggers": {
		"auto": {
			"name": "auto"
		}

	},
	"requirement": [
		["auto"]
	],
	"tweakDB": "Character.mq008_6th_street_representative",
	"appeareance": "",
	"repeat_routine": true,
	"auto_despawn": true,
	"useBetaSpawn": false,

	"routineaction": [{
			"name": "move_entity_at_relative_position",
			"tag": "this",
			"x": 0,
			"y": 0,
			"z": 0,
			"move": "Stand",
			"helper": "This action will move an custom entity to XYZ from her relative position",
			"helperTitle": "Entity : Move to relative position"
		},
		{
			"name": "wait_second",
			"value": 10

		}

	],
	"spawnaction": [{

			"name": "look_at_entity_entity",
			"tag": "10Valgang2_WEL",
			"entity": "106thstreetgang2_WEL"

		}, {
			"name": "wait_second",
			"value": 1

		}, {
			"name": "attitude_entity_against_entity",
			"tag": "106thstreetgang2_WEL",
			"entity": "10Valgang2_WEL",
			"attitude": "hostile"
		}


	],
	"despawnaction": [


	],
	"location": {

		"x": -2253.686,
		"y": 365.159,
		"z": 8.164,
		"radius": 35

	}




}