{
	"name": "10Valgang2_RC15",
	"tag": "Valgang2_RC15",
	"triggers": {
		"auto": {
			"name": "time",
			"min": 1500,
			"max": 1800
		}

	},
	"requirement": [
		["auto"]
	],
	"tweakDB": "district",
	"locationtag": "district_santodomingo",
	"appeareance": "",
	"repeat_routine": true,
	"auto_despawn": true,
	"useBetaSpawn": false,

	"routineaction": [{
			"name": "move_entity_at_relative_position",
			"tag": "this",
			"x": 0,
			"y": 0,
			"z": 0,
			"move": "Stand",
			"helper": "This action will move an custom entity to XYZ from her relative position",
			"helperTitle": "Entity : Move to relative position"
		},
		{
			"name": "wait_second",
			"value": 15

		}

	],
	"spawnaction": [{

			"name": "look_at_entity_entity",
			"tag": "6thstreetgang2_RC15",
			"entity": "Valgang2_RC15"

		}, {
			"name": "wait_second",
			"value": 2

		}, {
			"name": "attitude_entity_against_entity",
			"tag": "Valgang2_RC15",
			"entity": "6thstreetgang2_RC15",
			"attitude": "passive"
		}


	],
	"despawnaction": [


	],
	"location": {

		"x": 367.855,
		"y": -890.977,
		"z": 24.544,
		"radius": 40

	}




}