{
	"name": "10Valgang1_WEL",
	"tag": "10Valgang1_WEL",
	"triggers": {
		"auto": {
			"name": "auto"
		}

	},
	"requirement": [
		["auto"]
	],
	"tweakDB": "Character.dtn_valentinos_machete_hmelee3_machete_mb_elite",
	"appeareance": "",
	"repeat_routine": true,
	"auto_despawn": true,
	"useBetaSpawn": false,

	"routineaction": [{
			"name": "move_entity_at_relative_position",
			"tag": "this",
			"x": 0,
			"y": 0,
			"z": 0,
			"move": "Stand",
			"helper": "This action will move an custom entity to XYZ from her relative position",
			"helperTitle": "Entity : Move to relative position"
		},
		{
			"name": "wait_second",
			"value": 15

		}

	],
	"spawnaction": [


	],
	"despawnaction": [


	],
	"location": {

		"x": -2266.411,
		"y": 374.221,
		"z": 11.203,
		"radius": 45

	}




}