{
	"name": "moxgang3_CHA2",
	"tag": "moxgang3_CHA2",
	"triggers": {
		"auto": {
			"name": "auto"
		}

	},
	"requirement": [
		["auto"]
	],
	"tweakDB": "Character.the_mox_elite3_fmelee3_mantis_wa_elite",
	"appeareance": "",
	"repeat_routine": true,
	"auto_despawn": false,
	"useBetaSpawn": false,

	"routineaction": [{
			"name": "move_entity_at_relative_position",
			"tag": "this",
			"x": 0,
			"y": 0,
			"z": 0,
			"move": "Stand",
			"helper": "This action will move an custom entity to XYZ from her relative position",
			"helperTitle": "Entity : Move to relative position"
		},
		{
			"name": "wait_second",
			"value": 15

		}

	],
	"spawnaction": [{
		
			"name": "wait_second",
			"value": 3
		},
		{
			"name": "if",
			"trigger": {
				"name": "check_gang_relation",
				"tag": "player",
				"target": "faction_mox",
				"mode": "gang",
				"operator": "=",
				"score": -10
			},
			"if_action": [{
				"name": "attitude_entity_against_entity",
				"tag": "moxgang3_CHA2",
				"entity": "player",
				"attitude": "hostile"

			}],
			"else_action": [{

			}]


	}],
	"despawnaction": [


	],
	"location": {

		"x": 14.920,
		"y": -37.328,
		"z": 14.830,
		"radius": 40

	}




}