{
	"name": "1Valgang11_HEY12",
	"tag": "Valgang11_HEY12",
	"triggers": {
		"auto": {
			"name": "time",
			"min": 1300,
			"max": 1600
		}

	},
	"requirement": [
		["auto"]
	],
	"tweakDB": "district",
	"locationtag": "district_heywood",
	"appeareance": "",
	"repeat_routine": true,
	"auto_despawn": true,
	"useBetaSpawn": false,

	"routineaction": [{
			"name": "move_entity_at_relative_position",
			"tag": "this",
			"x": 0,
			"y": 0,
			"z": 0,
			"move": "Stand",
			"helper": "This action will move an custom entity to XYZ from her relative position",
			"helperTitle": "Entity : Move to relative position"
		},
		{
			"name": "wait_second",
			"value": 8

		}

	],
	"spawnaction": [


	],
	"despawnaction": [


	],
	"location": {

		"x": -805.716,
		"y": -54.560,
		"z": 7.605,
		"radius": 40

	}




}