{
	"name": "VDBgang8_PAC1",
	"tag": "VDBgang8_PAC1",
	"triggers": {
		"auto": {
			"name": "auto"
		}

	},
	"requirement": [
		["auto"]
	],
	"tweakDB": "Character.q110_esc_voodooboys_netrunner3_netrunner3_quasar_wa_elite",
	"appeareance": "",
	"repeat_routine": true,
	"auto_despawn": true,
	"useBetaSpawn": false,

	"routineaction": [{
			"name": "move_entity_at_relative_position",
			"tag": "this",
			"x": 0,
			"y": 0,
			"z": 0,
			"move": "Stand",
			"helper": "This action will move an custom entity to XYZ from her relative position",
			"helperTitle": "Entity : Move to relative position"
		},
		{
			"name": "wait_second",
			"value": 15

		}

	],
	"spawnaction": [


	],
	"despawnaction": [


	],
	"location": {

		"x": -2290.578,
		"y": -2203.829,
		"z": 11.64,
		"radius": 40

	}




}