{
	"name": "VDBgang11_PAC1",
	"tag": "VDBgang11_PAC1",
	"triggers": {
		"auto": {
			"name": "auto"
		}

	},
	"requirement": [
		["auto"]
	],
	"tweakDB": "Character.q110_esc_voodooboys_grunt1_ranged2_saratoga_ma",
	"appeareance": "",
	"repeat_routine": true,
	"auto_despawn": true,
	"useBetaSpawn": false,

	"routineaction": [{
			"name": "move_entity_at_relative_position",
			"tag": "this",
			"x": 0,
			"y": 0,
			"z": 0,
			"move": "Stand",
			"helper": "This action will move an custom entity to XYZ from her relative position",
			"helperTitle": "Entity : Move to relative position"
		},
		{
			"name": "wait_second",
			"value": 15

		}

	],
	"spawnaction": [


	],
	"despawnaction": [


	],
	"location": {

		"x": -2228.665,
		"y": -2172.476,
		"z": 11.87,
		"radius": 80

	}




}