{
	"name": "2tygergang14_JPT10 ",
	"tag": "2tygergang14_JPT10 ",
	"triggers": {
		"auto": {
			"name": "time",
			"min": 1000,
			"max": 1300
		}

	},
	"requirement": [
		["auto"]
	],
	"tweakDB": "Character.hil_tyger_claws_grunt_medium_range_m_medium",
	"appeareance": "",
	"repeat_routine": true,
	"auto_despawn": true,
	"useBetaSpawn": false,

	"routineaction": [{
			"name": "move_entity_at_relative_position",
			"tag": "this",
			"x": 0,
			"y": 0,
			"z": 0,
			"move": "Stand",
			"helper": "This action will move an custom entity to XYZ from her relative position",
			"helperTitle": "Entity : Move to relative position"
		},
		{
			"name": "wait_second",
			"value": 15

		}

	],
		"spawnaction": [{
		
			"name": "wait_second",
			"value": 3
		},
		{
			"name": "if",
			"trigger": {
				"name": "check_gang_relation",
				"tag": "player",
				"target": "faction_tygerclaws",
				"mode": "gang",
				"operator": "=",
				"score": -10
			},
			"if_action": [{
				"name": "attitude_entity_against_entity",
				"tag": "2tygergang14_JPT10",
				"entity": "player",
				"attitude": "hostile"

			}],
			"else_action": [{

			}]


	}],
	"despawnaction": [


	],
	"location": {

		"x": -513.966,
		"y": 394.702,
		"z": 34.490,
		"radius": 35

	}


	

}