{
	"name": "VDBgang5_PAC2",
	"tag": "VDBgang5_PAC2",
	"triggers": {
		"auto": {
			"name": "auto"
		}

	},
	"requirement": [
		["auto"]
	],
	"tweakDB": "Character.q110_esc_voodooboys_netrunner3_netrunner3_quasar_wa_elite",
	"appeareance": "",
	"repeat_routine": true,
	"auto_despawn": true,
	"useBetaSpawn": false,

	"routineaction": [{
			"name": "move_entity_at_relative_position",
			"tag": "this",
			"x": 0,
			"y": 0,
			"z": 0,
			"move": "Stand",
			"helper": "This action will move an custom entity to XYZ from her relative position",
			"helperTitle": "Entity : Move to relative position"
		},
		{
			"name": "wait_second",
			"value": 15

		}

	],
	"spawnaction": [


	],
	"despawnaction": [


	],
	"location": {

		"x": -1966.641,
		"y": -2174.643,
		"z": 24.81,
		"radius": 70

	}




}