{
	"EnterX": -2905.3239746094,
	"posZ": 30.217636108398,
	"requirement": [
		["a"]
	],
	"Zrange": 300,
	"action": [],
	"range": 6500,
	"coef": 1,
	"trigger": {
		"a": {
			"helperTitle": "Auto",
			"name": "auto",
			"helper": "This trigger will be triggered without need anything (default)"
		}
	},
	"price": 7700000,
	"isbuyable": true,
	"tag": "NightCity",
	"isrentable": true,
	"rooms": [{
		"name": "V's 1st Apartment",
		"posX": -1382,
		"posY": 1271,
		"posZ": 123,
		"range": 5,
		"type": [0, 1, 2],
		"tag": "worldlife_v_apart_main",
		"trigger": {
			"auto": {
				"name": "auto"
			}
		},
		"requirement": [
			["auto"]
		],
		"action": []
	}, {
		"name": " V's Bedroom",
		"posX": -1377,
		"posY": 1275,
		"posZ": 123,
		"range": 1,
		"type": [2],
		"tag": "worldlife_v_apart_bedroom",
		"trigger": {
			"auto": {
				"name": "auto"
			}
		},
		"requirement": [
			["auto"]
		],
		"action": []
	}, {
		"name": "V's Bathroom",
		"posX": -1381,
		"posY": 1277,
		"posZ": 123,
		"range": 3,
		"type": [2],
		"tag": "worldlife_v_apart_bathroom",
		"trigger": {
			"auto": {
				"name": "auto"
			}
		},
		"requirement": [
			["auto"]
		],
		"action": []
	}, {
		"name": "V's Armory",
		"posX": -1382,
		"posY": 1264,
		"posZ": 123,
		"range": 2,
		"type": [2],
		"tag": "worldlife_v_apart_armory",
		"trigger": {
			"auto": {
				"name": "auto"
			}
		},
		"requirement": [
			["auto"]
		],
		"action": []
	}],
	"EnterY": -2727.0100097656,
	"rent": 500000,
	"posX": -1419.0040283203,
	"ExitX": -880.44567871094,
	"ExitY": 3629.1948242188,
	"posY": -85.142852783203,
	"type": 0,
	"EnterZ": 18.526153564453,
	"name": "Night City",
	"ExitZ": 13.344619750977
}