{
  "name": "Akulov Penthouse",
  "tag": "playerhouse01",
  "posX": -1200,
  "posY": 1415,
  "posZ": 109,
  "range": 30,
  "Zrange": 100,
  "EnterX": -1209,
  "EnterY": 1393,
  "EnterZ": 21,
  "ExitX": -1210,
  "ExitY": 1390,
  "ExitZ": 109,
  "isbuyable": true,
  "price": 150000,
  "isrentable": false,
  "rent": 50,
  "type": 0,
  "coef": 10,
  "rooms": [
    {
      "posX": -1190,
      "posY": 1418,
      "posZ": 113,
      "range": 4,
      "Zrange": 2,
      "name": "Bedroom",
      "tag": "playerhouse_bed",
      "type": [
        0
      ],
      "trigger": {
        "always_enable": {
          "name": "auto"
        }
      },
      "requirement": [
        [
          "always_enable"
        ]
      ],
      "action": []
    }
  ],
  "trigger": {
    "always_enable": {
      "name": "auto"
    }
  },
  "requirement": [
    [
      "always_enable"
    ]
  ],
  "action": []
}