{
    "name": "V's Apartement",
    "posX": -1382,
    "posY": 1271,
    "posZ": 123,
    "range": 9,
    "EnterX": 0,
    "EnterY": 0,
    "EnterZ": 0,
    "ExitX": 0,
    "ExitY": 0,
    "ExitZ": 0,
    "type": 0,
    "coef": 0,
    "tag": "worldlife_v_apart",
    "isbuyable": true,
    "price": 0,
    "isrentable": false,
    "rent": 0,
    "rooms": [{
            "name": "Main",
            "posX": -1382,
            "posY": 1271,
            "posZ": 123,
            "range": 5,
            "type": [0, 1, 2],
            "tag": "worldlife_v_apart_main",
            "trigger": {
                "auto": {
                    "name": "auto"
                }
            },
            "requirement": [["auto"]],
            "action": []
        }, {
            "name": "Bedroom",
            "posX": -1377,
            "posY": 1275,
            "posZ": 123,
            "range": 1,
            "type": [2],
            "tag": "worldlife_v_apart_bedroom",
            "trigger": {
                "auto": {
                    "name": "auto"
                }
            },
            "requirement": [["auto"]],
            "action": []
        }, {
            "name": "Bathroom",
            "posX": -1381,
            "posY": 1277,
            "posZ": 123,
            "range": 3,
            "type": [2],
            "tag": "worldlife_v_apart_bathroom",
            "trigger": {
                "auto": {
                    "name": "auto"
                }
            },
            "requirement": [["auto"]],
            "action": []
        }, {
            "name": "Armory",
            "posX": -1382,
            "posY": 1264,
            "posZ": 123,
            "range": 2,
            "type": [2],
            "tag": "worldlife_v_apart_armory",
            "trigger": {
                "auto": {
                    "name": "auto"
                }
            },
            "requirement": [["auto"]],
            "action": []
        }
    ],
    "trigger": {
        "auto": {
            "name": "auto"
        }
    },
    "requirement": [["auto"]],
    "action": []
}
