{
  "EnterX": 0,
  "posZ": 42.360015869141,
  "requirement": [ [ "auto" ] ],
  "rent": 0,
  "action": [],
  "range": 15,
  "coef": 0,
  "ExitZ": 0,
  "price": 0,
  "isbuyable": true,
  "tag": "judyhouse",
  "isrentable": true,
  "trigger": {
    "auto": {
      "helperTitle": "Auto",
      "name": "auto",
      "helper": "This trigger will be triggered without need anything (default)"
    }
  },
  "EnterY": 0,
  "EnterZ": 0,
  "posX": -903.64837646484,
  "ExitX": 0,
  "ExitY": 0,
  "posY": 1858.7916259766,
  "type": 0,
  "Zrange": 1,
  "name": "Judy's House",
  "rooms": [ {
    "posZ": 42.360015869141,
    "tag": "main",
    "tagprefix": "judyhouse_",
    "parent": "rooms",
    "name": "Main",
    "posX": -904.64825439453,
    "trigger": {
      "auto": {
        "helperTitle": "Auto",
        "name": "auto",
        "helper": "This trigger will be triggered without need anything (default)"
      }
    },
    "requirement": [ [ "auto" ] ],
    "posY": 1859.8586425781,
    "type": [ 0, 1, 2 ],
    "action": [],
    "range": 15,
    "Zrange": 1
  } ]
}