{
  "EnterX": -896.86108398438,
  "posZ": 66.099975585938,
  "requirement": [ [ "12" ] ],
  "Zrange": 4,
  "action": [],
  "range": 57,
  "coef": 1,
  "trigger": {
    "12": {
      "helperTitle": "Auto",
      "name": "auto",
      "helper": "This trigger will be triggered without need anything (default)"
    }
  },
  "price": 0,
  "isbuyable": false,
  "tag": "asdfsadasdfa",
  "isrentable": false,
  "rooms": [],
  "EnterY": -1678.4555664063,
  "rent": 0,
  "posX": -896.86108398438,
  "ExitX": -902.72991943359,
  "ExitY": -1640.5891113281,
  "posY": -1678.4555664063,
  "type": 0,
  "EnterZ": 66.099975585938,
  "name": "asdfsdfd",
  "ExitZ": 66.099975585938
}