{
	"EnterX": -1233.8078613281,
	"posZ": 41.240371704102,
	"requirement": [
		["aa"]
	],
	"Zrange": 20,
	"action": [{

		"name": "spawn_item",
		"tag": "item01",
		"path": "base\\gameplay\\devices\\lights\\indestructible\\arasaka_waterfront_double_neon.ent",
		"position": "relative_to_entity",
		"position_helper": "at||relative_to_entity||node||player_look_at||current_node||poi||mappin||fasttravel||current_fasttravel||custom_place||custom_room||current_custom_place||current_custom_room||current_custom_mappin",
		"position_tag": "player",
		"position_tag_helper": "judy01||playerhouse01||playerhouse_bed||",
		"position_way": "normal",
		"position_way_helper": "normal||behind||forward",
		"position_poi_district": "Watson",
		"position_poi_subdistrict": "",
		"position_poi_is_for_car": false,
		"position_poi_from_position": true,
		"position_poi_use_location_tag": false,
		"position_poi_range": 80,
		"position_poi_type": 300,
		"position_lookatdistance": 0,
		"position_distance": 5,
		"position_house_way": "default||enter||exit",
		"position_house_tag": "playerhouse01",
		"position_node_current_detection_range": 70,
		"position_node_usegameplay": false,
		"x": 0,
		"y": 0,
		"z": 0.1,
		"yaw": 0,
		"pitch": 0,
		"roll": 0,
		"amount": 1
	}],
	"range": 0,
	"coef": 0,
	"trigger": {
		"aa": {
			"helperTitle": "Auto",
			"name": "auto",
			"helper": "This trigger will be triggered without need anything (default)"
		}
	},
	"price": 0,
	"isbuyable": false,
	"tag": "spot",
	"isrentable": false,
	"rooms": [],
	"EnterY": 1566.4890136719,
	"rent": 0,
	"posX": -1233.8078613281,
	"ExitX": 0,
	"ExitY": 0,
	"posY": 1566.4890136719,
	"type": 0,
	"EnterZ": 41.240371704102,
	"name": "spot",
	"ExitZ": 0
}