{

	"Name":"Wraith",
	"Logo":"logo_wraiths",
	"Tag": "faction_wraith",
	"AttitudeGroup":["wraiths","wraiths_ow"],
	"Rivals":["faction_aldecaldos"],
	"SpawnableNPC":[
	
	"Character.wraiths_grunt2_ranged2_copperhead_wa",

	"Character.wraiths_prisoner_fmelee3_fists_ma_elite",

	"Character.wraiths_strongarms_hmelee3_fists_mb_elite",
	
	"Character.wraiths_ghost2_sniper2_achilles_ma_rare", 
	
	"Character.wraiths_grunt1_melee1_ironpipe_ma", 
	
	"Character.wraiths_grunt2_ranged2_copperhead_ma",
	
	"Character.wraiths_grunt2_melee2_crowbar_wa"
	
	],
	"SpawnableVehicule":[
	
	
	"Vehicle.v_sport2_quadra_type66_nomad_wraith",
	
	"Vehicle.v_sport2_mizutani_shion_nomad_wraith",
	
	"Vehicle.v_standard2_archer_quartz_nomad_wraith",
	
	"Vehicle.v_standard2_thorton_galena_nomad_wraith",
	
	"Vehicle.v_sportbike3_brennan_apollo_scorpion",
	
	"Vehicle.v_sportbike3_brennan_apollo_nomad"
	
	],
	"DistrictTag":"district_badland",
	"VIP":[
		
		{
			"name":"Santiago",
			"score":0
		
		},
		{
			"name":"Carol",
			"score":20
		
		}
		
		
		]
}