{
	"Name": "Arasaka",
	"Logo": "logo_arasaka",
	"Tag": "faction_arasaka",
	"AttitudeGroup": [
	    "arasaka",
		"arasaka_ow",
		"q203_arasaka",
		 "q108_arasaka",
		"de_wbr_hil_06_arasaka"
	],
	"Rivals": [
		"faction_maelstrom",
		"faction_kangtao",
		"faction_militech",
		"faction_afterlife"
	],
	"SpawnableNPC": [
		"Character.arasaka_bodyguard_ranged3_masamune_mb_rare",
		"Character.arasaka_cyborg_franged3_shingen_ma_elite",
		"Character.arasaka_ninja_fmelee3_mantis_wa_elite",
		"Character.nok_arasaka_strong_elite_medium_range_m_hard"
	],
	"SpawnableVehicule": [
		"Vehicle.q108_arasaka_car",
		"Vehicle.cs_savable_villefort_columbus_arasaka",
		"Vehicle.v_standard2_villefort_cortes_arasaka",
		"Vehicle.v_sportbike1_yaiba_kusanagi"
		
	],
	"DistrictTag": "district_downtown",
	"VIP": [{
			"name": "Arthur Jenkins",
			"score": 5
		},
		{
			"name": "Carter Smith",
			"score": 5
		},
		{	
			"name": "Female Netrunner",
			"score": 15
		},
		{
			"name": "Asa Risu (Technician)",
			"score": 20
		},
		{
			"name": "Kaoru",
			"score": 20
		}, {
			"name": "Oda",
			"score": 30
		}, {
			"name": "Prof. Sachiko Kusama",
			"score": 30
		}, {
			"name": "Susan Abernathy",
			"score": 40
		}, {
			"name": "Yorinobu",
			"score": 90
		}
	]
}