{

	"Name": "Animals",
	"Logo": "logo_animals",
	"Tag": "faction_animals",
	"AttitudeGroup": [

		"animals",
		"animals_ow",
		"animals_e3"

	],
	"Rivals": ["faction_voodooboys"],
	"SpawnableNPC": [

		"Character.q110_mall_animals_bouncer3_hmelee3_fists_mba_elite",
		"Character.q110_mall_animals_grunt1_ranged1_nova_mb",
		"Character.animals_elite3_hmelee3_fists_mba_elite",
		"Character.animals_bouncer2_melee2_fists_mb",
		"Character.animals_elite3_hmelee3_fists_mba_elite",
		"Character.animals_bouncer1_melee1_fists_mb",
		"Character.animals_bouncer1_ranged1_kenshin_mb"

	],
	"SpawnableVehicule": [

		"Vehicle.v_standard2_chevalier_thrax_quest",

		"Vehicle.v_sportbike1_yaiba_kusanagi_animal",
		"Vehicle.v_standard25_villefort_columbus_quest"

	],
	"DistrictTag": "district_pacifica",
	"VIP": [

		{
			"name": "Rhino",
			"score": 0
		}, {
			"name": "Raptor",
			"score": 5
		}, {
			"name": "Razor Hugh",
			"score": 5
		}, {
			"name": "Mauler",
			"score": 10
		}, {
		
			"name": "Denzel Cryer",
			"score": 20
		
			

		}


	]
}