{

    "Name": "NCPD",
    "Logo": "ico_district_center_large",
    "Tag": "faction_ncpd",
    "AttitudeGroup": ["ncpd", "police", "policeHostile"],
	"DistrictTag":"district_watson",
    "Rivals": [
        "faction_aldecaldos",
        "faction_animals",
        "faction_maelstrom",
        "faction_mox",
        "faction_scavengers",
        "faction_sixthstreet",
        "faction_tygerclaws",
        "faction_valentinos",
        "faction_voodooboys",
        "faction_wraith"
    ],
    "SpawnableNPC": [
        "Character.Police",
		"Character.PoliceWoman", 
		"Character.Policeman", 
		"Character.PolicemanBig",
		"Character.arr_ncpd_police_melee2_baton_ma", 
		"Character.arr_ncpd_police_ranged2_copperhead_ma", 
		"Character.arr_ncpd_police_ranged2_lexington_ma", 
		"Character.arr_ncpd_police_ranged2_saratoga_ma", 
		"Character.cpz_ncpd_police_melee2_baton_ma", 
		"Character.cpz_ncpd_police_ranged2_copperhead_ma", 
		"Character.cpz_ncpd_police_ranged2_lexington_ma", 
		"Character.cpz_ncpd_police_ranged2_saratoga_ma", 
		"Character.cvi_ncpd_police_ranged2_copperhead_ma", 
		"Character.cvi_ncpd_police_ranged2_lexington_ma", 
		"Character.cvi_ncpd_police_ranged2_saratoga_ma", 
		"Character.dtn_ncpd_police_ranged2_copperhead_ma", 
		"Character.dtn_ncpd_police_ranged2_lexington_ma", 
		"Character.dtn_ncpd_police_ranged2_saratoga_ma", 
		"Character.gle_ncpd_police_ranged2_copperhead_ma", 
		"Character.gle_ncpd_police_ranged2_copperhead_wa", 
		"Character.gle_ncpd_police_ranged2_lexington_ma", 
		"Character.gle_ncpd_police_ranged2_saratoga_ma", 
		"Character.hil_ncpd_police_ranged2_copperhead_ma", 
		"Character.hil_ncpd_police_ranged2_lexington_ma", 
		"Character.hil_ncpd_police_ranged2_saratoga_ma", 
		"Character.jpn_ncpd_police_melee2_baton_ma", 
		"Character.jpn_ncpd_police_melee2_baton_wa", 
		"Character.jpn_ncpd_police_ranged2_copperhead_ma", 
		"Character.jpn_ncpd_police_ranged2_lexington_ma", 
		"Character.jpn_ncpd_police_ranged2_lexington_wa", 
		"Character.jpn_ncpd_police_ranged2_saratoga_ma", 
		"Character.kab_ncpd_fake_police_ma", 
		"Character.kab_ncpd_police_melee2_baton_wa", 
		"Character.kab_ncpd_police_ranged2_copperhead_ma", 
		"Character.kab_ncpd_police_ranged2_lexington_ma", 
		"Character.kab_ncpd_police_ranged2_saratoga_ma", 
		"Character.lch_ncpd_police_melee2_baton_ma", 
		"Character.lch_ncpd_police_melee2_baton_wa", 
		"Character.lch_ncpd_police_ranged2_copperhead_ma", 
		"Character.lch_ncpd_police_ranged2_lexington_ma", 
		"Character.lch_ncpd_police_ranged2_lexington_wa", 
		"Character.lch_ncpd_police_ranged2_saratoga_ma", 
		"Character.lch_ncpd_police_ranged2_saratoga_wa", 
		"Character.ma_wat_lch_07_police_man", 
		"Character.mq005_police_officer_01", 
		"Character.mq005_police_officer_02", 
		"Character.mq005_police_officer_03", 
		"Character.mq010_policeman", 
		"Character.mq010_policewoman", 
		"Character.ncpd_police_melee2_baton_ma", 
		"Character.ncpd_police_melee2_baton_wa", 
		"Character.ncpd_police_ranged2_copperhead_ma", 
		"Character.ncpd_police_ranged2_copperhead_wa", 
		"Character.ncpd_police_ranged2_lexington_ma", 
		"Character.ncpd_police_ranged2_lexington_wa", 
		"Character.ncpd_police_ranged2_saratoga_ma", 
		"Character.ncpd_police_ranged2_saratoga_wa", 
		"Character.nid_ncpd_police_melee2_baton_ma", 
		"Character.nid_ncpd_police_ranged2_copperhead_ma", 
		"Character.nid_ncpd_police_ranged2_copperhead_wa", 
		"Character.nid_ncpd_police_ranged2_lexington_ma", 
		"Character.nid_ncpd_police_ranged2_saratoga_ma", 
		"Character.nok_ncpd_police_ranged2_copperhead_ma", 
		"Character.nok_ncpd_police_ranged2_lexington_ma", 
		"Character.nok_ncpd_police_ranged2_saratoga_ma", 
		"Character.policeman_TESTONLY", 
		"Character.q001_holo_police_officer", 
		"Character.q001_policeman_blockade", 
		"Character.q001_policewoman_blockade", 
		"Character.rcr_ncpd_police_ranged2_copperhead_ma", 
		"Character.rcr_ncpd_police_ranged2_lexington_ma", 
		"Character.rcr_ncpd_police_ranged2_saratoga_ma", 
		"Character.rey_ncpd_police_ranged2_copperhead_ma", 
		"Character.rey_ncpd_police_ranged2_lexington_ma", 
		"Character.rey_ncpd_police_ranged2_lexington_wa", 
		"Character.rey_ncpd_police_ranged2_saratoga_ma", 
		"Character.spr_ncpd_police_melee2_baton_ma", 
		"Character.spr_ncpd_police_ranged2_copperhead_ma", 
		"Character.spr_ncpd_police_ranged2_lexington_ma", 
		"Character.spr_ncpd_police_ranged2_saratoga_ma", 
		"Character.spr_ncpd_police_ranged2_saratoga_wa", 
		"Character.sq017_chase_policeman", 
		"Character.sq021_policeman", 
		"Character.sq021_policewoman", 
		"Character.sq023_policeman", 
		"Character.sq023_policeman_road_block", 
		"Character.sq023_policewoman", 
		"Character.sq023_policewoman_road_block", 
		"Character.wwd_ncpd_police_ranged2_lexington_ma", 
		"Character.wwd_ncpd_police_ranged2_saratoga_ma]"
	],
	"SpawnableVehicule":[
		"Vehicle.cs_savable_archer_hella_police_siren ",
		"Vehicle.cs_savable_chevalier_emperor_police_siren ",
		"Vehicle.cs_savable_villefort_cortes_police ",
		"Vehicle.cs_savable_villefort_cortes_police_siren ",
		"Vehicle.mq005_police_car ",
		"Vehicle.q000_kid_police_car ",
		"Vehicle.q000_kid_police_car_lights ",
		"Vehicle.q000_kid_police_car_lights_02 ",
		"Vehicle.q000_nomad_v_standard2_villefort_cortes_police ",
		"Vehicle.q001_barricade_police_cars ",
		"Vehicle.sq021_farm_police_1 ",
		"Vehicle.sq021_farm_police_2 ",
		"Vehicle.v_007_interceptor_police ",
		"Vehicle.v_standard2_archer_hella_police ",
		"Vehicle.v_standard2_archer_hella_police_siren ",
		"Vehicle.v_standard2_villefort_cortes_police ",
		"Vehicle.v_standard2_villefort_cortes_police_border_patrol ",
		"Vehicle.v_standard2_villefort_cortes_police_sheriff ",
		"Vehicle.v_standard2_villefort_cortes_police_siren ",
		"Vehicle.v_standard3_chevalier_emperor_police ",
		"Vehicle.v_standard3_chevalier_emperor_police_siren "
	],
	"VIP":[
		
	{
		
			
			"name": "Jefferson Peralez",
			"score": 20
			
			
		
			
		
		
		}
		
		]
        
        }
